# .PCD v0.7 - Point Cloud Data file format
VERSION 0.7
FIELDS x y z
SIZE 4 4 4
TYPE F F F
COUNT 1 1 1
WIDTH 3529
HEIGHT 1
VIEWPOINT 0 0 0 1 0 0 0
POINTS 3529
DATA ascii
0.037124999 -0.174375 0.44312501
0.034875002 -0.17462499 0.44387501
0.036125001 -0.17462499 0.44387501
0.036125001 -0.17462499 0.444875
0.036125001 -0.17487501 0.446125
0.036125001 -0.17487501 0.44687501
0.037124999 -0.17462499 0.44387501
0.037875 -0.17462499 0.44387501
0.037124999 -0.17462499 0.444875
0.037875 -0.17487501 0.444875
0.037124999 -0.17487501 0.446125
0.037875 -0.17487501 0.446125
0.037124999 -0.17487501 0.44687501
0.037875 -0.175125 0.44687501
0.037124999 -0.174375 0.44187501
0.037875 -0.174375 0.44187501
0.037875 -0.17462499 0.44312501
0.034125 -0.157125 0.465875
0.034625001 -0.157125 0.46612501
0.034125 -0.155875 0.465875
0.034875002 -0.154875 0.46612501
0.034625001 -0.155875 0.46612501
0.034125 -0.154875 0.465875
0.034125 -0.15387499 0.465875
0.034875002 -0.15387499 0.465875
0.036125001 -0.157125 0.465875
0.034125 -0.159125 0.465875
0.034875002 -0.157875 0.465875
0.037124999 -0.157125 0.465875
0.036125001 -0.15387499 0.465875
0.035875 -0.15612499 0.465875
0.035875 -0.154875 0.465875
0.037124999 -0.154875 0.465875
0.037124999 -0.15387499 0.465875
0.037124999 -0.155875 0.465875
0.037875 -0.154875 0.46562499
0.037875 -0.15387499 0.46562499
0.037875 -0.155875 0.465875
0.033875 -0.174125 0.455125
0.034125 -0.174375 0.45387501
0.032875001 -0.17362501 0.455125
0.034125 -0.17462499 0.453125
0.032125 -0.16187499 0.46512499
0.032875001 -0.16187499 0.46537501
0.034125 -0.16187499 0.46562499
0.032875001 -0.161125 0.46562499
0.034125 -0.161125 0.46562499
0.034875002 -0.16187499 0.465875
0.034875002 -0.161125 0.465875
0.034125 -0.15987501 0.465875
0.032875001 -0.164125 0.46487501
0.032125 -0.16312499 0.464625
0.032875001 -0.165125 0.464625
0.032125 -0.163875 0.464625
0.032125 -0.165875 0.46362501
0.032625001 -0.166125 0.46412501
0.031125 -0.165125 0.463875
0.031874999 -0.16537499 0.46412501
0.034125 -0.166875 0.463875
0.032125 -0.167125 0.46287501
0.032875001 -0.166875 0.46362501
0.034875002 -0.167125 0.46412501
0.034125 -0.165875 0.464625
0.032125 -0.16887499 0.46162501
0.032625001 -0.16912501 0.462125
0.032125 -0.168125 0.46237499
0.033875 -0.16537499 0.46487501
0.034125 -0.163875 0.46537501
0.032875001 -0.16312499 0.46537501
0.034125 -0.16312499 0.46562499
0.034875002 -0.16312499 0.46562499
0.032125 -0.17012499 0.460875
0.034125 -0.171625 0.460125
0.034125 -0.170875 0.46062499
0.032875001 -0.168125 0.462625
0.034125 -0.16887499 0.462625
0.034125 -0.168375 0.46287501
0.032875001 -0.170375 0.46112499
0.034625001 -0.17112499 0.460875
0.034125 -0.169875 0.46162501
0.036125001 -0.16912501 0.46287501
0.034875002 -0.17012499 0.46187499
0.036125001 -0.17012499 0.462125
0.036125001 -0.17112499 0.46112499
0.037124999 -0.17112499 0.46112499
0.037124999 -0.16912501 0.46287501
0.036874998 -0.170375 0.462125
0.036125001 -0.165875 0.46487501
0.037124999 -0.165875 0.46487501
0.036125001 -0.165125 0.46537501
0.037124999 -0.165125 0.46537501
0.036125001 -0.166875 0.46437499
0.034875002 -0.165875 0.46487501
0.034875002 -0.165125 0.46512499
0.034875002 -0.163875 0.46537501
0.036125001 -0.163875 0.46562499
0.036125001 -0.16312499 0.46562499
0.036125001 -0.16187499 0.465875
0.037625 -0.165875 0.46487501
0.037875 -0.165125 0.46537501
0.037124999 -0.168125 0.463875
0.037124999 -0.166875 0.464625
0.037875 -0.168125 0.463875
0.037875 -0.166875 0.464625
0.034875002 -0.16887499 0.462625
0.034875002 -0.168125 0.46362501
0.036125001 -0.168125 0.463875
0.036125001 -0.161125 0.465875
0.034875002 -0.15987501 0.465875
0.036125001 -0.15987501 0.465875
0.034875002 -0.159125 0.465875
0.036125001 -0.159125 0.465875
0.037124999 -0.159125 0.465875
0.036125001 -0.157875 0.465875
0.037124999 -0.157875 0.465875
0.037124999 -0.15987501 0.465875
0.037875 -0.15987501 0.465875
0.037875 -0.159125 0.465875
0.037875 -0.157875 0.465875
0.037875 -0.157125 0.465875
0.037875 -0.16187499 0.46562499
0.037124999 -0.161125 0.465875
0.037875 -0.161125 0.465875
0.037124999 -0.163875 0.46562499
0.037124999 -0.16312499 0.46562499
0.037875 -0.16312499 0.46562499
0.037124999 -0.16187499 0.465875
0.037875 -0.163875 0.46537501
0.037875 -0.16912501 0.46287501
0.037875 -0.17112499 0.46112499
0.037875 -0.17012499 0.462125
0.034875002 -0.172125 0.45987499
0.034125 -0.173125 0.45712501
0.034125 -0.17262501 0.457625
0.034125 -0.172125 0.45912501
0.034875002 -0.17262501 0.45912501
0.034875002 -0.173375 0.45712501
0.034875002 -0.172875 0.45787501
0.036125001 -0.173125 0.45787501
0.036125001 -0.172125 0.460125
0.036125001 -0.174125 0.45587501
0.034875002 -0.174125 0.455625
0.036125001 -0.17362501 0.45712501
0.034875002 -0.174125 0.455125
0.034125 -0.17362501 0.45587501
0.036874998 -0.175125 0.45287499
0.036125001 -0.17487501 0.453125
0.034875002 -0.17462499 0.45387501
0.036125001 -0.17462499 0.45387501
0.034125 -0.17462499 0.448125
0.032875001 -0.174375 0.45012501
0.034125 -0.17462499 0.44887501
0.034125 -0.17462499 0.45012501
0.034125 -0.17462499 0.45087501
0.034125 -0.17462499 0.451875
0.034875002 -0.17487501 0.45012501
0.035875 -0.175125 0.45012501
0.034875002 -0.17487501 0.45087501
0.035875 -0.175125 0.45087501
0.037124999 -0.175375 0.45087501
0.034875002 -0.17487501 0.451875
0.035875 -0.175125 0.451875
0.037124999 -0.175125 0.451875
0.034875002 -0.17487501 0.453125
0.035875 -0.175125 0.44887501
0.034875002 -0.17462499 0.448125
0.036125001 -0.17487501 0.448125
0.034875002 -0.17487501 0.44887501
0.037124999 -0.175125 0.44887501
0.037124999 -0.175375 0.45012501
0.037124999 -0.175125 0.448125
0.037875 -0.175125 0.448125
0.037875 -0.175375 0.44887501
0.037875 -0.175375 0.45012501
0.036874998 -0.173125 0.45787501
0.036125001 -0.17262501 0.45912501
0.037124999 -0.17262501 0.45912501
0.037124999 -0.172125 0.460125
0.037875 -0.174125 0.45587501
0.037875 -0.17362501 0.45712501
0.037124999 -0.174125 0.45587501
0.037124999 -0.17362501 0.45712501
0.037124999 -0.17462499 0.45387501
0.036125001 -0.174375 0.455125
0.037124999 -0.174375 0.455125
0.037875 -0.174375 0.455125
0.037875 -0.175125 0.453125
0.037875 -0.17462499 0.45387501
0.037875 -0.173125 0.45787501
0.037875 -0.17262501 0.45912501
0.037875 -0.172125 0.460125
0.037875 -0.175375 0.45087501
0.037875 -0.175125 0.451875
0.034125 -0.149875 0.46737501
0.034125 -0.150875 0.46687499
0.034125 -0.153125 0.46612501
0.034875002 -0.153125 0.46612501
0.034125 -0.152125 0.46637499
0.034875002 -0.152125 0.46637499
0.036125001 -0.150125 0.467125
0.034875002 -0.150125 0.467125
0.034875002 -0.14912499 0.46762499
0.036125001 -0.14912499 0.46762499
0.036874998 -0.14812499 0.46762499
0.036125001 -0.14812499 0.467875
0.034125 -0.14812499 0.468375
0.034875002 -0.148375 0.467875
0.037875 -0.14687499 0.468375
0.037124999 -0.149875 0.46687499
0.036125001 -0.150875 0.46637499
0.037124999 -0.151125 0.46612501
0.036125001 -0.153125 0.465875
0.037124999 -0.153125 0.465875
0.037875 -0.153125 0.46562499
0.036125001 -0.152125 0.46612501
0.036874998 -0.152125 0.465875
0.037875 -0.152125 0.46562499
0.037875 -0.150875 0.465875
0.037124999 -0.14237501 0.47062501
0.037875 -0.144125 0.46987501
0.037875 -0.143125 0.46987501
0.037875 -0.14237501 0.470375
0.037875 -0.14112499 0.47087499
0.037875 -0.138125 0.47187501
0.037124999 -0.136125 0.47312501
0.037875 -0.13887499 0.471625
0.037124999 -0.137125 0.47262499
0.037875 -0.137125 0.47262499
0.037875 -0.135875 0.472875
0.037875 -0.14012501 0.47112501
0.037124999 -0.146125 0.469125
0.037875 -0.14587501 0.46887499
0.037875 -0.145125 0.46937501
0.037124999 -0.14912499 0.46737501
0.037875 -0.14937501 0.467125
0.037875 -0.14812499 0.467875
0.037875 -0.149875 0.46662501
0.039124999 -0.17487501 0.444875
0.039124999 -0.175125 0.44587499
0.039124999 -0.175125 0.44687501
0.039875001 -0.175125 0.44587499
0.039875001 -0.175125 0.44687501
0.041125 -0.17487501 0.44687501
0.041125 -0.17487501 0.446125
0.041875001 -0.17462499 0.446125
0.043125 -0.174375 0.446125
0.041875001 -0.17462499 0.44687501
0.043125 -0.174375 0.44687501
0.044124998 -0.174125 0.44587499
0.044875 -0.173875 0.446125
0.046124998 -0.173375 0.446125
0.044124998 -0.174125 0.44687501
0.044624999 -0.174125 0.44687501
0.046124998 -0.17362501 0.44687501
0.046875 -0.173125 0.44687501
0.047874998 -0.172875 0.44587499
0.048625 -0.17262501 0.446125
0.048124999 -0.173125 0.44662499
0.048875 -0.172875 0.44687501
0.050124999 -0.17262501 0.444875
0.050124999 -0.17262501 0.446125
0.050124999 -0.17262501 0.44687501
0.050875001 -0.172125 0.444875
0.051624998 -0.172125 0.44587499
0.053125001 -0.171625 0.44687501
0.051874999 -0.172125 0.44687501
0.051125001 -0.172125 0.446125
0.051125001 -0.17262501 0.44687501
0.053125001 -0.171625 0.446125
0.053624999 -0.17137501 0.446125
0.053624999 -0.17137501 0.44687501
0.055125002 -0.17112499 0.44687501
0.054875001 -0.170875 0.446125
0.055624999 -0.17112499 0.44687501
0.057624999 -0.17012499 0.444875
0.056875002 -0.170375 0.444875
0.055875 -0.170625 0.446125
0.056875002 -0.170375 0.446125
0.057875 -0.17012499 0.44587499
0.056875002 -0.170625 0.44687501
0.057875 -0.17012499 0.44687501
0.058625001 -0.17012499 0.44687501
0.058874998 -0.169875 0.446125
0.060125001 -0.169625 0.446125
0.060125001 -0.169625 0.44687501
0.060874999 -0.169375 0.44687501
0.060625002 -0.16912501 0.444875
0.060874999 -0.168625 0.44312501
0.060125001 -0.16912501 0.44387501
0.060874999 -0.16887499 0.44387501
0.058874998 -0.169625 0.444875
0.060125001 -0.169375 0.444875
0.060874999 -0.16912501 0.446125
0.077624999 -0.15387499 0.44312501
0.077624999 -0.15387499 0.44387501
0.077375002 -0.15387499 0.446125
0.077624999 -0.154875 0.44687501
0.077375002 -0.15387499 0.44687501
0.077875003 -0.15512501 0.44387501
0.077875003 -0.15512501 0.444875
0.077624999 -0.15387499 0.444875
0.078125 -0.155875 0.44312501
0.077875003 -0.15512501 0.44312501
0.077875003 -0.154875 0.446125
0.078125 -0.155875 0.446125
0.078125 -0.155875 0.44387501
0.050875001 -0.172125 0.44312501
0.051624998 -0.171625 0.44312501
0.051624998 -0.171625 0.44387501
0.053125001 -0.17137501 0.44312501
0.053125001 -0.17137501 0.44387501
0.051624998 -0.171625 0.444875
0.053125001 -0.17137501 0.444875
0.050875001 -0.172125 0.44187501
0.051874999 -0.171875 0.44187501
0.053125001 -0.171625 0.44187501
0.053874999 -0.17112499 0.44312501
0.054875001 -0.17112499 0.44312501
0.053874999 -0.17112499 0.44387501
0.053624999 -0.17137501 0.444875
0.054875001 -0.170875 0.44387501
0.054875001 -0.170875 0.444875
0.053624999 -0.17137501 0.44187501
0.054875001 -0.17112499 0.44187501
0.055875 -0.170625 0.44187501
0.055875 -0.170625 0.44312501
0.055875 -0.170625 0.44387501
0.056875002 -0.170375 0.44387501
0.055875 -0.170625 0.444875
0.056875002 -0.170375 0.44187501
0.056875002 -0.170375 0.44312501
0.057875 -0.17012499 0.44187501
0.057875 -0.17012499 0.44312501
0.057875 -0.17012499 0.44387501
0.058874998 -0.169375 0.44187501
0.060125001 -0.16912501 0.44312501
0.058874998 -0.169375 0.44312501
0.058874998 -0.169625 0.44387501
0.060125001 -0.16912501 0.44187501
0.060625002 -0.16887499 0.441625
0.062125001 -0.168625 0.44187501
0.062875003 -0.168125 0.44187501
0.062125001 -0.168625 0.44312501
0.062125001 -0.168625 0.44387501
0.062125001 -0.168625 0.444875
0.061875001 -0.16887499 0.44587499
0.063874997 -0.168125 0.44387501
0.064125001 -0.168125 0.44462499
0.062125001 -0.16912501 0.44662499
0.062875003 -0.168125 0.44312501
0.062875003 -0.168625 0.44387501
0.062875003 -0.168625 0.444875
0.062875003 -0.168625 0.446125
0.064125001 -0.168125 0.446125
0.064625002 -0.168125 0.44587499
0.062875003 -0.168625 0.44687501
0.064125001 -0.16787501 0.44312501
0.064874999 -0.167625 0.444875
0.063874997 -0.168125 0.44187501
0.064874999 -0.167625 0.44187501
0.065875001 -0.167125 0.44387501
0.065875001 -0.167375 0.444875
0.066875003 -0.166875 0.444875
0.065875001 -0.167375 0.446125
0.065875001 -0.167125 0.442875
0.064874999 -0.167375 0.44312501
0.064874999 -0.167625 0.44387501
0.067125 -0.166125 0.44312501
0.067874998 -0.165875 0.44387501
0.067874998 -0.16562501 0.44312501
0.066875003 -0.16662499 0.44387501
0.065875001 -0.166875 0.44187501
0.067125 -0.166125 0.44187501
0.067874998 -0.16537499 0.44187501
0.068875 -0.165125 0.44187501
0.069124997 -0.165125 0.442875
0.069875002 -0.164625 0.44312501
0.071125001 -0.163625 0.44187501
0.071125001 -0.164125 0.442875
0.070124999 -0.16437501 0.44187501
0.076125003 -0.160375 0.441625
0.074874997 -0.161125 0.44187501
0.072875001 -0.162625 0.44187501
0.073875003 -0.16187499 0.44187501
0.078125 -0.157125 0.441625
0.077624999 -0.15387499 0.44187501
0.074874997 -0.16212501 0.442875
0.074124999 -0.162875 0.44312501
0.076125003 -0.16187499 0.44312501
0.076125003 -0.161125 0.44262499
0.076875001 -0.159125 0.441625
0.078125 -0.155875 0.44187501
0.078125 -0.157875 0.44187501
0.078125 -0.15512501 0.44187501
0.039124999 -0.174125 0.44187501
0.039875001 -0.174125 0.44187501
0.041125 -0.174125 0.44187501
0.039124999 -0.174375 0.44312501
0.039875001 -0.174375 0.44312501
0.039124999 -0.17462499 0.44387501
0.039875001 -0.17462499 0.44387501
0.041875001 -0.174125 0.44312501
0.042874999 -0.174125 0.44387501
0.041125 -0.174125 0.44312501
0.041125 -0.174375 0.44387501
0.041875001 -0.174125 0.44387501
0.039875001 -0.17487501 0.444875
0.041125 -0.17462499 0.444875
0.041875001 -0.174375 0.444875
0.043125 -0.174125 0.444875
0.064874999 -0.168125 0.44687501
0.064125001 -0.168625 0.44687501
0.065875001 -0.167625 0.44687501
0.067125 -0.167125 0.44687501
0.067625001 -0.166875 0.44687501
0.068875 -0.166375 0.44687501
0.069875002 -0.166125 0.44662499
0.066875003 -0.167125 0.44587499
0.067874998 -0.16662499 0.446125
0.071125001 -0.165875 0.44687501
0.071874999 -0.16562501 0.44687501
0.072875001 -0.16537499 0.44687501
0.073875003 -0.165125 0.44687501
0.074874997 -0.164625 0.44687501
0.076875001 -0.163875 0.44687501
0.076125003 -0.164125 0.44687501
0.078625001 -0.160125 0.44587499
0.078874998 -0.161125 0.44687501
0.078625001 -0.15987501 0.44687501
0.079125002 -0.161125 0.446125
0.078125 -0.16337501 0.44587499
0.078874998 -0.16212501 0.44587499
0.077875003 -0.15612499 0.44687501
0.078374997 -0.157875 0.44687501
0.078125 -0.157125 0.44687501
0.078374997 -0.157125 0.44312501
0.078374997 -0.157125 0.44387501
0.078374997 -0.157875 0.444875
0.078374997 -0.157125 0.444875
0.078125 -0.155875 0.444875
0.078374997 -0.157875 0.446125
0.078125 -0.157125 0.446125
0.078625001 -0.157875 0.44387501
0.078625001 -0.159125 0.444875
0.078625001 -0.159125 0.446125
0.078374997 -0.159125 0.44687501
0.078125 -0.163625 0.44687501
0.078625001 -0.16312499 0.44687501
0.079125002 -0.16187499 0.44687501
0.068875 -0.16537499 0.44387501
0.067874998 -0.166125 0.444875
0.068875 -0.165875 0.444875
0.069124997 -0.166125 0.44587499
0.069875002 -0.165125 0.44387501
0.069875002 -0.16537499 0.444875
0.069875002 -0.165875 0.446125
0.071874999 -0.16312499 0.44187501
0.071874999 -0.163625 0.44312501
0.072875001 -0.16312499 0.442875
0.071125001 -0.164625 0.44387501
0.071125001 -0.165125 0.444875
0.071874999 -0.164875 0.444875
0.071125001 -0.16537499 0.446125
0.071874999 -0.165125 0.44587499
0.072624996 -0.165125 0.446125
0.074124999 -0.164625 0.446125
0.074874997 -0.164625 0.446125
0.071874999 -0.164125 0.443625
0.072624996 -0.164125 0.44387501
0.074124999 -0.16337501 0.44387501
0.074874997 -0.16312499 0.44387501
0.074124999 -0.164125 0.444875
0.072875001 -0.164625 0.444875
0.074874997 -0.163875 0.44512501
0.076125003 -0.16337501 0.444875
0.076125003 -0.162875 0.444125
0.076875001 -0.15987501 0.44187501
0.076875001 -0.161125 0.442875
0.078125 -0.160125 0.442875
0.076875001 -0.16212501 0.44387501
0.078125 -0.161125 0.44337499
0.077875003 -0.159125 0.44187501
0.078125 -0.16187499 0.444125
0.075874999 -0.163875 0.44587499
0.076875001 -0.16312499 0.44462499
0.076875001 -0.163625 0.446125
0.078125 -0.162625 0.444875
0.078625001 -0.161125 0.44387501
0.078874998 -0.161125 0.444875
0.078874998 -0.15987501 0.444875
0.078874998 -0.15987501 0.44387501
0.078625001 -0.16187499 0.444875
0.078874998 -0.159125 0.44387501
0.078625001 -0.159125 0.44312501
0.078625001 -0.157875 0.44312501
0.041875001 -0.173875 0.44187501
0.043125 -0.17362501 0.44187501
0.044124998 -0.17362501 0.44187501
0.043125 -0.173875 0.44312501
0.044124998 -0.17362501 0.44312501
0.044124998 -0.173875 0.44387501
0.043875001 -0.174125 0.444875
0.046124998 -0.173125 0.44187501
0.044875 -0.173375 0.44187501
0.046875 -0.172875 0.44187501
0.044875 -0.173375 0.44312501
0.046124998 -0.173125 0.44312501
0.044875 -0.17362501 0.44387501
0.046875 -0.173125 0.443625
0.048124999 -0.17262501 0.44387501
0.044875 -0.17362501 0.444875
0.046124998 -0.173375 0.444875
0.046875 -0.173125 0.444875
0.046875 -0.173125 0.446125
0.048124999 -0.17262501 0.44187501
0.046624999 -0.172875 0.44312501
0.048124999 -0.17262501 0.44312501
0.046124998 -0.173375 0.44387501
0.048625 -0.17262501 0.44312501
0.048625 -0.17262501 0.44387501
0.048124999 -0.172875 0.444875
0.048625 -0.17262501 0.444875
0.050124999 -0.172125 0.44312501
0.048625 -0.17262501 0.44187501
0.050124999 -0.172125 0.44187501
0.050875001 -0.172125 0.44387501
0.050124999 -0.172125 0.44387501
0.076125003 -0.149875 0.44687501
0.075874999 -0.14912499 0.44687501
0.075374998 -0.14812499 0.44687501
0.075874999 -0.14812499 0.44387501
0.076125003 -0.14912499 0.444875
0.075374998 -0.14812499 0.444875
0.076125003 -0.149875 0.446125
0.075874999 -0.14937501 0.44587499
0.075374998 -0.14812499 0.446125
0.076375 -0.150875 0.44687501
0.075874999 -0.14812499 0.44312501
0.076375 -0.149875 0.44387501
0.076125003 -0.14912499 0.44387501
0.076624997 -0.150875 0.444875
0.076375 -0.149875 0.444875
0.076375 -0.150875 0.446125
0.076624997 -0.149875 0.44187501
0.076375 -0.14912499 0.44187501
0.076624997 -0.149875 0.44312501
0.076375 -0.14912499 0.44312501
0.076875001 -0.150875 0.44187501
0.076875001 -0.150875 0.44312501
0.076875001 -0.150875 0.44387501
0.076875001 -0.152125 0.44312501
0.076875001 -0.152375 0.44387501
0.076875001 -0.152375 0.444875
0.076875001 -0.152125 0.446125
0.076875001 -0.152125 0.44687501
0.077375002 -0.153125 0.44387501
0.077124998 -0.153125 0.444875
0.076875001 -0.153125 0.44587499
0.077375002 -0.153125 0.44312501
0.076875001 -0.153125 0.44687501
0.076875001 -0.152125 0.44187501
0.077375002 -0.153125 0.44187501
0.065624997 -0.129125 0.44187501
0.066375002 -0.129125 0.44312501
0.065375 -0.12512501 0.44687501
0.064625002 -0.124125 0.44687501
0.064874999 -0.123875 0.44312501
0.064874999 -0.123875 0.44387501
0.065375 -0.12512501 0.444875
0.065375 -0.12512501 0.446125
0.065375 -0.12512501 0.44312501
0.065624997 -0.12612499 0.44387501
0.065375 -0.12512501 0.44387501
0.065875001 -0.12712499 0.444875
0.065624997 -0.12612499 0.444875
0.065624997 -0.12612499 0.446125
0.065875001 -0.127875 0.444875
0.065875001 -0.127875 0.44587499
0.065875001 -0.12712499 0.446125
0.065375 -0.12612499 0.44187501
0.065375 -0.12512501 0.44187501
0.065375 -0.12612499 0.44312501
0.065375 -0.12712499 0.44187501
0.065624997 -0.12712499 0.44312501
0.065624997 -0.128125 0.44387501
0.065624997 -0.12712499 0.44387501
0.065624997 -0.127875 0.44187501
0.065624997 -0.128125 0.44312501
0.066875003 -0.130375 0.44312501
0.067125 -0.130125 0.443625
0.066375002 -0.130125 0.44187501
0.067374997 -0.131125 0.44312501
0.067874998 -0.131125 0.44387501
0.068875 -0.13212501 0.44387501
0.067874998 -0.131125 0.44462499
0.068125002 -0.13187499 0.44312501
0.067625001 -0.13212501 0.44187501
0.066875003 -0.131375 0.44187501
0.066124998 -0.127875 0.44687501
0.065875001 -0.12712499 0.44687501
0.065624997 -0.12612499 0.44687501
0.066624999 -0.129125 0.44387501
0.066875003 -0.129125 0.444875
0.067625001 -0.130375 0.446125
0.066875003 -0.129125 0.446125
0.067874998 -0.130375 0.44687501
0.066875003 -0.129125 0.44687501
0.067374997 -0.130125 0.444875
0.069875002 -0.13412499 0.442875
0.070874996 -0.135125 0.44387501
0.069875002 -0.13412499 0.44387501
0.070375003 -0.13412499 0.444875
0.068875 -0.131375 0.44687501
0.069875002 -0.13312501 0.44662499
0.069375001 -0.13187499 0.44687501
0.068875 -0.13212501 0.444875
0.069875002 -0.13312501 0.446125
0.069124997 -0.13187499 0.44587499
0.068374999 -0.131125 0.446125
0.069375001 -0.13312501 0.44387501
0.069624998 -0.133375 0.444875
0.069124997 -0.13312501 0.44312501
0.070625 -0.13412499 0.446125
0.070874996 -0.13437501 0.44687501
0.072624996 -0.135875 0.44687501
0.070874996 -0.135125 0.444875
0.071125001 -0.134875 0.44587499
0.072125003 -0.135875 0.446125
0.071625002 -0.135125 0.44687501
0.072875001 -0.137125 0.444875
0.071874999 -0.136125 0.444875
0.071874999 -0.13662501 0.44387501
0.072875001 -0.137125 0.44587499
0.068875 -0.133375 0.44187501
0.069624998 -0.13437501 0.44187501
0.070124999 -0.134875 0.44187501
0.070375003 -0.135125 0.44312501
0.071125001 -0.135875 0.442875
0.070625 -0.135875 0.44187501
0.071125001 -0.136875 0.44187501
0.071374997 -0.135875 0.44387501
0.071874999 -0.138125 0.441625
0.072875001 -0.13887499 0.441625
0.073875003 -0.14012501 0.44187501
0.072875001 -0.138125 0.44312501
0.071874999 -0.137125 0.44312501
0.072624996 -0.137375 0.44387501
0.073624998 -0.138375 0.444875
0.073624998 -0.138375 0.44387501
0.073375002 -0.138375 0.44687501
0.072875001 -0.137125 0.44687501
0.073875003 -0.14012501 0.44587499
0.073624998 -0.13887499 0.446125
0.073624998 -0.138375 0.446125
0.073875003 -0.13987499 0.44687501
0.073624998 -0.13887499 0.44687501
0.074124999 -0.14112499 0.446125
0.074124999 -0.142125 0.44687501
0.074124999 -0.14112499 0.44687501
0.073875003 -0.13887499 0.44387501
0.074124999 -0.13987499 0.444875
0.073875003 -0.13887499 0.444875
0.074124999 -0.13987499 0.44312501
0.073624998 -0.13887499 0.44312501
0.074124999 -0.13987499 0.44387501
0.074375004 -0.14137501 0.44312501
0.074375004 -0.14137501 0.44387501
0.074625 -0.14137501 0.44187501
0.074625 -0.14237501 0.44312501
0.074625 -0.14237501 0.444875
0.074375004 -0.14137501 0.444875
0.074375004 -0.14237501 0.446125
0.074625 -0.14237501 0.44387501
0.075125001 -0.144125 0.44187501
0.074874997 -0.142875 0.44312501
0.074874997 -0.142875 0.44187501
0.074874997 -0.142125 0.44187501
0.075374998 -0.145125 0.44187501
0.075125001 -0.145125 0.44312501
0.074874997 -0.144125 0.44312501
0.074874997 -0.144375 0.443625
0.074874997 -0.142875 0.44387501
0.074874997 -0.144125 0.444875
0.074625 -0.142875 0.444875
0.074625 -0.144375 0.446125
0.074625 -0.142875 0.446125
0.074625 -0.144375 0.44687501
0.074625 -0.142875 0.44687501
0.075374998 -0.14587501 0.44312501
0.075374998 -0.14587501 0.44387501
0.075125001 -0.145125 0.44387501
0.075125001 -0.14587501 0.444875
0.074874997 -0.145125 0.444875
0.075374998 -0.14687499 0.446125
0.075125001 -0.14587501 0.446125
0.074874997 -0.145375 0.44587499
0.075125001 -0.14687499 0.44687501
0.074874997 -0.14587501 0.44687501
0.074874997 -0.145125 0.44687501
0.075374998 -0.14587501 0.44187501
0.075374998 -0.14687499 0.44312501
0.075374998 -0.14687499 0.44387501
0.075374998 -0.14687499 0.444875
0.075874999 -0.14687499 0.44187501
0.075874999 -0.14812499 0.44187501
0.053125001 -0.16312499 0.467125
0.053874999 -0.16312499 0.467125
0.051624998 -0.16187499 0.46737501
0.053125001 -0.16187499 0.46737501
0.053624999 -0.16187499 0.46737501
0.055125002 -0.16187499 0.46762499
0.055875 -0.16187499 0.46762499
0.055125002 -0.16312499 0.467125
0.055875 -0.16312499 0.467125
0.053125001 -0.163875 0.46662501
0.053624999 -0.163875 0.46662501
0.055125002 -0.163875 0.46662501
0.055875 -0.163875 0.46662501
0.053125001 -0.155875 0.46887499
0.053125001 -0.154875 0.469125
0.053624999 -0.15387499 0.469625
0.055125002 -0.15387499 0.469625
0.053624999 -0.157875 0.46862501
0.053125001 -0.157125 0.46862501
0.053874999 -0.157125 0.46887499
0.053624999 -0.15612499 0.469125
0.055125002 -0.157125 0.46887499
0.055125002 -0.155875 0.469125
0.053624999 -0.154875 0.46937501
0.055125002 -0.154875 0.46937501
0.055125002 -0.157875 0.46887499
0.055875 -0.157875 0.46887499
0.055875 -0.157125 0.469125
0.056875002 -0.157125 0.46937501
0.055875 -0.155875 0.46937501
0.056875002 -0.155875 0.46937501
0.057875 -0.155875 0.469625
0.055875 -0.154875 0.469625
0.056875002 -0.154875 0.469625
0.055875 -0.15387499 0.46987501
0.057124998 -0.15387499 0.46987501
0.058625001 -0.15512501 0.46987501
0.058874998 -0.155875 0.46987501
0.057624999 -0.154875 0.46987501
0.057875 -0.15387499 0.47012499
0.057124998 -0.157875 0.46887499
0.057875 -0.158125 0.469125
0.055875 -0.161125 0.467875
0.055875 -0.15987501 0.46812499
0.056875002 -0.15987501 0.468375
0.055125002 -0.159125 0.468375
0.055875 -0.159125 0.46862501
0.056875002 -0.159125 0.46862501
0.057875 -0.157125 0.46937501
0.057124998 -0.161125 0.467875
0.057875 -0.161125 0.467875
0.058874998 -0.158125 0.469125
0.060125001 -0.158125 0.469125
0.057875 -0.15987501 0.468375
0.058874998 -0.15987501 0.468375
0.057875 -0.159125 0.46862501
0.058874998 -0.159125 0.46862501
0.060125001 -0.159125 0.46862501
0.058874998 -0.157125 0.46937501
0.060125001 -0.15512501 0.46987501
0.058874998 -0.15387499 0.470375
0.060125001 -0.15387499 0.470375
0.060874999 -0.15387499 0.470375
0.060874999 -0.15512501 0.46987501
0.062125001 -0.15512501 0.46987501
0.062125001 -0.15387499 0.470375
0.062875003 -0.15387499 0.470375
0.060874999 -0.158125 0.469125
0.060874999 -0.159125 0.46862501
0.062125001 -0.159125 0.46862501
0.062875003 -0.159125 0.46862501
0.062125001 -0.158125 0.469125
0.060125001 -0.157125 0.46937501
0.062875003 -0.158125 0.469125
0.064125001 -0.158125 0.469125
0.060874999 -0.157125 0.46937501
0.062125001 -0.157125 0.46937501
0.062875003 -0.157125 0.46937501
0.064125001 -0.157125 0.46937501
0.060125001 -0.155875 0.46987501
0.060874999 -0.155875 0.46987501
0.062125001 -0.155875 0.46987501
0.062875003 -0.155875 0.46987501
0.062875003 -0.15512501 0.46987501
0.052875001 -0.17012499 0.460875
0.051874999 -0.17112499 0.45987499
0.053125001 -0.171875 0.45587501
0.053624999 -0.171625 0.45587501
0.053624999 -0.17137501 0.45712501
0.052875001 -0.172125 0.455125
0.053624999 -0.172125 0.45387501
0.053874999 -0.171875 0.455125
0.053874999 -0.172125 0.45012501
0.053874999 -0.172125 0.45087501
0.053125001 -0.17262501 0.45087501
0.053874999 -0.172125 0.453125
0.055125002 -0.171875 0.453125
0.055875 -0.171625 0.453125
0.055125002 -0.171625 0.45387501
0.055125002 -0.171625 0.455125
0.053874999 -0.172125 0.451875
0.055125002 -0.171625 0.45012501
0.055125002 -0.171625 0.45087501
0.055875 -0.171625 0.45087501
0.055125002 -0.171875 0.451875
0.055875 -0.171625 0.451875
0.056875002 -0.17137501 0.451875
0.057124998 -0.17112499 0.449875
0.055875 -0.17137501 0.45012501
0.057124998 -0.17112499 0.45087501
0.051874999 -0.172125 0.448125
0.052875001 -0.172125 0.448125
0.051624998 -0.17262501 0.44887501
0.053125001 -0.172125 0.44887501
0.053874999 -0.171875 0.44887501
0.053125001 -0.17262501 0.45012501
0.055125002 -0.17137501 0.448125
0.055125002 -0.171625 0.44887501
0.053624999 -0.171625 0.448125
0.055624999 -0.17112499 0.448125
0.056875002 -0.170625 0.448125
0.055875 -0.17112499 0.44887501
0.057124998 -0.170875 0.44887501
0.057875 -0.170625 0.45012501
0.057624999 -0.17112499 0.45087501
0.058874998 -0.170625 0.45087501
0.057875 -0.170375 0.448125
0.057875 -0.170375 0.44887501
0.058874998 -0.17012499 0.448125
0.058874998 -0.17012499 0.44887501
0.058874998 -0.170375 0.45012501
0.060125001 -0.17012499 0.45087501
0.059875 -0.17012499 0.44887501
0.060125001 -0.169875 0.448125
0.060874999 -0.169625 0.448125
0.060874999 -0.169625 0.44887501
0.060125001 -0.17012499 0.45012501
0.064874999 -0.158125 0.469125
0.064874999 -0.157125 0.46937501
0.064125001 -0.155875 0.46987501
0.064874999 -0.155875 0.46987501
0.065624997 -0.155875 0.46987501
0.064125001 -0.15512501 0.46987501
0.064874999 -0.154875 0.47012499
0.065875001 -0.154875 0.47012499
0.066875003 -0.154875 0.470375
0.064125001 -0.15387499 0.47062501
0.064874999 -0.15387499 0.47062501
0.065875001 -0.15387499 0.47062501
0.066875003 -0.15387499 0.47062501
0.075374998 -0.15387499 0.45712501
0.075874999 -0.15412501 0.455625
0.076375 -0.15387499 0.453125
0.076375 -0.15387499 0.45387501
0.076875001 -0.154875 0.45012501
0.076624997 -0.15387499 0.45012501
0.076624997 -0.154875 0.45087501
0.076624997 -0.15387499 0.45087501
0.076375 -0.15387499 0.451875
0.076875001 -0.15387499 0.448625
0.077624999 -0.155875 0.448125
0.077375002 -0.154875 0.448125
0.077124998 -0.15387499 0.448125
0.076875001 -0.154875 0.44887501
0.046875 -0.154875 0.468375
0.044875 -0.15387499 0.46762499
0.046124998 -0.15387499 0.467875
0.046875 -0.15387499 0.46812499
0.045875002 -0.155875 0.467875
0.044875 -0.157125 0.46762499
0.044875 -0.155875 0.46762499
0.044875 -0.159125 0.46762499
0.046124998 -0.159125 0.46762499
0.046124998 -0.157125 0.46762499
0.046875 -0.159125 0.467875
0.044875 -0.157875 0.46762499
0.046124998 -0.157875 0.467875
0.046624999 -0.158125 0.467875
0.046875 -0.157125 0.46812499
0.046875 -0.155875 0.468375
0.048124999 -0.157875 0.46812499
0.048875 -0.157875 0.46812499
0.048124999 -0.157125 0.468375
0.048625 -0.157125 0.468375
0.048124999 -0.155875 0.468375
0.048124999 -0.154875 0.468375
0.048124999 -0.15387499 0.468375
0.048625 -0.154875 0.46862501
0.048625 -0.15387499 0.468375
0.050124999 -0.15387499 0.46862501
0.050124999 -0.157125 0.468375
0.048625 -0.155875 0.46862501
0.050124999 -0.155875 0.46862501
0.051125001 -0.155875 0.46862501
0.050124999 -0.154875 0.46862501
0.051125001 -0.154875 0.46887499
0.051125001 -0.15387499 0.46887499
0.051874999 -0.154875 0.46887499
0.051874999 -0.15387499 0.469125
0.053125001 -0.15387499 0.46937501
0.048124999 -0.16187499 0.46687499
0.046875 -0.161375 0.467125
0.044875 -0.15987501 0.46737501
0.046124998 -0.15987501 0.46762499
0.046875 -0.15987501 0.46762499
0.048124999 -0.161125 0.46737501
0.048124999 -0.159125 0.467875
0.048875 -0.159125 0.467875
0.048124999 -0.15987501 0.46762499
0.050124999 -0.159125 0.467875
0.048625 -0.15987501 0.46762499
0.051125001 -0.159125 0.467875
0.050124999 -0.157875 0.468375
0.051125001 -0.157875 0.468375
0.051624998 -0.157875 0.468375
0.050124999 -0.161125 0.46762499
0.051125001 -0.161125 0.46762499
0.050124999 -0.15987501 0.46762499
0.051125001 -0.15987501 0.467875
0.051874999 -0.159125 0.46812499
0.051125001 -0.157125 0.46862501
0.051624998 -0.157125 0.46862501
0.051624998 -0.155875 0.46862501
0.051874999 -0.15987501 0.46762499
0.053125001 -0.160125 0.467875
0.053125001 -0.159125 0.468375
0.053624999 -0.159125 0.468375
0.053125001 -0.157875 0.468375
0.051874999 -0.161125 0.467875
0.053125001 -0.161125 0.467875
0.053624999 -0.161125 0.467875
0.055125002 -0.161125 0.467875
0.053874999 -0.15987501 0.46812499
0.055125002 -0.15987501 0.46812499
0.048124999 -0.164125 0.46612501
0.044875 -0.16312499 0.46637499
0.046124998 -0.16312499 0.46637499
0.046875 -0.16312499 0.46637499
0.048124999 -0.16312499 0.46662501
0.048625 -0.16212501 0.467125
0.048625 -0.16312499 0.46662501
0.050124999 -0.16187499 0.467125
0.051125001 -0.16312499 0.46687499
0.048625 -0.163875 0.46637499
0.050124999 -0.163875 0.46637499
0.050124999 -0.16312499 0.46687499
0.051125001 -0.16187499 0.46737501
0.048625 -0.164875 0.465875
0.050124999 -0.165125 0.465875
0.048625 -0.161125 0.46737501
0.051874999 -0.165125 0.465875
0.053125001 -0.165125 0.465875
0.053874999 -0.165125 0.465875
0.055125002 -0.165125 0.465875
0.055125002 -0.166125 0.46487501
0.051125001 -0.167125 0.46412501
0.048875 -0.166125 0.46487501
0.050124999 -0.166125 0.46487501
0.051125001 -0.166125 0.46487501
0.050124999 -0.167125 0.46412501
0.051624998 -0.167125 0.46412501
0.051874999 -0.166125 0.46487501
0.053125001 -0.166125 0.46487501
0.053874999 -0.166125 0.46487501
0.051125001 -0.165125 0.465875
0.053125001 -0.167125 0.46412501
0.053624999 -0.167125 0.46412501
0.055125002 -0.167125 0.46412501
0.051874999 -0.16312499 0.46687499
0.051125001 -0.163875 0.46637499
0.051624998 -0.163875 0.46662501
0.053125001 -0.16912501 0.462125
0.053125001 -0.168375 0.46312499
0.053624999 -0.168375 0.46312499
0.055125002 -0.168375 0.46312499
0.053874999 -0.16912501 0.462125
0.051624998 -0.168375 0.46312499
0.055875 -0.168125 0.46287501
0.057124998 -0.168125 0.46287501
0.057875 -0.168125 0.46287501
0.055125002 -0.16912501 0.462125
0.057124998 -0.16312499 0.467125
0.057875 -0.16312499 0.467125
0.056875002 -0.163875 0.46662501
0.057875 -0.163875 0.46662501
0.058874998 -0.163875 0.46662501
0.055875 -0.165125 0.465875
0.057124998 -0.165125 0.465875
0.057875 -0.165125 0.465875
0.058874998 -0.165125 0.465875
0.055875 -0.166125 0.46487501
0.057124998 -0.167125 0.46412501
0.057875 -0.167125 0.46412501
0.058874998 -0.166875 0.463875
0.057124998 -0.166125 0.46487501
0.057875 -0.166125 0.46487501
0.058874998 -0.166125 0.46487501
0.060125001 -0.166125 0.46487501
0.060874999 -0.165875 0.46487501
0.055875 -0.167125 0.46412501
0.060125001 -0.165125 0.465875
0.060874999 -0.165125 0.465875
0.058874998 -0.16312499 0.467125
0.062125001 -0.16337501 0.467125
0.060125001 -0.163875 0.46662501
0.060874999 -0.163875 0.46662501
0.060125001 -0.16337501 0.467125
0.060874999 -0.16337501 0.467125
0.062875003 -0.16312499 0.46737501
0.058874998 -0.161125 0.467875
0.060125001 -0.161125 0.467875
0.060874999 -0.161125 0.467875
0.062125001 -0.161125 0.467875
0.056875002 -0.16187499 0.46762499
0.057875 -0.16187499 0.46762499
0.058874998 -0.16187499 0.46762499
0.060125001 -0.16187499 0.46762499
0.060874999 -0.16187499 0.46762499
0.062125001 -0.16187499 0.46762499
0.060125001 -0.15987501 0.468375
0.060874999 -0.15987501 0.468375
0.062125001 -0.163875 0.46662501
0.062875003 -0.163875 0.46687499
0.060125001 -0.166875 0.463875
0.060874999 -0.166875 0.463875
0.062125001 -0.166875 0.463875
0.062125001 -0.165875 0.46487501
0.062875003 -0.165875 0.464625
0.058874998 -0.168125 0.462625
0.060125001 -0.167625 0.462625
0.060874999 -0.167625 0.462625
0.062125001 -0.167375 0.462625
0.062875003 -0.16662499 0.46412501
0.062125001 -0.165125 0.465875
0.062875003 -0.161125 0.467875
0.064125001 -0.161125 0.467875
0.062875003 -0.16187499 0.46762499
0.062125001 -0.15987501 0.468375
0.062875003 -0.15987501 0.468375
0.064125001 -0.15987501 0.468375
0.064125001 -0.159125 0.46862501
0.064874999 -0.16337501 0.467125
0.064125001 -0.163875 0.46687499
0.064874999 -0.161125 0.467875
0.065875001 -0.161125 0.467875
0.064125001 -0.16187499 0.46762499
0.064874999 -0.16187499 0.46762499
0.065875001 -0.16187499 0.46762499
0.066875003 -0.16187499 0.46762499
0.064874999 -0.15987501 0.468375
0.064125001 -0.167125 0.46287501
0.062875003 -0.167125 0.46287501
0.065875001 -0.16337501 0.467125
0.064125001 -0.16312499 0.46737501
0.067125 -0.16337501 0.467125
0.067874998 -0.16337501 0.467125
0.068875 -0.16337501 0.467125
0.062875003 -0.165125 0.465875
0.064874999 -0.163875 0.46662501
0.064125001 -0.165125 0.465875
0.064874999 -0.164875 0.465875
0.065875001 -0.164875 0.465875
0.066875003 -0.164625 0.465875
0.065875001 -0.163875 0.46662501
0.064125001 -0.165875 0.464625
0.064874999 -0.16562501 0.46487501
0.066875003 -0.16537499 0.46512499
0.064874999 -0.166875 0.462625
0.065875001 -0.166875 0.462625
0.064125001 -0.166375 0.46412501
0.064874999 -0.166125 0.46412501
0.065875001 -0.166125 0.46412501
0.067125 -0.165875 0.463875
0.067874998 -0.165875 0.463875
0.065875001 -0.16537499 0.46487501
0.067874998 -0.165125 0.46487501
0.067874998 -0.16437501 0.46612501
0.068875 -0.16437501 0.46612501
0.066875003 -0.163875 0.46662501
0.069124997 -0.165125 0.46487501
0.053874999 -0.17112499 0.45787501
0.052875001 -0.17112499 0.458875
0.053624999 -0.170625 0.45912501
0.053125001 -0.170375 0.460125
0.053624999 -0.169625 0.46062499
0.055125002 -0.169625 0.46062499
0.055875 -0.16887499 0.46187499
0.056875002 -0.168625 0.462125
0.057124998 -0.17012499 0.45912501
0.054875001 -0.17012499 0.45987499
0.055125002 -0.17112499 0.457625
0.055125002 -0.170375 0.45912501
0.055875 -0.17012499 0.45912501
0.057624999 -0.17012499 0.458875
0.058874998 -0.169625 0.45912501
0.053624999 -0.17012499 0.460125
0.058874998 -0.17012499 0.45787501
0.057124998 -0.170875 0.45712501
0.057875 -0.170625 0.45712501
0.055875 -0.170625 0.457625
0.056875002 -0.170375 0.457625
0.057875 -0.17012499 0.45787501
0.060125001 -0.169375 0.45912501
0.057124998 -0.17112499 0.45587501
0.055624999 -0.17112499 0.456875
0.055125002 -0.17137501 0.45587501
0.055875 -0.17112499 0.45587501
0.055125002 -0.17112499 0.45712501
0.055875 -0.169375 0.46062499
0.057624999 -0.16912501 0.460875
0.055875 -0.17012499 0.45987499
0.056875002 -0.169625 0.460125
0.057875 -0.169375 0.460125
0.058874998 -0.16912501 0.460125
0.057124998 -0.16912501 0.460875
0.058874998 -0.16887499 0.46062499
0.057875 -0.168625 0.462125
0.058874998 -0.168625 0.462125
0.060125001 -0.168125 0.462125
0.058874998 -0.170375 0.45712501
0.060125001 -0.169875 0.45787501
0.060874999 -0.169625 0.457625
0.060874999 -0.169375 0.45912501
0.062125001 -0.16912501 0.45912501
0.057875 -0.170875 0.45387501
0.056875002 -0.17137501 0.453125
0.055875 -0.17137501 0.45387501
0.057124998 -0.17112499 0.45387501
0.055875 -0.17137501 0.455125
0.057124998 -0.17112499 0.455125
0.057624999 -0.17112499 0.455125
0.057875 -0.170875 0.45587501
0.057875 -0.17112499 0.453125
0.058874998 -0.170625 0.453125
0.060125001 -0.170375 0.453125
0.058874998 -0.170625 0.45387501
0.060125001 -0.170375 0.45387501
0.060874999 -0.17012499 0.45387501
0.058874998 -0.170625 0.455125
0.060125001 -0.170375 0.455125
0.058874998 -0.170625 0.45587501
0.057875 -0.17112499 0.45162499
0.058874998 -0.170625 0.451875
0.060125001 -0.170375 0.451875
0.060874999 -0.17012499 0.453125
0.060125001 -0.16912501 0.460125
0.060125001 -0.168625 0.46062499
0.060874999 -0.168625 0.46062499
0.060874999 -0.168125 0.462125
0.060125001 -0.17012499 0.45712501
0.060625002 -0.17012499 0.45712501
0.062125001 -0.169625 0.45712501
0.062875003 -0.169375 0.45712501
0.062125001 -0.169375 0.457625
0.062875003 -0.16912501 0.45787501
0.060874999 -0.17012499 0.455125
0.060874999 -0.17012499 0.45587501
0.062125001 -0.169875 0.45387501
0.062125001 -0.169875 0.455125
0.060125001 -0.170375 0.45587501
0.062125001 -0.169625 0.45587501
0.062875003 -0.169375 0.45587501
0.064874999 -0.168625 0.453125
0.064874999 -0.16887499 0.45387501
0.064874999 -0.16887499 0.455125
0.064625002 -0.16887499 0.45587501
0.062875003 -0.16887499 0.458875
0.060874999 -0.16887499 0.45987499
0.062125001 -0.168625 0.460125
0.062125001 -0.168625 0.46062499
0.061875001 -0.168125 0.46187499
0.063874997 -0.168125 0.460875
0.062875003 -0.168625 0.460125
0.062875003 -0.168125 0.460875
0.062875003 -0.167625 0.462125
0.064125001 -0.167625 0.462125
0.064874999 -0.167375 0.462125
0.064125001 -0.168625 0.460125
0.064874999 -0.168125 0.460125
0.065624997 -0.168125 0.45987499
0.064874999 -0.16787501 0.460875
0.064125001 -0.16912501 0.45712501
0.063874997 -0.16887499 0.45787501
0.064874999 -0.168625 0.457625
0.064125001 -0.168625 0.45912501
0.064874999 -0.168625 0.45912501
0.066875003 -0.168125 0.458875
0.064874999 -0.16887499 0.45712501
0.065875001 -0.168625 0.457625
0.067125 -0.168125 0.45787501
0.065875001 -0.168125 0.45912501
0.067125 -0.16787501 0.460125
0.065875001 -0.167625 0.46062499
0.066875003 -0.167375 0.46062499
0.067874998 -0.167375 0.46062499
0.069124997 -0.167125 0.460875
0.065875001 -0.167375 0.462125
0.067125 -0.167125 0.462125
0.067625001 -0.166875 0.46187499
0.068875 -0.166875 0.46187499
0.066875003 -0.16662499 0.462625
0.067874998 -0.166375 0.462625
0.068875 -0.166375 0.462625
0.068875 -0.165875 0.463875
0.067874998 -0.167625 0.45912501
0.068875 -0.167625 0.45912501
0.067874998 -0.167625 0.460125
0.068875 -0.167375 0.460125
0.068875 -0.167625 0.457625
0.065875001 -0.168625 0.45587501
0.065875001 -0.168625 0.45712501
0.066875003 -0.168625 0.45712501
0.067874998 -0.168125 0.45712501
0.066875003 -0.168625 0.45587501
0.068875 -0.167625 0.45712501
0.069875002 -0.167375 0.45712501
0.067874998 -0.168125 0.45787501
0.060874999 -0.17012499 0.451875
0.062125001 -0.169375 0.45087501
0.062875003 -0.16912501 0.45087501
0.062125001 -0.169625 0.451875
0.062875003 -0.169375 0.451875
0.062125001 -0.169875 0.453125
0.060625002 -0.17012499 0.45087501
0.062875003 -0.169625 0.45387501
0.064125001 -0.16912501 0.45387501
0.062875003 -0.169625 0.455125
0.064125001 -0.16912501 0.455125
0.064125001 -0.16912501 0.45587501
0.063874997 -0.16887499 0.451875
0.064125001 -0.16887499 0.45087501
0.062875003 -0.169375 0.453125
0.064125001 -0.16912501 0.453125
0.060874999 -0.169625 0.45012501
0.062875003 -0.16887499 0.45012501
0.062125001 -0.16912501 0.448125
0.062125001 -0.169375 0.44887501
0.062125001 -0.169375 0.45012501
0.064874999 -0.168125 0.448125
0.062875003 -0.16887499 0.448125
0.064125001 -0.168625 0.448125
0.062624998 -0.16887499 0.44887501
0.064125001 -0.168625 0.44887501
0.064125001 -0.168625 0.45012501
0.064874999 -0.168625 0.45087501
0.065875001 -0.168125 0.45087501
0.067125 -0.16787501 0.45087501
0.064874999 -0.168625 0.451875
0.065875001 -0.168625 0.451875
0.066875003 -0.168125 0.451875
0.066875003 -0.168125 0.453125
0.067874998 -0.167625 0.45087501
0.067874998 -0.167625 0.451875
0.068875 -0.167375 0.451875
0.067874998 -0.167625 0.453125
0.068875 -0.167375 0.453125
0.065875001 -0.168125 0.449875
0.065875001 -0.167625 0.448125
0.064874999 -0.168125 0.44887501
0.065624997 -0.168125 0.44887501
0.066875003 -0.167625 0.44887501
0.064874999 -0.168625 0.45012501
0.066875003 -0.167625 0.45012501
0.067874998 -0.167375 0.45012501
0.067874998 -0.167125 0.44787499
0.066875003 -0.167375 0.448125
0.068875 -0.16662499 0.448125
0.067874998 -0.167375 0.44887501
0.068875 -0.166875 0.44887501
0.065875001 -0.168625 0.453125
0.065875001 -0.168625 0.45387501
0.065875001 -0.168625 0.455125
0.067125 -0.168125 0.45387501
0.067874998 -0.16787501 0.45387501
0.066875003 -0.168625 0.455125
0.067874998 -0.168125 0.455125
0.067874998 -0.168125 0.455625
0.068875 -0.167625 0.45387501
0.068875 -0.167625 0.455125
0.069875002 -0.167375 0.455125
0.068875 -0.167625 0.45587501
0.069875002 -0.167375 0.45587501
0.067874998 -0.159125 0.46887499
0.069124997 -0.159125 0.46887499
0.067125 -0.155875 0.46987501
0.067874998 -0.155875 0.46987501
0.068875 -0.15987501 0.46862501
0.064874999 -0.159125 0.46887499
0.065875001 -0.159125 0.46887499
0.067125 -0.159125 0.46887499
0.065624997 -0.158125 0.469125
0.067125 -0.157875 0.469125
0.067874998 -0.157875 0.46937501
0.065875001 -0.157125 0.469625
0.066875003 -0.157125 0.469625
0.067874998 -0.157125 0.469625
0.069624998 -0.155875 0.46987501
0.069124997 -0.154875 0.47012499
0.067874998 -0.15387499 0.47062501
0.068875 -0.15387499 0.47062501
0.070874996 -0.15512501 0.469625
0.069875002 -0.154875 0.47012499
0.069875002 -0.15387499 0.47062501
0.071125001 -0.15387499 0.470375
0.071874999 -0.15412501 0.46987501
0.068875 -0.157875 0.46937501
0.068875 -0.157125 0.469625
0.069875002 -0.157125 0.469625
0.068875 -0.155875 0.46987501
0.067874998 -0.154875 0.470375
0.071874999 -0.157125 0.469125
0.071125001 -0.155875 0.469625
0.071874999 -0.155875 0.46937501
0.071874999 -0.154875 0.469625
0.067125 -0.161125 0.467875
0.067874998 -0.16187499 0.46762499
0.067874998 -0.161375 0.467875
0.065875001 -0.15987501 0.468375
0.066875003 -0.15987501 0.468375
0.067874998 -0.15987501 0.46862501
0.069124997 -0.16187499 0.467875
0.068875 -0.161375 0.467875
0.069624998 -0.16187499 0.467875
0.071125001 -0.16187499 0.467875
0.069875002 -0.161125 0.46812499
0.071125001 -0.161125 0.467875
0.071874999 -0.16187499 0.46762499
0.069875002 -0.16337501 0.467125
0.069875002 -0.16437501 0.46612501
0.071125001 -0.16312499 0.467125
0.069875002 -0.165125 0.46487501
0.071125001 -0.16537499 0.46412501
0.071125001 -0.165125 0.46487501
0.071874999 -0.16312499 0.467125
0.072875001 -0.16312499 0.46687499
0.070874996 -0.157875 0.46887499
0.069624998 -0.159125 0.46887499
0.069875002 -0.157875 0.469125
0.071874999 -0.157875 0.46862501
0.071125001 -0.157125 0.46937501
0.069875002 -0.15987501 0.468375
0.071125001 -0.15987501 0.468375
0.071125001 -0.159125 0.46862501
0.071874999 -0.159125 0.468375
0.071874999 -0.15987501 0.46762499
0.074124999 -0.157875 0.468375
0.072875001 -0.157125 0.46887499
0.074124999 -0.157125 0.46887499
0.072875001 -0.155875 0.469125
0.072875001 -0.154875 0.469625
0.072875001 -0.15387499 0.46987501
0.074124999 -0.161125 0.467125
0.072875001 -0.15987501 0.46762499
0.072875001 -0.16187499 0.46737501
0.071874999 -0.161125 0.467875
0.072875001 -0.161125 0.46737501
0.072875001 -0.159125 0.467875
0.074124999 -0.159125 0.467875
0.074124999 -0.15987501 0.46762499
0.072875001 -0.157875 0.468375
0.074874997 -0.15987501 0.46737501
0.074874997 -0.159125 0.46762499
0.075874999 -0.15987501 0.46687499
0.074124999 -0.15387499 0.469125
0.074124999 -0.154875 0.469125
0.074874997 -0.15387499 0.462125
0.074625 -0.15387499 0.462625
0.074625 -0.15387499 0.467875
0.074375004 -0.15387499 0.465875
0.075374998 -0.155875 0.465875
0.074874997 -0.15512501 0.46612501
0.074874997 -0.15612499 0.46487501
0.074625 -0.154875 0.46487501
0.074625 -0.15387499 0.467125
0.074375004 -0.15387499 0.46412501
0.074124999 -0.15387499 0.46487501
0.074625 -0.154875 0.46412501
0.074874997 -0.155875 0.46287501
0.074625 -0.154875 0.462625
0.074874997 -0.15612499 0.46412501
0.075374998 -0.155875 0.460125
0.075374998 -0.155875 0.46062499
0.074874997 -0.155875 0.462125
0.074874997 -0.15512501 0.46187499
0.074124999 -0.15612499 0.469125
0.074874997 -0.154875 0.467875
0.074874997 -0.154875 0.467125
0.074874997 -0.155875 0.467875
0.074874997 -0.157125 0.467875
0.075374998 -0.155875 0.467125
0.075374998 -0.157125 0.465875
0.075374998 -0.157125 0.467125
0.074874997 -0.157875 0.467875
0.075874999 -0.158125 0.465875
0.075874999 -0.157875 0.467125
0.075874999 -0.159125 0.46687499
0.074874997 -0.157125 0.462625
0.075374998 -0.157125 0.46412501
0.075874999 -0.158125 0.46487501
0.075374998 -0.157125 0.46487501
0.075874999 -0.159125 0.462125
0.075374998 -0.157875 0.462625
0.075874999 -0.157875 0.46412501
0.076375 -0.15987501 0.465875
0.076125003 -0.159125 0.46612501
0.076125003 -0.15987501 0.462125
0.076375 -0.15987501 0.462625
0.075874999 -0.159125 0.46287501
0.076125003 -0.159125 0.46412501
0.076375 -0.15987501 0.46412501
0.076624997 -0.15987501 0.46487501
0.076375 -0.159125 0.46487501
0.076624997 -0.161125 0.46412501
0.071874999 -0.164125 0.46612501
0.071125001 -0.164125 0.46612501
0.072875001 -0.163875 0.465875
0.071874999 -0.16537499 0.46412501
0.072875001 -0.165125 0.46412501
0.071874999 -0.165125 0.464625
0.072875001 -0.164625 0.46487501
0.073875003 -0.16187499 0.46687499
0.074874997 -0.16187499 0.46637499
0.074124999 -0.164625 0.46487501
0.074124999 -0.163875 0.465875
0.074625 -0.16312499 0.465875
0.074124999 -0.16312499 0.46662501
0.074874997 -0.16537499 0.462625
0.074874997 -0.164875 0.463875
0.074874997 -0.163875 0.464625
0.075374998 -0.165125 0.462625
0.076125003 -0.164125 0.46287501
0.075374998 -0.163875 0.46412501
0.075374998 -0.16312499 0.46487501
0.076125003 -0.16337501 0.46412501
0.074625 -0.161125 0.46687499
0.075874999 -0.16187499 0.465875
0.076125003 -0.161125 0.46612501
0.076624997 -0.161125 0.46487501
0.076125003 -0.16212501 0.46487501
0.071125001 -0.166125 0.46287501
0.069875002 -0.16662499 0.462125
0.069875002 -0.166125 0.46287501
0.071874999 -0.165875 0.462625
0.069875002 -0.16562501 0.46412501
0.069875002 -0.167125 0.460875
0.069875002 -0.167375 0.45912501
0.069875002 -0.167125 0.460125
0.071125001 -0.167125 0.460125
0.071874999 -0.166875 0.460125
0.071874999 -0.166875 0.45912501
0.071125001 -0.167125 0.45712501
0.069875002 -0.167375 0.457625
0.071125001 -0.167125 0.45787501
0.071125001 -0.167125 0.45912501
0.071625002 -0.166875 0.45712501
0.071625002 -0.166875 0.45787501
0.072875001 -0.16662499 0.457625
0.072875001 -0.166375 0.45587501
0.072875001 -0.16662499 0.45712501
0.074124999 -0.166125 0.45712501
0.076624997 -0.161125 0.462625
0.076875001 -0.16187499 0.460875
0.076624997 -0.161125 0.462125
0.074124999 -0.166125 0.455625
0.074874997 -0.165875 0.45587501
0.077624999 -0.163875 0.45587501
0.069624998 -0.167125 0.451875
0.069124997 -0.167125 0.45087501
0.069624998 -0.166875 0.45087501
0.071125001 -0.16662499 0.45087501
0.068875 -0.167125 0.449875
0.069875002 -0.166375 0.448125
0.069875002 -0.16662499 0.44887501
0.071125001 -0.166125 0.44887501
0.069875002 -0.166875 0.45012501
0.071125001 -0.166375 0.45012501
0.071874999 -0.166125 0.45012501
0.071125001 -0.166125 0.44787499
0.071874999 -0.165875 0.44887501
0.071874999 -0.165875 0.448125
0.072875001 -0.16562501 0.448125
0.072875001 -0.16562501 0.44887501
0.074124999 -0.16537499 0.44887501
0.074124999 -0.165125 0.448125
0.074874997 -0.165125 0.44887501
0.074874997 -0.164625 0.448125
0.076125003 -0.164625 0.448125
0.069875002 -0.167125 0.453125
0.071874999 -0.166125 0.45087501
0.071125001 -0.16662499 0.451875
0.071874999 -0.166375 0.451875
0.071125001 -0.16662499 0.453125
0.071874999 -0.166375 0.453125
0.072875001 -0.166125 0.453125
0.070874996 -0.166875 0.45387501
0.071874999 -0.166375 0.45387501
0.072875001 -0.166125 0.45387501
0.072875001 -0.165875 0.451875
0.072875001 -0.165875 0.45012501
0.074124999 -0.16537499 0.45012501
0.072624996 -0.165875 0.45087501
0.074124999 -0.16537499 0.45087501
0.070874996 -0.166875 0.455125
0.071125001 -0.167125 0.45587501
0.069875002 -0.167125 0.45387501
0.071874999 -0.16662499 0.455125
0.072875001 -0.166125 0.455125
0.071874999 -0.16662499 0.45587501
0.074874997 -0.165125 0.45087501
0.074124999 -0.16562501 0.451875
0.074874997 -0.16537499 0.451875
0.074124999 -0.16562501 0.453125
0.074874997 -0.16537499 0.453125
0.076125003 -0.165125 0.453125
0.074124999 -0.165875 0.45387501
0.074874997 -0.16562501 0.45387501
0.076125003 -0.16537499 0.45387501
0.073875003 -0.165875 0.455125
0.074874997 -0.16562501 0.455125
0.076125003 -0.16537499 0.455125
0.076875001 -0.165125 0.455125
0.076624997 -0.165125 0.453125
0.076624997 -0.165125 0.45387501
0.075874999 -0.165125 0.45087501
0.076125003 -0.164625 0.44887501
0.074874997 -0.165125 0.45012501
0.076125003 -0.164875 0.45012501
0.076125003 -0.165125 0.451875
0.076875001 -0.164625 0.45012501
0.076875001 -0.164625 0.45087501
0.076875001 -0.164625 0.451875
0.077875003 -0.163875 0.44887501
0.076875001 -0.164625 0.44887501
0.076875001 -0.164125 0.448125
0.077875003 -0.163875 0.448125
0.075374998 -0.154875 0.460125
0.075125001 -0.154875 0.460875
0.074874997 -0.15387499 0.460875
0.075874999 -0.155875 0.45912501
0.075374998 -0.154875 0.45912501
0.075374998 -0.15387499 0.45912501
0.075125001 -0.15387499 0.460125
0.075374998 -0.154875 0.457625
0.075374998 -0.15387499 0.457625
0.076125003 -0.155875 0.45712501
0.075874999 -0.15512501 0.45712501
0.075874999 -0.15612499 0.45787501
0.075374998 -0.157125 0.460125
0.075374998 -0.157875 0.46062499
0.075374998 -0.157125 0.46062499
0.075125001 -0.157125 0.462125
0.076125003 -0.159125 0.460125
0.075874999 -0.157875 0.45987499
0.076875001 -0.159375 0.456875
0.076624997 -0.159125 0.457625
0.076375 -0.157875 0.457625
0.076624997 -0.15987501 0.45912501
0.076375 -0.159125 0.45912501
0.076125003 -0.157875 0.45912501
0.076125003 -0.157125 0.45912501
0.076125003 -0.15387499 0.455125
0.076375 -0.155875 0.45587501
0.076125003 -0.15512501 0.45587501
0.076375 -0.154875 0.45387501
0.076375 -0.154875 0.455125
0.076875001 -0.15737499 0.45387501
0.076624997 -0.155875 0.45387501
0.076375 -0.155875 0.455125
0.076875001 -0.157125 0.453125
0.076875001 -0.155875 0.453125
0.076624997 -0.154875 0.453125
0.077124998 -0.159125 0.45587501
0.076624997 -0.157875 0.45712501
0.076375 -0.157125 0.45712501
0.076375 -0.157125 0.457625
0.076875001 -0.157125 0.455125
0.077124998 -0.157875 0.45387501
0.076875001 -0.157875 0.455125
0.076875001 -0.158125 0.45587501
0.076624997 -0.157125 0.45587501
0.077624999 -0.159125 0.45387501
0.077375002 -0.159125 0.455125
0.075374998 -0.157875 0.462125
0.076375 -0.15987501 0.460125
0.075874999 -0.159125 0.460875
0.076125003 -0.15987501 0.460875
0.076624997 -0.161125 0.460125
0.076624997 -0.161125 0.46062499
0.076875001 -0.16187499 0.460125
0.077124998 -0.161125 0.45712501
0.076875001 -0.15987501 0.45712501
0.076875001 -0.161125 0.45787501
0.076875001 -0.15987501 0.45787501
0.077875003 -0.15987501 0.45387501
0.077624999 -0.15987501 0.455125
0.077375002 -0.161125 0.45587501
0.077375002 -0.15987501 0.45587501
0.078125 -0.161125 0.45387501
0.077875003 -0.16212501 0.45487499
0.077624999 -0.161125 0.455125
0.077624999 -0.16187499 0.45587501
0.077375002 -0.16187499 0.45712501
0.077375002 -0.16187499 0.457625
0.076875001 -0.16187499 0.45912501
0.076875001 -0.161125 0.45912501
0.077624999 -0.16312499 0.45712501
0.077624999 -0.16312499 0.457625
0.077875003 -0.16312499 0.455625
0.078374997 -0.16312499 0.45387501
0.078125 -0.16312499 0.455125
0.077375002 -0.157125 0.451875
0.077624999 -0.157875 0.45087501
0.077875003 -0.159125 0.451875
0.077624999 -0.157875 0.451875
0.077624999 -0.159125 0.453125
0.077375002 -0.157875 0.453125
0.077875003 -0.157875 0.45012501
0.077875003 -0.159375 0.45087501
0.078125 -0.15987501 0.45087501
0.078125 -0.161125 0.451875
0.078125 -0.15987501 0.451875
0.077875003 -0.160125 0.453125
0.078125 -0.159125 0.45012501
0.078874998 -0.16187499 0.44887501
0.078374997 -0.161125 0.45012501
0.078374997 -0.161125 0.45087501
0.078374997 -0.159125 0.448125
0.078125 -0.159125 0.44887501
0.078625001 -0.161125 0.44887501
0.078374997 -0.15987501 0.44887501
0.078125 -0.15987501 0.45012501
0.078874998 -0.161125 0.448125
0.078625001 -0.15987501 0.448125
0.076875001 -0.155875 0.45087501
0.076875001 -0.15612499 0.451875
0.076624997 -0.154875 0.451875
0.077624999 -0.157125 0.45012501
0.076875001 -0.155875 0.45012501
0.077375002 -0.157125 0.45087501
0.077875003 -0.157125 0.44887501
0.077375002 -0.155875 0.44887501
0.077875003 -0.157125 0.44787499
0.078125 -0.157875 0.448125
0.077875003 -0.158125 0.44887501
0.078374997 -0.16187499 0.453125
0.078125 -0.161125 0.453125
0.078125 -0.16187499 0.45387501
0.077875003 -0.163875 0.455125
0.077875003 -0.163875 0.45387501
0.078125 -0.164125 0.45087501
0.077875003 -0.163875 0.451875
0.077875003 -0.163875 0.453125
0.078374997 -0.16312499 0.451875
0.078374997 -0.16312499 0.453125
0.078625001 -0.16312499 0.45087501
0.078125 -0.164125 0.45012501
0.078625001 -0.16312499 0.45012501
0.078874998 -0.16312499 0.44887501
0.078874998 -0.16312499 0.448125
0.078625001 -0.16187499 0.45012501
0.078625001 -0.16187499 0.45087501
0.078374997 -0.16187499 0.451875
0.078874998 -0.16187499 0.448125
0.071125001 -0.166875 0.460875
0.071874999 -0.16662499 0.46062499
0.071125001 -0.166375 0.462125
0.071874999 -0.166125 0.462125
0.074124999 -0.165125 0.46412501
0.072875001 -0.166375 0.46062499
0.072875001 -0.166125 0.462125
0.072875001 -0.16562501 0.462625
0.074124999 -0.16562501 0.462625
0.073875003 -0.165875 0.46187499
0.074124999 -0.166375 0.46062499
0.074874997 -0.166125 0.460875
0.074874997 -0.165875 0.462125
0.072875001 -0.16662499 0.460125
0.074124999 -0.16662499 0.460125
0.074874997 -0.166375 0.460125
0.074124999 -0.166375 0.457625
0.072875001 -0.16662499 0.45912501
0.074124999 -0.166375 0.45912501
0.076125003 -0.16537499 0.462125
0.076125003 -0.16562501 0.46062499
0.076875001 -0.16212501 0.462125
0.076875001 -0.16187499 0.46287501
0.076875001 -0.16187499 0.46412501
0.076875001 -0.16312499 0.462625
0.077375002 -0.16312499 0.460125
0.077124998 -0.16312499 0.460875
0.077124998 -0.16312499 0.462125
0.077375002 -0.163875 0.460125
0.077375002 -0.16312499 0.45912501
0.076624997 -0.165125 0.46062499
0.076875001 -0.164125 0.460875
0.076875001 -0.163875 0.46187499
0.074874997 -0.166125 0.45912501
0.075625002 -0.165875 0.45912501
0.075874999 -0.165875 0.460125
0.074874997 -0.165875 0.45712501
0.074874997 -0.166125 0.457625
0.076125003 -0.16562501 0.45712501
0.076125003 -0.16562501 0.457625
0.076125003 -0.16537499 0.45587501
0.076875001 -0.165125 0.45912501
0.076875001 -0.165125 0.45787501
0.076875001 -0.165125 0.45587501
0.076875001 -0.165125 0.45712501
0.077375002 -0.163875 0.457625
0.077624999 -0.163875 0.45712501
0.077375002 -0.163875 0.45912501
0.076624997 -0.164875 0.460125
0.038874999 -0.155875 0.46612501
0.039124999 -0.16537499 0.46487501
0.039124999 -0.16787501 0.463875
0.039875001 -0.168125 0.463375
0.039875001 -0.167125 0.46412501
0.040874999 -0.166875 0.463875
0.039124999 -0.166875 0.46437499
0.039124999 -0.159125 0.465875
0.039124999 -0.15987501 0.465875
0.039124999 -0.157875 0.465875
0.038874999 -0.157125 0.46612501
0.039124999 -0.15512501 0.465875
0.039124999 -0.15387499 0.465875
0.039875001 -0.154875 0.46637499
0.041125 -0.154875 0.46662501
0.039875001 -0.15387499 0.46612501
0.041125 -0.15387499 0.46662501
0.039875001 -0.157875 0.46637499
0.039875001 -0.157125 0.46637499
0.039875001 -0.155875 0.46637499
0.041125 -0.155875 0.46662501
0.041875001 -0.155875 0.467125
0.041125 -0.15987501 0.46637499
0.041875001 -0.15987501 0.46662501
0.039875001 -0.159125 0.46612501
0.041125 -0.159125 0.46662501
0.041875001 -0.159125 0.46687499
0.041125 -0.157875 0.46662501
0.041875001 -0.157875 0.46687499
0.041125 -0.157125 0.46662501
0.041875001 -0.157125 0.46687499
0.042874999 -0.160125 0.467125
0.042874999 -0.159125 0.467125
0.043125 -0.157875 0.46737501
0.040874999 -0.16212501 0.465875
0.039875001 -0.161125 0.465875
0.039875001 -0.16187499 0.46562499
0.041125 -0.161125 0.46637499
0.041875001 -0.161125 0.46662501
0.039625 -0.15987501 0.46612501
0.044124998 -0.15987501 0.467125
0.044124998 -0.159125 0.46737501
0.043125 -0.161125 0.46687499
0.044875 -0.161125 0.46687499
0.046124998 -0.161125 0.467125
0.044875 -0.16187499 0.46662501
0.046124998 -0.16187499 0.46687499
0.046875 -0.16187499 0.46687499
0.039124999 -0.163875 0.46537501
0.039124999 -0.16312499 0.46562499
0.039124999 -0.16187499 0.46562499
0.039124999 -0.161125 0.465875
0.039875001 -0.163875 0.46537501
0.039875001 -0.16312499 0.46562499
0.039124999 -0.165875 0.46487501
0.039875001 -0.165875 0.464625
0.041125 -0.165875 0.46437499
0.039875001 -0.165125 0.46487501
0.041125 -0.165125 0.46487501
0.041625001 -0.16312499 0.465875
0.041125 -0.16312499 0.465875
0.041125 -0.163875 0.46537501
0.041875001 -0.163875 0.46562499
0.041875001 -0.16187499 0.46637499
0.043125 -0.16312499 0.46612501
0.044124998 -0.16312499 0.46637499
0.044124998 -0.161125 0.46687499
0.043125 -0.16187499 0.46662501
0.044124998 -0.16187499 0.46662501
0.038874999 -0.17012499 0.46187499
0.039124999 -0.16887499 0.46287501
0.039875001 -0.16887499 0.462625
0.039124999 -0.17112499 0.460875
0.039875001 -0.17012499 0.46187499
0.041125 -0.169875 0.46162501
0.041875001 -0.169875 0.46162501
0.041125 -0.16887499 0.462625
0.043125 -0.163875 0.465875
0.044124998 -0.163875 0.465875
0.041875001 -0.165125 0.46487501
0.043125 -0.165125 0.46487501
0.041875001 -0.165875 0.46437499
0.043125 -0.165875 0.464625
0.044124998 -0.16537499 0.46487501
0.043125 -0.166875 0.463875
0.044124998 -0.166875 0.463875
0.044124998 -0.165875 0.464625
0.044875 -0.165875 0.464625
0.041125 -0.168375 0.46312499
0.041875001 -0.168375 0.46287501
0.041875001 -0.16887499 0.46237499
0.043125 -0.168125 0.46287501
0.044124998 -0.168375 0.46287501
0.041875001 -0.166875 0.463875
0.043125 -0.16912501 0.462125
0.044124998 -0.16912501 0.462125
0.043125 -0.17012499 0.46162501
0.044875 -0.169625 0.462125
0.044875 -0.168375 0.46312499
0.044875 -0.16887499 0.46237499
0.046124998 -0.164125 0.465875
0.046875 -0.164125 0.46612501
0.044875 -0.16537499 0.46487501
0.046124998 -0.165125 0.46537501
0.044875 -0.163875 0.465875
0.047874998 -0.166125 0.46487501
0.046124998 -0.165875 0.464625
0.046875 -0.165875 0.46487501
0.046875 -0.165125 0.46537501
0.048124999 -0.165125 0.46562499
0.044875 -0.166875 0.463875
0.046124998 -0.167125 0.46412501
0.046875 -0.167125 0.46412501
0.046124998 -0.16887499 0.462625
0.046875 -0.16887499 0.462625
0.046124998 -0.168125 0.463375
0.046875 -0.168125 0.46362501
0.048124999 -0.16887499 0.462625
0.048124999 -0.167125 0.46412501
0.048124999 -0.168125 0.46362501
0.048625 -0.16887499 0.462625
0.050124999 -0.16887499 0.462625
0.048625 -0.167125 0.46412501
0.048625 -0.168125 0.46362501
0.050124999 -0.168125 0.46362501
0.051125001 -0.168375 0.46312499
0.050124999 -0.169625 0.462125
0.050124999 -0.170375 0.46112499
0.051125001 -0.16912501 0.462125
0.039124999 -0.175125 0.448125
0.039124999 -0.175375 0.44887501
0.039124999 -0.17362501 0.45712501
0.039124999 -0.17462499 0.45387501
0.039875001 -0.174375 0.45387501
0.039875001 -0.17112499 0.460875
0.039875001 -0.172125 0.45987499
0.041125 -0.170875 0.460875
0.039124999 -0.173125 0.45787501
0.039124999 -0.17262501 0.45912501
0.039124999 -0.172125 0.45987499
0.041875001 -0.170875 0.46062499
0.039875001 -0.172875 0.45787501
0.041125 -0.172875 0.457625
0.039875001 -0.17262501 0.45912501
0.041125 -0.17262501 0.45912501
0.041875001 -0.172125 0.45912501
0.041125 -0.171875 0.45962501
0.039124999 -0.174375 0.455125
0.039875001 -0.174125 0.455125
0.040874999 -0.174125 0.45487499
0.039124999 -0.174125 0.455625
0.039875001 -0.17362501 0.45587501
0.041125 -0.17362501 0.45587501
0.039875001 -0.173375 0.45712501
0.041125 -0.173125 0.45712501
0.041875001 -0.173125 0.45712501
0.041875001 -0.17262501 0.457625
0.039124999 -0.175375 0.45012501
0.039875001 -0.175375 0.45012501
0.039124999 -0.175375 0.45087501
0.039875001 -0.175125 0.45087501
0.040874999 -0.17487501 0.450625
0.039124999 -0.175125 0.451875
0.039625 -0.17487501 0.45162499
0.041625001 -0.17487501 0.44887501
0.041125 -0.175125 0.45012501
0.041875001 -0.17487501 0.45012501
0.041875001 -0.17487501 0.45087501
0.041125 -0.17487501 0.451875
0.039124999 -0.17487501 0.45287499
0.039875001 -0.17462499 0.453125
0.041125 -0.17462499 0.453125
0.041125 -0.174125 0.45387501
0.041875001 -0.17462499 0.451875
0.041875001 -0.174375 0.453125
0.043125 -0.174125 0.453125
0.041875001 -0.174125 0.45387501
0.041125 -0.175125 0.44787499
0.039875001 -0.175125 0.448125
0.041875001 -0.17487501 0.448125
0.039875001 -0.175375 0.44887501
0.041125 -0.175125 0.44887501
0.043125 -0.17462499 0.448125
0.043125 -0.170375 0.46062499
0.043125 -0.17112499 0.460125
0.044124998 -0.17112499 0.460125
0.043125 -0.172125 0.45912501
0.041875001 -0.171625 0.460125
0.044124998 -0.17262501 0.457625
0.044124998 -0.172125 0.458875
0.044124998 -0.170375 0.46112499
0.043875001 -0.173125 0.45587501
0.044124998 -0.17262501 0.45712501
0.043125 -0.17262501 0.457625
0.041875001 -0.173875 0.455125
0.043125 -0.17362501 0.455125
0.044124998 -0.173375 0.455125
0.041875001 -0.173375 0.45587501
0.043125 -0.173125 0.45587501
0.043125 -0.172875 0.456875
0.043125 -0.174125 0.45362499
0.044124998 -0.17362501 0.45387501
0.044875 -0.172125 0.45787501
0.046124998 -0.172125 0.45787501
0.044875 -0.171625 0.45912501
0.044875 -0.170375 0.46112499
0.046124998 -0.169875 0.46162501
0.044875 -0.17112499 0.460125
0.046124998 -0.170375 0.46062499
0.046875 -0.170375 0.46062499
0.046124998 -0.17112499 0.460125
0.046875 -0.169875 0.46162501
0.046124998 -0.171625 0.45912501
0.046875 -0.17112499 0.460125
0.046875 -0.171625 0.45912501
0.048124999 -0.171625 0.45912501
0.044875 -0.173125 0.455125
0.046124998 -0.173125 0.455125
0.046875 -0.172875 0.45487499
0.044875 -0.172875 0.45587501
0.046124998 -0.17262501 0.45587501
0.046875 -0.17262501 0.45587501
0.044875 -0.17262501 0.45712501
0.046124998 -0.17262501 0.45712501
0.048124999 -0.172875 0.45487499
0.048124999 -0.17262501 0.45587501
0.046875 -0.17262501 0.45712501
0.048124999 -0.17262501 0.45712501
0.046875 -0.172125 0.45787501
0.048124999 -0.172125 0.45787501
0.048124999 -0.170625 0.46062499
0.048124999 -0.169875 0.46162501
0.048625 -0.170375 0.46062499
0.048625 -0.169875 0.46162501
0.050124999 -0.17137501 0.45912501
0.048875 -0.17112499 0.460125
0.050124999 -0.170875 0.45987499
0.048625 -0.171625 0.45912501
0.048124999 -0.17112499 0.460125
0.051624998 -0.16912501 0.462125
0.051125001 -0.17012499 0.460875
0.051874999 -0.17012499 0.460875
0.051125001 -0.170875 0.45987499
0.053125001 -0.17137501 0.457625
0.051125001 -0.17137501 0.45912501
0.051874999 -0.17112499 0.45912501
0.051125001 -0.172125 0.45712501
0.048875 -0.172125 0.45787501
0.050124999 -0.172125 0.457625
0.048625 -0.17262501 0.45587501
0.050124999 -0.17262501 0.45587501
0.048875 -0.172125 0.45712501
0.050124999 -0.172125 0.45712501
0.051874999 -0.172125 0.45587501
0.051874999 -0.171875 0.45712501
0.053125001 -0.171625 0.45712501
0.051125001 -0.171625 0.457625
0.051624998 -0.17137501 0.457625
0.048875 -0.172875 0.455125
0.051125001 -0.17262501 0.45587501
0.044124998 -0.174125 0.453125
0.046124998 -0.17362501 0.451875
0.044875 -0.17362501 0.453125
0.044875 -0.173375 0.45387501
0.043125 -0.17462499 0.44887501
0.043125 -0.17462499 0.45012501
0.043125 -0.17462499 0.45087501
0.043125 -0.174375 0.451875
0.044875 -0.174125 0.45087501
0.044124998 -0.174375 0.45012501
0.044124998 -0.174125 0.45087501
0.044124998 -0.174125 0.451875
0.044624999 -0.174125 0.451875
0.044875 -0.174125 0.44887501
0.044875 -0.174125 0.45012501
0.044124998 -0.174375 0.44887501
0.046124998 -0.17362501 0.45012501
0.046124998 -0.17362501 0.45087501
0.046875 -0.173375 0.45012501
0.048124999 -0.173375 0.45012501
0.046875 -0.173375 0.45087501
0.044124998 -0.174375 0.448125
0.044875 -0.174125 0.448125
0.046124998 -0.17362501 0.448125
0.046124998 -0.17362501 0.44887501
0.046875 -0.173375 0.448125
0.046875 -0.173375 0.44887501
0.048124999 -0.173375 0.44887501
0.048875 -0.173125 0.448125
0.048124999 -0.173125 0.448125
0.050124999 -0.173125 0.449875
0.050124999 -0.172875 0.448125
0.051125001 -0.17262501 0.448125
0.048875 -0.173125 0.44887501
0.049874999 -0.172875 0.44887501
0.051125001 -0.17262501 0.44887501
0.048625 -0.173375 0.45012501
0.051125001 -0.172875 0.45012501
0.051624998 -0.17262501 0.45012501
0.046124998 -0.173375 0.453125
0.046875 -0.173375 0.453125
0.046124998 -0.173375 0.45387501
0.046875 -0.173125 0.45387501
0.048124999 -0.173375 0.45087501
0.046875 -0.173375 0.451875
0.048124999 -0.173375 0.451875
0.048124999 -0.173125 0.453125
0.048124999 -0.173125 0.45387501
0.049874999 -0.172875 0.451875
0.048875 -0.173125 0.45087501
0.048875 -0.173125 0.451875
0.048875 -0.173125 0.453125
0.050124999 -0.173125 0.45087501
0.051125001 -0.172875 0.45087501
0.048875 -0.172875 0.45362499
0.050124999 -0.172875 0.453125
0.051125001 -0.17262501 0.453125
0.050124999 -0.17262501 0.45387501
0.051125001 -0.17262501 0.45387501
0.050124999 -0.17262501 0.455125
0.051125001 -0.17262501 0.455125
0.051624998 -0.17262501 0.45087501
0.053125001 -0.17262501 0.451875
0.051125001 -0.17262501 0.451875
0.051624998 -0.17262501 0.451875
0.051624998 -0.17262501 0.453125
0.053125001 -0.172125 0.453125
0.051624998 -0.17262501 0.45387501
0.053125001 -0.172125 0.45387501
0.051874999 -0.172125 0.455125
0.041875001 -0.15512501 0.46687499
0.041875001 -0.15387499 0.46687499
0.042874999 -0.15387499 0.467125
0.043125 -0.154875 0.467125
0.044124998 -0.154875 0.46737501
0.044124998 -0.15387499 0.46737501
0.043125 -0.157125 0.46737501
0.043125 -0.155875 0.46737501
0.044124998 -0.155875 0.46737501
0.044124998 -0.157875 0.46737501
0.044124998 -0.157125 0.46737501
0.045875002 -0.154875 0.467875
0.044875 -0.154875 0.46762499
0.062125001 -0.123125 0.460125
0.062125001 -0.123875 0.460875
0.061875001 -0.123375 0.460875
0.062375002 -0.123125 0.45912501
0.061875001 -0.122375 0.458875
0.055125002 -0.153125 0.469625
0.055125002 -0.152125 0.469625
0.062624998 -0.123875 0.45912501
0.062875003 -0.123375 0.45712501
0.053874999 -0.142875 0.467125
0.055875 -0.14237501 0.46737501
0.055125002 -0.142875 0.467125
0.053624999 -0.145125 0.46737501
0.055125002 -0.144375 0.46737501
0.055875 -0.142875 0.46737501
0.055125002 -0.145125 0.46762499
0.055875 -0.144375 0.46762499
0.057124998 -0.144125 0.467875
0.056875002 -0.142875 0.46737501
0.057875 -0.142875 0.46762499
0.057875 -0.14237501 0.46737501
0.058874998 -0.14237501 0.46737501
0.054875001 -0.14587501 0.467875
0.057624999 -0.144125 0.467875
0.055875 -0.145125 0.467875
0.055875 -0.14587501 0.468375
0.056875002 -0.14587501 0.46862501
0.057124998 -0.145125 0.467875
0.056875002 -0.14137501 0.46737501
0.058874998 -0.13987499 0.467125
0.057124998 -0.142125 0.467125
0.057875 -0.14112499 0.467125
0.059875 -0.14012501 0.46687499
0.058874998 -0.14112499 0.467125
0.060125001 -0.14112499 0.467125
0.060874999 -0.14012501 0.46687499
0.062125001 -0.143125 0.46887499
0.058874998 -0.143125 0.467875
0.060125001 -0.142875 0.467875
0.060874999 -0.142875 0.46862501
0.060125001 -0.14237501 0.46762499
0.057875 -0.146125 0.46887499
0.057875 -0.145125 0.468375
0.058874998 -0.145375 0.46887499
0.058874998 -0.144375 0.468375
0.060125001 -0.144375 0.46862501
0.058874998 -0.14812499 0.469625
0.060625002 -0.144125 0.469125
0.063874997 -0.144125 0.46987501
0.058874998 -0.14587501 0.46937501
0.060125001 -0.14587501 0.469625
0.059875 -0.145125 0.469125
0.060874999 -0.145125 0.46937501
0.062125001 -0.145375 0.469625
0.062875003 -0.145125 0.46987501
0.062125001 -0.144375 0.46937501
0.062875003 -0.144375 0.469625
0.056875002 -0.14687499 0.469125
0.060125001 -0.14712501 0.469625
0.060874999 -0.146125 0.469625
0.057875 -0.14687499 0.46937501
0.058874998 -0.14687499 0.469625
0.060874999 -0.14687499 0.470375
0.062125001 -0.14587501 0.47012499
0.064125001 -0.145125 0.47062501
0.062875003 -0.142875 0.469125
0.064125001 -0.142875 0.46937501
0.060125001 -0.13887499 0.467125
0.060874999 -0.13887499 0.46662501
0.062125001 -0.13887499 0.46662501
0.060625002 -0.138125 0.46687499
0.062125001 -0.138125 0.46612501
0.064125001 -0.137125 0.46562499
0.062875003 -0.138125 0.46612501
0.062875003 -0.137125 0.46562499
0.064125001 -0.138125 0.46612501
0.062875003 -0.139375 0.46687499
0.064125001 -0.139125 0.46687499
0.061875001 -0.13987499 0.467125
0.062875003 -0.13987499 0.46737501
0.064874999 -0.138125 0.46612501
0.064874999 -0.139375 0.46687499
0.062375002 -0.12512501 0.462125
0.061875001 -0.124125 0.46187499
0.061625 -0.123875 0.462625
0.061375 -0.123875 0.46412501
0.061875001 -0.12512501 0.46287501
0.061625 -0.12512501 0.46412501
0.061625 -0.12612499 0.46487501
0.061375 -0.12512501 0.46487501
0.061375 -0.12612499 0.465875
0.062375002 -0.12612499 0.462625
0.062125001 -0.12712499 0.46412501
0.061875001 -0.126375 0.463875
0.062624998 -0.129125 0.46487501
0.062125001 -0.127875 0.46487501
0.064125001 -0.13987499 0.46737501
0.065875001 -0.13887499 0.46662501
0.064874999 -0.137125 0.46537501
0.065875001 -0.13987499 0.467125
0.064874999 -0.13987499 0.46737501
0.065875001 -0.138125 0.46612501
0.069124997 -0.137125 0.46612501
0.065875001 -0.136875 0.46512499
0.066875003 -0.135625 0.46412501
0.066875003 -0.136125 0.464625
0.065875001 -0.135875 0.464625
0.067874998 -0.136125 0.46487501
0.067874998 -0.137125 0.465875
0.060625002 -0.142125 0.467875
0.062125001 -0.141875 0.467875
0.062875003 -0.14112499 0.467875
0.060874999 -0.14137501 0.46737501
0.062125001 -0.14137501 0.46762499
0.064125001 -0.142125 0.46887499
0.062875003 -0.14237501 0.46862501
0.064125001 -0.14112499 0.467875
0.065875001 -0.14112499 0.467875
0.064874999 -0.14112499 0.467875
0.064874999 -0.142125 0.469125
0.065875001 -0.142125 0.46887499
0.065624997 -0.143125 0.46987501
0.064874999 -0.14337499 0.469625
0.064874999 -0.144375 0.470375
0.067125 -0.143125 0.469625
0.066875003 -0.140875 0.467875
0.066875003 -0.142125 0.469125
0.067874998 -0.14112499 0.46887499
0.067874998 -0.14237501 0.469625
0.067125 -0.139125 0.46687499
0.067874998 -0.138375 0.46687499
0.066875003 -0.13987499 0.46762499
0.067125 -0.138125 0.46612501
0.066875003 -0.137125 0.46562499
0.067625001 -0.13987499 0.467875
0.069124997 -0.139125 0.467875
0.068875 -0.140875 0.469125
0.068875 -0.13987499 0.46862501
0.067874998 -0.13887499 0.46737501
0.068875 -0.138125 0.467125
0.069624998 -0.138125 0.46687499
0.069875002 -0.140875 0.469125
0.069875002 -0.13987499 0.46862501
0.069875002 -0.139125 0.467875
0.070625 -0.13887499 0.467125
0.071125001 -0.13887499 0.46487501
0.070874996 -0.138125 0.46487501
0.070874996 -0.14012501 0.46687499
0.071125001 -0.13987499 0.46612501
0.070874996 -0.13887499 0.46612501
0.071125001 -0.13987499 0.46487501
0.071374997 -0.14137501 0.465875
0.071374997 -0.13987499 0.46412501
0.071374997 -0.14137501 0.46487501
0.071625002 -0.14137501 0.462625
0.071374997 -0.13987499 0.462625
0.071625002 -0.14137501 0.46412501
0.058874998 -0.150875 0.47062501
0.060125001 -0.150875 0.47062501
0.058874998 -0.149875 0.470375
0.060125001 -0.149875 0.47062501
0.058874998 -0.14912499 0.47012499
0.062125001 -0.14912499 0.47087499
0.060874999 -0.149875 0.47087499
0.061875001 -0.149875 0.47112501
0.060125001 -0.14912499 0.470375
0.060874999 -0.14912499 0.47062501
0.062875003 -0.14912499 0.47137499
0.064125001 -0.14912499 0.471625
0.060125001 -0.14812499 0.470375
0.060874999 -0.14812499 0.47062501
0.062125001 -0.14812499 0.47087499
0.062624998 -0.14812499 0.47112501
0.064125001 -0.14812499 0.47137499
0.064874999 -0.14812499 0.471625
0.061875001 -0.150875 0.47112501
0.062875003 -0.150875 0.47112501
0.062875003 -0.149875 0.47137499
0.064125001 -0.149875 0.471625
0.062125001 -0.14687499 0.47062501
0.062875003 -0.14687499 0.47087499
0.063874997 -0.14687499 0.47112501
0.064874999 -0.14687499 0.47137499
0.062875003 -0.14587501 0.47062501
0.064125001 -0.14587501 0.47087499
0.064625002 -0.14587501 0.47112501
0.065875001 -0.14812499 0.471625
0.065875001 -0.14687499 0.47137499
0.066875003 -0.14812499 0.471625
0.067125 -0.14687499 0.47112501
0.064125001 -0.150875 0.47137499
0.064874999 -0.149875 0.471625
0.067125 -0.153125 0.47087499
0.065624997 -0.153125 0.47087499
0.064125001 -0.152375 0.47112501
0.064874999 -0.152125 0.47112501
0.065875001 -0.152125 0.47112501
0.064874999 -0.150875 0.471625
0.065875001 -0.150875 0.471625
0.064125001 -0.153125 0.47087499
0.064874999 -0.153125 0.47087499
0.065875001 -0.149875 0.47187501
0.064874999 -0.14912499 0.47187501
0.065875001 -0.14912499 0.47187501
0.066875003 -0.14912499 0.471625
0.066875003 -0.149875 0.471625
0.067874998 -0.149875 0.471625
0.067874998 -0.14912499 0.471625
0.069124997 -0.14912499 0.47187501
0.067125 -0.152125 0.47112501
0.067874998 -0.152125 0.47112501
0.066875003 -0.150875 0.471625
0.067874998 -0.150875 0.47137499
0.067874998 -0.153125 0.47087499
0.068875 -0.153125 0.47087499
0.069124997 -0.152125 0.47112501
0.069875002 -0.152125 0.47112501
0.068875 -0.150875 0.47137499
0.069875002 -0.150875 0.47137499
0.071125001 -0.150875 0.47137499
0.064874999 -0.145125 0.47087499
0.065875001 -0.144375 0.470375
0.065624997 -0.146125 0.47087499
0.067125 -0.14587501 0.47087499
0.065875001 -0.145125 0.47062501
0.066875003 -0.145125 0.47062501
0.066875003 -0.144375 0.470375
0.068875 -0.142125 0.46987501
0.067874998 -0.142875 0.470375
0.067874998 -0.145125 0.47087499
0.067874998 -0.144125 0.47087499
0.067874998 -0.14687499 0.47137499
0.067625001 -0.14587501 0.47112501
0.068875 -0.14587501 0.47137499
0.068875 -0.145125 0.47137499
0.068875 -0.144125 0.47112501
0.068875 -0.14687499 0.471625
0.069875002 -0.145125 0.471625
0.069624998 -0.144125 0.47112501
0.068875 -0.143125 0.47087499
0.069624998 -0.142125 0.469625
0.071125001 -0.142875 0.46987501
0.071125001 -0.142125 0.469125
0.070625 -0.14137501 0.469125
0.070625 -0.13987499 0.467875
0.071125001 -0.14112499 0.467875
0.069875002 -0.142875 0.47062501
0.071125001 -0.145125 0.47112501
0.061875001 -0.12737501 0.464625
0.061625 -0.12712499 0.465875
0.061875001 -0.127875 0.465875
0.062875003 -0.127875 0.462125
0.062875003 -0.12712499 0.462125
0.062624998 -0.12612499 0.462125
0.062875003 -0.127875 0.46287501
0.063124999 -0.124875 0.45787501
0.062624998 -0.124125 0.45787501
0.063625 -0.12512501 0.45587501
0.063375004 -0.12512501 0.45712501
0.063124999 -0.123875 0.45712501
0.063375004 -0.12612499 0.457625
0.064125001 -0.12712499 0.45587501
0.063874997 -0.12612499 0.45587501
0.063874997 -0.12737501 0.45712501
0.063625 -0.12612499 0.45712501
0.062624998 -0.12512501 0.460125
0.062875003 -0.12612499 0.460875
0.062375002 -0.12512501 0.46062499
0.063124999 -0.12612499 0.45912501
0.062875003 -0.12512501 0.458875
0.063375004 -0.12712499 0.460125
0.070874996 -0.144375 0.47087499
0.071874999 -0.145125 0.46987501
0.071625002 -0.144375 0.46987501
0.071374997 -0.142875 0.469125
0.071625002 -0.14237501 0.467125
0.071125001 -0.14112499 0.467125
0.071374997 -0.14237501 0.467875
0.071874999 -0.14237501 0.462625
0.071874999 -0.142875 0.46412501
0.071874999 -0.142125 0.46412501
0.072125003 -0.144125 0.46487501
0.071874999 -0.143125 0.46487501
0.071874999 -0.142125 0.46487501
0.071625002 -0.14237501 0.465875
0.071625002 -0.142875 0.467125
0.071625002 -0.142875 0.467875
0.071625002 -0.144375 0.467875
0.071874999 -0.145125 0.469125
0.071625002 -0.144375 0.469125
0.071874999 -0.144125 0.46612501
0.071874999 -0.142875 0.46612501
0.071874999 -0.144125 0.467125
0.072125003 -0.145125 0.46612501
0.071874999 -0.145125 0.46687499
0.067874998 -0.14812499 0.471625
0.068875 -0.14812499 0.471625
0.069875002 -0.14587501 0.471625
0.071125001 -0.14587501 0.471625
0.069875002 -0.14812499 0.47187501
0.069875002 -0.14687499 0.47187501
0.071625002 -0.14587501 0.47112501
0.071874999 -0.14712501 0.47087499
0.071125001 -0.14912499 0.47187501
0.068875 -0.149875 0.471625
0.069875002 -0.149875 0.471625
0.069875002 -0.14912499 0.47187501
0.071125001 -0.14812499 0.47187501
0.071125001 -0.14687499 0.47187501
0.071874999 -0.14812499 0.47112501
0.071874999 -0.14912499 0.47112501
0.072375 -0.14812499 0.46987501
0.072125003 -0.14687499 0.46987501
0.071874999 -0.146125 0.469625
0.072375 -0.14812499 0.469125
0.072125003 -0.14687499 0.469125
0.072375 -0.14912499 0.46987501
0.072624996 -0.149875 0.467875
0.072624996 -0.14912499 0.467875
0.072624996 -0.14912499 0.469125
0.072875001 -0.149875 0.469125
0.071874999 -0.146125 0.46762499
0.071874999 -0.145125 0.467875
0.072125003 -0.14687499 0.467875
0.071874999 -0.14587501 0.469125
0.072624996 -0.14687499 0.465875
0.072375 -0.14587501 0.465875
0.072125003 -0.14587501 0.467125
0.072375 -0.14687499 0.467125
0.072624996 -0.144375 0.46062499
0.072375 -0.144375 0.462125
0.072375 -0.142875 0.462125
0.072375 -0.144375 0.462625
0.072125003 -0.142875 0.46287501
0.072125003 -0.144125 0.46412501
0.072875001 -0.14587501 0.460875
0.072875001 -0.14587501 0.462125
0.072875001 -0.146125 0.462625
0.072875001 -0.14587501 0.46412501
0.072375 -0.145125 0.46487501
0.073124997 -0.14687499 0.462125
0.073124997 -0.14687499 0.46287501
0.073375002 -0.14687499 0.46062499
0.073375002 -0.14812499 0.462625
0.072875001 -0.145125 0.460875
0.072624996 -0.145125 0.462125
0.072624996 -0.145125 0.462625
0.072375 -0.145125 0.46412501
0.072875001 -0.145125 0.460125
0.073375002 -0.14587501 0.460125
0.073124997 -0.144125 0.45787501
0.073124997 -0.145125 0.45912501
0.072875001 -0.144125 0.458875
0.073375002 -0.144375 0.45712501
0.073624998 -0.14587501 0.457625
0.073375002 -0.145125 0.457625
0.073624998 -0.14812499 0.46062499
0.073375002 -0.14812499 0.462125
0.073624998 -0.14812499 0.460125
0.073875003 -0.14687499 0.45787501
0.073624998 -0.14687499 0.45912501
0.073375002 -0.14587501 0.45912501
0.073624998 -0.14687499 0.460125
0.072875001 -0.14937501 0.465875
0.072624996 -0.14812499 0.465875
0.072624996 -0.14812499 0.467125
0.072875001 -0.149875 0.46612501
0.072875001 -0.149875 0.467125
0.072624996 -0.14912499 0.467125
0.072375 -0.14812499 0.467875
0.073375002 -0.150875 0.465875
0.072875001 -0.150875 0.467125
0.073624998 -0.150875 0.46412501
0.073624998 -0.150875 0.46487501
0.073375002 -0.152125 0.465875
0.073875003 -0.151125 0.46287501
0.074124999 -0.150875 0.462125
0.073875003 -0.150125 0.46187499
0.073624998 -0.149875 0.462625
0.073624998 -0.149875 0.46412501
0.073375002 -0.149875 0.46487501
0.072875001 -0.14687499 0.46487501
0.072624996 -0.14587501 0.46487501
0.073124997 -0.14812499 0.46412501
0.072875001 -0.14687499 0.46412501
0.073124997 -0.14912499 0.46487501
0.072875001 -0.148375 0.464625
0.073624998 -0.14912499 0.462625
0.073375002 -0.14912499 0.46412501
0.073624998 -0.14912499 0.462125
0.073875003 -0.148375 0.458875
0.073875003 -0.14912499 0.45987499
0.073875003 -0.14912499 0.460875
0.074124999 -0.149875 0.460875
0.074124999 -0.14912499 0.45912501
0.074625 -0.149875 0.457625
0.074375004 -0.149875 0.45912501
0.074874997 -0.151125 0.45787501
0.074625 -0.152125 0.46062499
0.074375004 -0.150875 0.46062499
0.074874997 -0.152125 0.458875
0.074625 -0.150875 0.45912501
0.074874997 -0.153125 0.460125
0.074874997 -0.152125 0.460125
0.074375004 -0.150875 0.460125
0.074124999 -0.149875 0.460125
0.074375004 -0.14587501 0.453125
0.074124999 -0.14587501 0.45387501
0.073624998 -0.144375 0.45387501
0.073624998 -0.144375 0.455125
0.073624998 -0.145125 0.45587501
0.073624998 -0.144375 0.45587501
0.073875003 -0.14587501 0.45712501
0.073624998 -0.145125 0.45712501
0.073875003 -0.145125 0.45387501
0.073875003 -0.14587501 0.455125
0.073875003 -0.145125 0.455125
0.073875003 -0.14587501 0.45587501
0.074375004 -0.14812499 0.455125
0.074124999 -0.14687499 0.455125
0.074124999 -0.14687499 0.45587501
0.073875003 -0.14712501 0.45712501
0.074625 -0.14812499 0.45387501
0.074375004 -0.14687499 0.45387501
0.074625 -0.14687499 0.453125
0.074375004 -0.14812499 0.45587501
0.074124999 -0.14812499 0.45712501
0.075125001 -0.14812499 0.45087501
0.074874997 -0.14812499 0.451875
0.074874997 -0.14812499 0.453125
0.075374998 -0.14912499 0.45087501
0.075374998 -0.14912499 0.451875
0.074874997 -0.14912499 0.453125
0.076125003 -0.150875 0.45012501
0.075874999 -0.149875 0.45012501
0.075374998 -0.14912499 0.45012501
0.075874999 -0.151125 0.450625
0.075374998 -0.149875 0.45087501
0.075374998 -0.149875 0.451875
0.075374998 -0.149875 0.453125
0.075374998 -0.149875 0.45387501
0.074874997 -0.14912499 0.45362499
0.076125003 -0.150875 0.44887501
0.076125003 -0.149875 0.44887501
0.074625 -0.14912499 0.45587501
0.074625 -0.14912499 0.45712501
0.074124999 -0.14812499 0.45787501
0.074874997 -0.149875 0.45712501
0.074375004 -0.14912499 0.457625
0.074874997 -0.149875 0.455125
0.074874997 -0.14912499 0.455125
0.074874997 -0.149875 0.45587501
0.075125001 -0.150875 0.45587501
0.074874997 -0.150875 0.45712501
0.075874999 -0.152125 0.45387501
0.075374998 -0.152125 0.455125
0.075374998 -0.150875 0.455125
0.075125001 -0.152125 0.45787501
0.075125001 -0.153125 0.45912501
0.075374998 -0.153125 0.457625
0.075374998 -0.153125 0.45712501
0.075125001 -0.152125 0.45712501
0.076125003 -0.153125 0.45387501
0.075874999 -0.153375 0.455125
0.075374998 -0.152125 0.45587501
0.059875 -0.13312501 0.46887499
0.060874999 -0.13312501 0.467875
0.060874999 -0.13187499 0.467875
0.060125001 -0.13187499 0.469125
0.075374998 -0.153125 0.45587501
0.075874999 -0.152375 0.453125
0.075374998 -0.150875 0.453125
0.075374998 -0.150875 0.45387501
0.076375 -0.153125 0.451875
0.076125003 -0.152125 0.45087501
0.076125003 -0.152125 0.451875
0.075874999 -0.150875 0.451875
0.076125003 -0.153125 0.453125
0.076125003 -0.149875 0.448125
0.075874999 -0.14912499 0.448125
0.075874999 -0.14912499 0.44887501
0.076624997 -0.152125 0.448125
0.076624997 -0.152125 0.44887501
0.076375 -0.150875 0.448125
0.076375 -0.153125 0.45012501
0.076375 -0.152125 0.45012501
0.076375 -0.153125 0.45087501
0.076624997 -0.153125 0.44887501
0.076875001 -0.153375 0.44787499
0.060874999 -0.123125 0.46487501
0.060375001 -0.122125 0.465875
0.059875 -0.122375 0.46762499
0.059875 -0.123125 0.469125
0.060625002 -0.123875 0.467125
0.060375001 -0.123875 0.467875
0.060125001 -0.123125 0.467875
0.060874999 -0.124125 0.465875
0.060625002 -0.123125 0.465875
0.060375001 -0.123125 0.467125
0.060874999 -0.123125 0.46412501
0.060874999 -0.122375 0.463875
0.060874999 -0.123875 0.46487501
0.061124999 -0.124875 0.46612501
0.058874998 -0.127875 0.46987501
0.057875 -0.128875 0.47112501
0.057875 -0.127875 0.47112501
0.055875 -0.131375 0.47187501
0.057624999 -0.13187499 0.47087499
0.057875 -0.131125 0.47087499
0.058874998 -0.131125 0.46987501
0.058874998 -0.130125 0.46987501
0.058874998 -0.128875 0.46987501
0.060125001 -0.127875 0.469125
0.058874998 -0.13187499 0.46987501
0.057875 -0.130125 0.47087499
0.058874998 -0.12712499 0.46987501
0.058125 -0.12712499 0.47112501
0.060125001 -0.12712499 0.469125
0.060125001 -0.12612499 0.469125
0.059374999 -0.12512501 0.46987501
0.061375 -0.127875 0.467125
0.060625002 -0.127875 0.46762499
0.060874999 -0.12712499 0.467125
0.062125001 -0.130375 0.46612501
0.062125001 -0.128875 0.46612501
0.061875001 -0.131125 0.46687499
0.061625 -0.130125 0.467125
0.061375 -0.129125 0.467125
0.060874999 -0.128875 0.467875
0.060874999 -0.131125 0.467875
0.060874999 -0.130125 0.467875
0.060125001 -0.131125 0.469125
0.060125001 -0.130125 0.469125
0.060125001 -0.128875 0.469125
0.058874998 -0.13312501 0.46987501
0.058125 -0.13412499 0.46987501
0.058874998 -0.13412499 0.469625
0.058874998 -0.136125 0.469125
0.058874998 -0.135125 0.469125
0.059875 -0.13412499 0.46887499
0.062875003 -0.12612499 0.460125
0.062875003 -0.12712499 0.460875
0.063375004 -0.12712499 0.45912501
0.064125001 -0.127875 0.45712501
0.063625 -0.12712499 0.457625
0.063625 -0.12512501 0.455125
0.063375004 -0.123875 0.455125
0.063124999 -0.123875 0.45587501
0.063874997 -0.124125 0.45087501
0.064125001 -0.124875 0.451875
0.063625 -0.123875 0.451875
0.063625 -0.123875 0.453125
0.063874997 -0.123375 0.45012501
0.064625002 -0.123875 0.44887501
0.064374998 -0.123875 0.45012501
0.064374998 -0.12512501 0.45087501
0.064874999 -0.124875 0.448125
0.064874999 -0.123875 0.448125
0.064625002 -0.12512501 0.448625
0.064625002 -0.12512501 0.45012501
0.064874999 -0.126375 0.45087501
0.064874999 -0.12612499 0.45012501
0.065375 -0.12612499 0.448125
0.065624997 -0.12737501 0.44887501
0.065375 -0.12612499 0.44887501
0.064374998 -0.12712499 0.455125
0.063874997 -0.12612499 0.45487499
0.064374998 -0.127875 0.45587501
0.064625002 -0.12612499 0.451875
0.063874997 -0.12512501 0.45287499
0.063625 -0.12512501 0.45387501
0.064374998 -0.12612499 0.453125
0.064625002 -0.12712499 0.45387501
0.064125001 -0.12612499 0.45387501
0.064625002 -0.127875 0.455125
0.064625002 -0.12712499 0.453125
0.064874999 -0.127875 0.45387501
0.064874999 -0.128875 0.455125
0.064874999 -0.128875 0.45387501
0.065125003 -0.127875 0.451875
0.064625002 -0.12737501 0.45162499
0.064625002 -0.128125 0.45287499
0.065375 -0.127875 0.45087501
0.065624997 -0.12712499 0.45012501
0.065125003 -0.12712499 0.45087501
0.065875001 -0.128125 0.449875
0.066124998 -0.127875 0.44887501
0.065375 -0.129125 0.453125
0.065875001 -0.129125 0.45162499
0.065875001 -0.128875 0.45087501
0.066875003 -0.129125 0.45012501
0.066875003 -0.129375 0.45087501
0.067125 -0.128875 0.44887501
0.067874998 -0.130125 0.449875
0.062624998 -0.12712499 0.462625
0.062624998 -0.127875 0.46412501
0.063874997 -0.129125 0.45987499
0.063625 -0.127875 0.460125
0.063375004 -0.127875 0.46062499
0.063874997 -0.128125 0.45787501
0.064125001 -0.128875 0.45912501
0.063874997 -0.127875 0.45912501
0.064625002 -0.131375 0.458875
0.064625002 -0.130125 0.45912501
0.065875001 -0.13187499 0.45912501
0.065875001 -0.13312501 0.460125
0.067874998 -0.133625 0.46062499
0.069124997 -0.13412499 0.460875
0.068875 -0.13437501 0.462125
0.067874998 -0.13437501 0.46187499
0.067874998 -0.134875 0.46287501
0.065875001 -0.130125 0.45587501
0.064874999 -0.128875 0.45587501
0.064625002 -0.130375 0.45787501
0.064374998 -0.129125 0.457625
0.065375 -0.130125 0.45712501
0.064625002 -0.129125 0.45712501
0.065875001 -0.130125 0.45387501
0.065875001 -0.130125 0.455125
0.066875003 -0.13212501 0.457625
0.065624997 -0.131375 0.457625
0.067874998 -0.13212501 0.455625
0.066875003 -0.131125 0.455625
0.065875001 -0.131125 0.45712501
0.067125 -0.13187499 0.45712501
0.067125 -0.131125 0.455125
0.068125002 -0.13187499 0.455125
0.066875003 -0.130375 0.45287499
0.065875001 -0.12962499 0.453125
0.067625001 -0.130375 0.451875
0.066875003 -0.12962499 0.451875
0.068125002 -0.131125 0.453125
0.067625001 -0.131375 0.45387501
0.066875003 -0.130375 0.45387501
0.069124997 -0.13187499 0.45387501
0.068875 -0.131375 0.451875
0.069124997 -0.13187499 0.453125
0.067874998 -0.130125 0.45087501
0.068875 -0.131125 0.449875
0.068875 -0.131125 0.45087501
0.069624998 -0.13212501 0.451875
0.067874998 -0.13312501 0.45912501
0.067125 -0.13312501 0.460125
0.066875003 -0.132375 0.45912501
0.067874998 -0.132625 0.45712501
0.067874998 -0.132625 0.457625
0.068875 -0.132625 0.45587501
0.068875 -0.13312501 0.457625
0.069124997 -0.13312501 0.45712501
0.069875002 -0.13312501 0.455625
0.069875002 -0.133375 0.45712501
0.067874998 -0.133375 0.460125
0.068875 -0.133625 0.460125
0.068875 -0.133375 0.45912501
0.069875002 -0.13412499 0.460875
0.070625 -0.13412499 0.45912501
0.069875002 -0.13412499 0.460125
0.069875002 -0.133375 0.457625
0.069875002 -0.133625 0.45912501
0.070874996 -0.13412499 0.45712501
0.070874996 -0.13437501 0.45787501
0.068875 -0.132375 0.455125
0.070124999 -0.13312501 0.45387501
0.069875002 -0.13312501 0.455125
0.070124999 -0.13312501 0.453125
0.071125001 -0.133875 0.451875
0.071125001 -0.133875 0.453125
0.071125001 -0.133875 0.45387501
0.071125001 -0.13412499 0.455125
0.071125001 -0.13412499 0.45587501
0.071874999 -0.136125 0.45287499
0.071874999 -0.134875 0.453125
0.071625002 -0.135125 0.45387501
0.039124999 -0.14912499 0.467125
0.039875001 -0.14912499 0.46687499
0.039124999 -0.14812499 0.46762499
0.041125 -0.148375 0.467125
0.039124999 -0.14712501 0.467875
0.039875001 -0.14712501 0.467875
0.041125 -0.14687499 0.467875
0.041875001 -0.146125 0.467875
0.071625002 -0.138375 0.45912501
0.071625002 -0.137125 0.45912501
0.071874999 -0.13887499 0.460125
0.071625002 -0.138375 0.460125
0.071625002 -0.137125 0.460125
0.071374997 -0.137125 0.46062499
0.071874999 -0.13887499 0.45787501
0.071874999 -0.138125 0.45787501
0.071874999 -0.139125 0.45912501
0.071374997 -0.135875 0.460125
0.071374997 -0.135875 0.457625
0.071374997 -0.135875 0.45912501
0.071874999 -0.137375 0.45487499
0.071625002 -0.135875 0.455125
0.071874999 -0.137125 0.45587501
0.071625002 -0.135875 0.45587501
0.072375 -0.138375 0.45387501
0.071874999 -0.137125 0.45387501
0.071874999 -0.135875 0.45387501
0.071625002 -0.135125 0.455125
0.071874999 -0.13887499 0.45712501
0.071874999 -0.138125 0.45712501
0.071625002 -0.137125 0.45712501
0.072375 -0.13887499 0.45587501
0.072875001 -0.14012501 0.45387501
0.072125003 -0.138125 0.455125
0.071874999 -0.138125 0.45587501
0.072624996 -0.13887499 0.455125
0.072875001 -0.13987499 0.453125
0.072624996 -0.13887499 0.45387501
0.071625002 -0.138375 0.46062499
0.071625002 -0.13887499 0.46062499
0.071374997 -0.13887499 0.462125
0.071874999 -0.13987499 0.460875
0.071874999 -0.14112499 0.462125
0.071625002 -0.13987499 0.462125
0.072375 -0.142875 0.46062499
0.072125003 -0.142125 0.460875
0.071874999 -0.14112499 0.460875
0.071874999 -0.142125 0.462125
0.072375 -0.14137501 0.45912501
0.072125003 -0.13987499 0.45912501
0.072624996 -0.142875 0.460125
0.072375 -0.14237501 0.460125
0.072125003 -0.14112499 0.460125
0.071874999 -0.14012501 0.45987499
0.072375 -0.13987499 0.45712501
0.072624996 -0.14237501 0.45912501
0.072624996 -0.14137501 0.457625
0.072375 -0.13987499 0.457625
0.072624996 -0.13987499 0.45587501
0.072875001 -0.13987499 0.455125
0.072875001 -0.14112499 0.45587501
0.072624996 -0.14137501 0.45712501
0.072875001 -0.142125 0.45587501
0.072875001 -0.142125 0.45712501
0.073375002 -0.14237501 0.455125
0.072875001 -0.142875 0.45787501
0.072875001 -0.142125 0.45787501
0.072875001 -0.142875 0.45912501
0.072875001 -0.144125 0.460125
0.073375002 -0.142875 0.45712501
0.073124997 -0.13987499 0.451875
0.072875001 -0.139125 0.451875
0.072624996 -0.13887499 0.453125
0.072375 -0.138375 0.453125
0.072125003 -0.137125 0.453125
0.073375002 -0.13887499 0.44887501
0.072875001 -0.138125 0.449875
0.072875001 -0.137125 0.45012501
0.072624996 -0.137125 0.45087501
0.072375 -0.135875 0.45087501
0.072375 -0.137125 0.451875
0.073124997 -0.138125 0.44887501
0.072875001 -0.137375 0.44887501
0.072624996 -0.135875 0.44887501
0.072624996 -0.135875 0.45012501
0.073624998 -0.13987499 0.44887501
0.073375002 -0.13987499 0.45012501
0.073124997 -0.13887499 0.45012501
0.073375002 -0.13987499 0.45087501
0.072875001 -0.13887499 0.45087501
0.072624996 -0.138375 0.45087501
0.072624996 -0.138375 0.451875
0.073375002 -0.13887499 0.448125
0.073124997 -0.138125 0.448125
0.072875001 -0.137125 0.448125
0.048124999 -0.152125 0.46762499
0.044875 -0.153125 0.46737501
0.046124998 -0.153125 0.46762499
0.046875 -0.153375 0.467875
0.048124999 -0.153125 0.46812499
0.074124999 -0.142875 0.44887501
0.074124999 -0.142125 0.44887501
0.073875003 -0.14112499 0.44887501
0.073875003 -0.14237501 0.45012501
0.073624998 -0.14137501 0.45012501
0.073624998 -0.14137501 0.45087501
0.046124998 -0.152125 0.46737501
0.046875 -0.152125 0.46762499
0.074375004 -0.142875 0.448125
0.074124999 -0.142125 0.448125
0.073875003 -0.14137501 0.448125
0.073624998 -0.13987499 0.448125
0.046875 -0.150875 0.46737501
0.048124999 -0.150875 0.46762499
0.048124999 -0.149875 0.46762499
0.072875001 -0.14137501 0.45487499
0.073375002 -0.14137501 0.451875
0.073375002 -0.14137501 0.453125
0.073124997 -0.14112499 0.45387501
0.073624998 -0.14237501 0.453125
0.073624998 -0.142875 0.45387501
0.073375002 -0.14237501 0.45387501
0.073875003 -0.143125 0.451875
0.073624998 -0.14237501 0.451875
0.073624998 -0.142875 0.453125
0.073375002 -0.142875 0.455125
0.073375002 -0.142875 0.45587501
0.074124999 -0.145125 0.453125
0.073875003 -0.144375 0.45287499
0.074124999 -0.142875 0.45012501
0.074124999 -0.142875 0.45087501
0.073875003 -0.142125 0.45087501
0.074124999 -0.144125 0.451875
0.074375004 -0.144375 0.45012501
0.074375004 -0.145125 0.45087501
0.074124999 -0.144125 0.45087501
0.074375004 -0.145125 0.451875
0.074375004 -0.14587501 0.451875
0.074625 -0.145125 0.44887501
0.074375004 -0.144375 0.44887501
0.075374998 -0.14812499 0.45012501
0.074874997 -0.14687499 0.45012501
0.074874997 -0.14587501 0.45012501
0.074625 -0.145125 0.45012501
0.074874997 -0.14712501 0.450625
0.074625 -0.14587501 0.45087501
0.074874997 -0.14687499 0.451875
0.075374998 -0.14812499 0.448125
0.075125001 -0.14687499 0.448125
0.074874997 -0.146125 0.448125
0.075374998 -0.14812499 0.44887501
0.075125001 -0.14687499 0.44887501
0.074874997 -0.146125 0.44887501
0.044124998 -0.152125 0.46687499
0.044875 -0.150875 0.467125
0.043125 -0.152125 0.46687499
0.044875 -0.152125 0.467125
0.044124998 -0.150875 0.46687499
0.046124998 -0.150875 0.467125
0.046875 -0.149875 0.46737501
0.048875 -0.150875 0.467875
0.048875 -0.149875 0.467875
0.048625 -0.153125 0.468375
0.050124999 -0.153125 0.46862501
0.048625 -0.152125 0.468375
0.050124999 -0.152125 0.468375
0.050124999 -0.150875 0.468375
0.051125001 -0.153125 0.46887499
0.050124999 -0.14687499 0.467125
0.051125001 -0.14687499 0.46737501
0.051125001 -0.14587501 0.467125
0.051624998 -0.14587501 0.46737501
0.053125001 -0.14587501 0.46762499
0.048625 -0.14912499 0.46762499
0.050124999 -0.14912499 0.467875
0.050124999 -0.14812499 0.46737501
0.051125001 -0.14812499 0.46762499
0.051624998 -0.14687499 0.46762499
0.050875001 -0.14912499 0.467875
0.074874997 -0.145125 0.448125
0.074625 -0.144375 0.448125
0.050124999 -0.149875 0.467875
0.051125001 -0.149875 0.468375
0.051874999 -0.14912499 0.46812499
0.051874999 -0.148375 0.467875
0.053125001 -0.14687499 0.467875
0.051125001 -0.152125 0.46862501
0.051125001 -0.150875 0.46862501
0.051874999 -0.145125 0.467125
0.053125001 -0.144125 0.467125
0.053874999 -0.144125 0.467125
0.053125001 -0.145125 0.46737501
0.051624998 -0.149875 0.468375
0.053125001 -0.14912499 0.468375
0.053125001 -0.14812499 0.467875
0.053624999 -0.14812499 0.468375
0.055125002 -0.14812499 0.46862501
0.053624999 -0.14687499 0.467875
0.055125002 -0.14687499 0.468375
0.055875 -0.14687499 0.46862501
0.053874999 -0.14587501 0.467875
0.051874999 -0.152375 0.46887499
0.052875001 -0.150875 0.469125
0.053125001 -0.152125 0.469125
0.051874999 -0.150875 0.46887499
0.053874999 -0.149875 0.469125
0.054875001 -0.14912499 0.469125
0.055875 -0.14812499 0.46887499
0.053624999 -0.150875 0.46937501
0.055125002 -0.150875 0.469625
0.053125001 -0.149875 0.46887499
0.055125002 -0.149875 0.46937501
0.053874999 -0.14912499 0.46887499
0.051624998 -0.153125 0.469125
0.053125001 -0.153125 0.46937501
0.053624999 -0.153125 0.46937501
0.053624999 -0.152125 0.46937501
0.057875 -0.14912499 0.469625
0.055875 -0.149875 0.469625
0.055875 -0.14912499 0.46937501
0.056875002 -0.14912499 0.469625
0.056875002 -0.14812499 0.46937501
0.057875 -0.14812499 0.469625
0.039124999 -0.135875 0.47262499
0.039875001 -0.135875 0.47262499
0.039124999 -0.13887499 0.471625
0.039124999 -0.138125 0.47187501
0.039875001 -0.138125 0.47187501
0.039124999 -0.137125 0.47237501
0.039875001 -0.137125 0.47212499
0.039124999 -0.14112499 0.47087499
0.039124999 -0.13987499 0.47112501
0.043125 -0.13187499 0.473625
0.044124998 -0.13187499 0.47337499
0.043125 -0.131375 0.474125
0.044124998 -0.131125 0.47387499
0.044875 -0.131125 0.47387499
0.044875 -0.130125 0.47437501
0.046124998 -0.130125 0.474125
0.046124998 -0.13212501 0.47312501
0.044875 -0.13187499 0.47312501
0.046124998 -0.131125 0.473625
0.039124999 -0.13412499 0.47337499
0.039875001 -0.13412499 0.47312501
0.041125 -0.137125 0.47187501
0.039875001 -0.134875 0.472875
0.041125 -0.13437501 0.47312501
0.041125 -0.13312501 0.47337499
0.041875001 -0.13312501 0.47337499
0.043125 -0.13312501 0.47337499
0.044124998 -0.136125 0.47187501
0.041875001 -0.13412499 0.47312501
0.043125 -0.13412499 0.472875
0.041125 -0.134875 0.472875
0.041875001 -0.135125 0.47262499
0.043125 -0.135125 0.47262499
0.044124998 -0.135125 0.47237501
0.041875001 -0.137125 0.47187501
0.043125 -0.137125 0.47187501
0.041125 -0.135875 0.47237501
0.041875001 -0.135875 0.47237501
0.043125 -0.135875 0.47212499
0.041125 -0.138375 0.471625
0.041875001 -0.138375 0.471625
0.041875001 -0.13987499 0.47087499
0.043125 -0.14137501 0.470375
0.039875001 -0.13887499 0.47137499
0.041125 -0.13887499 0.47137499
0.041875001 -0.13887499 0.47137499
0.044124998 -0.133375 0.47312501
0.044875 -0.13312501 0.472875
0.046124998 -0.13312501 0.47262499
0.044875 -0.135125 0.47187501
0.044124998 -0.13412499 0.472875
0.044875 -0.13412499 0.47237501
0.044875 -0.135875 0.47187501
0.046124998 -0.134875 0.47187501
0.046875 -0.135125 0.471625
0.046875 -0.13412499 0.47187501
0.046124998 -0.13412499 0.47212499
0.041125 -0.14012501 0.47112501
0.039124999 -0.143125 0.46987501
0.039124999 -0.14237501 0.47062501
0.055875 -0.153125 0.46987501
0.055875 -0.152125 0.46987501
0.056875002 -0.152125 0.46987501
0.057875 -0.152125 0.470375
0.056875002 -0.153125 0.46987501
0.057875 -0.153125 0.470375
0.056875002 -0.150875 0.46987501
0.055875 -0.150875 0.46987501
0.057875 -0.150875 0.470375
0.057124998 -0.149875 0.46987501
0.057875 -0.149875 0.47012499
0.058874998 -0.153125 0.470375
0.058874998 -0.152125 0.47062501
0.060125001 -0.152125 0.47062501
0.062125001 -0.152125 0.47087499
0.060125001 -0.153125 0.47062501
0.060874999 -0.152125 0.47087499
0.060874999 -0.150875 0.47087499
0.039875001 -0.14237501 0.470375
0.041125 -0.14237501 0.470375
0.039875001 -0.14112499 0.47087499
0.041125 -0.14137501 0.47062501
0.041875001 -0.14137501 0.47062501
0.039875001 -0.14012501 0.47112501
0.039875001 -0.143125 0.46987501
0.041125 -0.142875 0.46987501
0.041875001 -0.142875 0.46987501
0.041875001 -0.14237501 0.46987501
0.039124999 -0.14587501 0.46887499
0.060874999 -0.153125 0.47062501
0.062875003 -0.152125 0.47112501
0.062125001 -0.153125 0.47087499
0.062875003 -0.153125 0.47087499
0.039124999 -0.145125 0.469125
0.039875001 -0.145375 0.469125
0.039124999 -0.144375 0.469625
0.039875001 -0.144375 0.469625
0.041125 -0.144375 0.46937501
0.043125 -0.13987499 0.47087499
0.044124998 -0.13987499 0.47087499
0.043125 -0.13887499 0.47112501
0.043125 -0.138375 0.471625
0.044124998 -0.138375 0.47137499
0.044875 -0.138375 0.47137499
0.044124998 -0.137125 0.471625
0.044875 -0.139125 0.47112501
0.044875 -0.13987499 0.47062501
0.044124998 -0.139125 0.47112501
0.046124998 -0.13887499 0.47087499
0.044875 -0.144125 0.46887499
0.043125 -0.142125 0.46987501
0.043125 -0.142875 0.469625
0.044124998 -0.142875 0.46937501
0.044124998 -0.142125 0.46987501
0.044875 -0.142875 0.46937501
0.044875 -0.142125 0.46987501
0.044124998 -0.14137501 0.470375
0.046875 -0.14112499 0.469625
0.046124998 -0.143875 0.46887499
0.046124998 -0.142875 0.469125
0.046124998 -0.14237501 0.469625
0.046875 -0.14237501 0.469625
0.044875 -0.14137501 0.470375
0.046124998 -0.14137501 0.46987501
0.048124999 -0.14112499 0.46987501
0.046124998 -0.138125 0.47112501
0.046875 -0.138125 0.47112501
0.044875 -0.137125 0.471625
0.046124998 -0.137125 0.47137499
0.046875 -0.137125 0.47137499
0.046124998 -0.135875 0.471625
0.046875 -0.135875 0.47137499
0.046124998 -0.13987499 0.47062501
0.046875 -0.13987499 0.470375
0.048124999 -0.13987499 0.470375
0.048124999 -0.138125 0.47087499
0.048875 -0.138125 0.47087499
0.048124999 -0.137125 0.47112501
0.048875 -0.137375 0.47112501
0.048124999 -0.135875 0.47137499
0.048875 -0.14012501 0.46987501
0.046875 -0.13887499 0.47087499
0.048124999 -0.13887499 0.47062501
0.048625 -0.13887499 0.47062501
0.069624998 -0.153125 0.47087499
0.071125001 -0.153125 0.47062501
0.071874999 -0.153125 0.470375
0.071125001 -0.152375 0.47112501
0.071125001 -0.149875 0.471625
0.071874999 -0.151125 0.47112501
0.071874999 -0.149875 0.47112501
0.072624996 -0.149875 0.46987501
0.072875001 -0.151125 0.469625
0.072875001 -0.150875 0.467875
0.072875001 -0.150875 0.469125
0.073375002 -0.152125 0.469125
0.071874999 -0.152125 0.47087499
0.072875001 -0.153125 0.46987501
0.072875001 -0.152125 0.46987501
0.073875003 -0.153375 0.46887499
0.073624998 -0.152125 0.467125
0.073624998 -0.152125 0.467875
0.073875003 -0.153375 0.46612501
0.074625 -0.153125 0.462125
0.074375004 -0.152125 0.462125
0.074375004 -0.153125 0.462625
0.074124999 -0.152125 0.46287501
0.074124999 -0.153125 0.46412501
0.073875003 -0.152125 0.463875
0.073624998 -0.152125 0.46487501
0.073875003 -0.153375 0.464625
0.074124999 -0.153125 0.46762499
0.073875003 -0.153125 0.467125
0.074874997 -0.153125 0.460875
0.046124998 -0.129125 0.47462499
0.046875 -0.129125 0.47437501
0.046875 -0.127875 0.47462499
0.046875 -0.130125 0.474125
0.048124999 -0.130125 0.47387499
0.048124999 -0.129125 0.47437501
0.048875 -0.130125 0.47387499
0.050124999 -0.130125 0.47387499
0.048124999 -0.12737501 0.474875
0.048875 -0.12712499 0.474875
0.050124999 -0.12712499 0.474875
0.051125001 -0.12712499 0.474875
0.048124999 -0.127875 0.474875
0.048625 -0.12612499 0.47562501
0.050124999 -0.12612499 0.475375
0.048625 -0.129125 0.47437501
0.050124999 -0.129125 0.47437501
0.048625 -0.127875 0.47462499
0.050124999 -0.127875 0.47462499
0.051125001 -0.127875 0.47462499
0.046875 -0.13187499 0.472875
0.046875 -0.131125 0.473625
0.048124999 -0.131125 0.473625
0.048124999 -0.13212501 0.47312501
0.048875 -0.13212501 0.47312501
0.051125001 -0.13437501 0.47187501
0.048124999 -0.13312501 0.47262499
0.048625 -0.13312501 0.47262499
0.050124999 -0.13312501 0.47262499
0.048124999 -0.13412499 0.47187501
0.048875 -0.13412499 0.47187501
0.048124999 -0.135125 0.471625
0.050124999 -0.13437501 0.47187501
0.046875 -0.13312501 0.47237501
0.051874999 -0.128875 0.47387499
0.053624999 -0.131125 0.472875
0.051125001 -0.130125 0.47387499
0.051624998 -0.130125 0.473625
0.053125001 -0.130125 0.47337499
0.053874999 -0.130125 0.47312501
0.051125001 -0.129125 0.474125
0.053125001 -0.128875 0.47387499
0.051624998 -0.127875 0.47437501
0.054875001 -0.130125 0.472875
0.055125002 -0.131125 0.47262499
0.053624999 -0.129125 0.473625
0.053125001 -0.127875 0.474125
0.051874999 -0.126375 0.474875
0.052875001 -0.12612499 0.474875
0.051624998 -0.12512501 0.47562501
0.053125001 -0.12512501 0.475375
0.055125002 -0.129125 0.47337499
0.053624999 -0.127875 0.47387499
0.055125002 -0.127875 0.473625
0.051874999 -0.12712499 0.474875
0.053125001 -0.12712499 0.47437501
0.053874999 -0.12712499 0.474125
0.054875001 -0.12712499 0.47387499
0.053874999 -0.124875 0.47462499
0.055125002 -0.12612499 0.474125
0.055125002 -0.12512501 0.47437501
0.056875002 -0.12612499 0.472875
0.056875002 -0.124875 0.472875
0.057875 -0.12512501 0.47187501
0.055875 -0.12612499 0.47337499
0.055875 -0.12712499 0.47312501
0.057124998 -0.12712499 0.47187501
0.058625001 -0.123125 0.47112501
0.058874998 -0.123125 0.46987501
0.057875 -0.123875 0.47187501
0.056875002 -0.124125 0.47312501
0.058625001 -0.12612499 0.47087499
0.057624999 -0.126375 0.471625
0.059374999 -0.12612499 0.46987501
0.058625001 -0.12512501 0.47087499
0.058874998 -0.124125 0.47087499
0.060625002 -0.12712499 0.467875
0.060125001 -0.124875 0.469125
0.059875 -0.123875 0.46887499
0.059374999 -0.123875 0.46987501
0.060625002 -0.12612499 0.467875
0.038874999 -0.151125 0.46612501
0.039124999 -0.152125 0.465875
0.039875001 -0.152125 0.46612501
0.060625002 -0.12512501 0.467875
0.060874999 -0.126375 0.467125
0.039124999 -0.153125 0.465875
0.060625002 -0.12512501 0.46687499
0.048625 -0.131125 0.473625
0.050124999 -0.131125 0.47337499
0.050124999 -0.13212501 0.47312501
0.051125001 -0.13212501 0.47312501
0.051874999 -0.13437501 0.47187501
0.051125001 -0.13312501 0.47262499
0.051624998 -0.13312501 0.47262499
0.050124999 -0.137125 0.47112501
0.048625 -0.135875 0.47137499
0.050124999 -0.135875 0.47137499
0.051125001 -0.135875 0.47137499
0.048625 -0.135125 0.471625
0.050124999 -0.135125 0.471625
0.051125001 -0.134875 0.47187501
0.050124999 -0.13887499 0.470375
0.039625 -0.153125 0.46612501
0.051125001 -0.13887499 0.47012499
0.051874999 -0.139125 0.46987501
0.050124999 -0.138125 0.47087499
0.051125001 -0.138375 0.47062501
0.051624998 -0.138375 0.470375
0.051125001 -0.137125 0.47112501
0.051874999 -0.137125 0.47087499
0.053125001 -0.138375 0.470375
0.053624999 -0.138375 0.46987501
0.053125001 -0.137125 0.47087499
0.051624998 -0.135875 0.47137499
0.051874999 -0.134875 0.47187501
0.053125001 -0.13437501 0.47187501
0.053624999 -0.13412499 0.47187501
0.053874999 -0.136125 0.47112501
0.053624999 -0.137125 0.47062501
0.053125001 -0.136125 0.47112501
0.053125001 -0.135125 0.471625
0.053624999 -0.135125 0.47137499
0.055125002 -0.135125 0.47137499
0.053125001 -0.131375 0.47312501
0.051874999 -0.13187499 0.472875
0.053125001 -0.13187499 0.47262499
0.051125001 -0.131125 0.47337499
0.051874999 -0.131125 0.47312501
0.054875001 -0.13312501 0.471625
0.055125002 -0.13412499 0.471625
0.053125001 -0.13312501 0.47237501
0.053874999 -0.13312501 0.47212499
0.053624999 -0.13187499 0.47262499
0.055125002 -0.13187499 0.47237501
0.055875 -0.13312501 0.47137499
0.055624999 -0.13187499 0.47187501
0.057124998 -0.133375 0.47112501
0.055875 -0.13437501 0.47112501
0.057875 -0.13312501 0.47062501
0.056875002 -0.13187499 0.47137499
0.055875 -0.139125 0.469125
0.054875001 -0.138125 0.469625
0.055875 -0.138375 0.469625
0.056875002 -0.138375 0.46937501
0.055125002 -0.137125 0.470375
0.055875 -0.137375 0.46987501
0.055125002 -0.135875 0.47087499
0.055875 -0.135875 0.47062501
0.056875002 -0.13412499 0.47062501
0.057624999 -0.134875 0.469625
0.055624999 -0.134875 0.47087499
0.056875002 -0.136125 0.46987501
0.057124998 -0.137125 0.46987501
0.056875002 -0.135125 0.470375
0.057875 -0.137125 0.46937501
0.057875 -0.135875 0.469625
0.055875 -0.128875 0.472875
0.055875 -0.130125 0.47262499
0.056875002 -0.130125 0.47187501
0.056875002 -0.131125 0.471625
0.055875 -0.127875 0.47312501
0.056875002 -0.129125 0.47187501
0.057124998 -0.127875 0.47187501
0.043125 -0.146125 0.467875
0.044124998 -0.14587501 0.467875
0.044875 -0.14587501 0.46762499
0.039875001 -0.14812499 0.46737501
0.041875001 -0.14687499 0.46762499
0.043125 -0.14687499 0.46737501
0.040874999 -0.145125 0.46887499
0.039875001 -0.14587501 0.46862501
0.041125 -0.14587501 0.468375
0.041875001 -0.145125 0.46887499
0.043125 -0.145125 0.46862501
0.044124998 -0.145125 0.468375
0.041875001 -0.144375 0.46937501
0.039124999 -0.149875 0.46637499
0.039875001 -0.149875 0.46637499
0.041125 -0.152125 0.46637499
0.039875001 -0.150875 0.46637499
0.041125 -0.150875 0.46637499
0.041125 -0.149875 0.46662501
0.041875001 -0.150875 0.46662501
0.041875001 -0.149875 0.46662501
0.041125 -0.14912499 0.46662501
0.043125 -0.14812499 0.46687499
0.041875001 -0.14812499 0.467125
0.044124998 -0.14712501 0.467125
0.041875001 -0.14912499 0.46662501
0.044124998 -0.144375 0.469125
0.044875 -0.145125 0.468375
0.043125 -0.144375 0.469125
0.044875 -0.14687499 0.46687499
0.044124998 -0.14812499 0.46687499
0.043125 -0.14912499 0.46662501
0.044875 -0.14812499 0.46687499
0.046124998 -0.14687499 0.46687499
0.043125 -0.149875 0.46662501
0.044124998 -0.14912499 0.46662501
0.065875001 -0.12712499 0.448125
0.046124998 -0.14812499 0.46687499
0.046124998 -0.14937501 0.46687499
0.066375002 -0.127875 0.448125
0.046875 -0.14812499 0.467125
0.043125 -0.150875 0.46662501
0.044124998 -0.149875 0.46662501
0.044875 -0.149875 0.46687499
0.045875002 -0.149875 0.467125
0.044875 -0.14912499 0.46687499
0.067874998 -0.130125 0.448125
0.067125 -0.128875 0.44787499
0.067874998 -0.130125 0.448625
0.046875 -0.14912499 0.467125
0.046124998 -0.145125 0.467875
0.046875 -0.144375 0.468375
0.048124999 -0.144125 0.467875
0.046875 -0.144875 0.46762499
0.048625 -0.144125 0.467875
0.048124999 -0.145125 0.46737501
0.046124998 -0.14587501 0.46737501
0.046875 -0.143125 0.469125
0.048875 -0.142125 0.469125
0.048124999 -0.142875 0.46887499
0.048625 -0.142875 0.46862501
0.048124999 -0.14237501 0.46937501
0.048625 -0.14137501 0.469625
0.046875 -0.14587501 0.467125
0.048875 -0.145125 0.467125
0.046875 -0.14687499 0.46687499
0.048124999 -0.14587501 0.46687499
0.048124999 -0.14712501 0.46687499
0.048124999 -0.14912499 0.46737501
0.048124999 -0.14812499 0.467125
0.048625 -0.14812499 0.46737501
0.048875 -0.14687499 0.467125
0.050124999 -0.14587501 0.467125
0.048875 -0.146125 0.467125
0.050124999 -0.142125 0.46887499
0.051125001 -0.14237501 0.46862501
0.051624998 -0.14237501 0.468375
0.050124999 -0.14137501 0.46937501
0.051874999 -0.14112499 0.469125
0.049874999 -0.13987499 0.469625
0.053125001 -0.13887499 0.46987501
0.051125001 -0.14137501 0.469125
0.053125001 -0.14112499 0.46887499
0.051125001 -0.13987499 0.46987501
0.051624998 -0.13987499 0.469625
0.053125001 -0.13987499 0.46937501
0.050124999 -0.14337499 0.467875
0.050124999 -0.144375 0.46762499
0.051125001 -0.144125 0.467125
0.050124999 -0.145125 0.467125
0.051125001 -0.145125 0.467125
0.051874999 -0.144125 0.467125
0.050875001 -0.142875 0.46762499
0.051624998 -0.142875 0.46762499
0.053125001 -0.142875 0.46737501
0.053624999 -0.142125 0.467875
0.053125001 -0.14237501 0.467875
0.055125002 -0.14137501 0.467875
0.055875 -0.13987499 0.46862501
0.055624999 -0.14112499 0.46762499
0.055125002 -0.14237501 0.46762499
0.053874999 -0.14012501 0.469125
0.054875001 -0.13987499 0.46887499
0.053624999 -0.14137501 0.46862501
0.053624999 -0.13887499 0.469625
0.055125002 -0.13887499 0.46937501
0.057124998 -0.14012501 0.467875
0.057875 -0.13987499 0.46737501
0.069624998 -0.13212501 0.448125
0.068875 -0.131375 0.448125
0.068875 -0.131125 0.44887501
0.069624998 -0.13212501 0.44887501
0.069624998 -0.13212501 0.45012501
0.069624998 -0.13212501 0.45087501
0.071125001 -0.13412499 0.44787499
0.070375003 -0.13312501 0.44887501
0.070375003 -0.13312501 0.45012501
0.070375003 -0.13312501 0.45087501
0.058874998 -0.13887499 0.46762499
0.056875002 -0.13887499 0.46887499
0.070375003 -0.13312501 0.448125
0.057875 -0.139125 0.467875
0.058874998 -0.138375 0.467875
0.057624999 -0.138125 0.46887499
0.058625001 -0.137125 0.46887499
0.062875003 -0.129125 0.463875
0.062875003 -0.128875 0.462625
0.062875003 -0.131125 0.46487501
0.062875003 -0.130375 0.464625
0.062375002 -0.131125 0.465875
0.063625 -0.130125 0.462625
0.072125003 -0.135875 0.451875
0.071874999 -0.135125 0.45162499
0.071125001 -0.13412499 0.44887501
0.071125001 -0.13412499 0.45012501
0.071125001 -0.133875 0.45087501
0.070375003 -0.13312501 0.451875
0.071874999 -0.134875 0.45087501
0.063874997 -0.131375 0.462125
0.071874999 -0.135125 0.448125
0.071874999 -0.134875 0.44887501
0.071874999 -0.134875 0.45012501
0.063625 -0.130125 0.462125
0.063375004 -0.129125 0.462125
0.063874997 -0.131125 0.46287501
0.063625 -0.131125 0.46412501
0.063124999 -0.130125 0.46412501
0.064125001 -0.130125 0.460125
0.064125001 -0.131125 0.460875
0.063874997 -0.130375 0.46062499
0.063625 -0.129125 0.46062499
0.064125001 -0.13187499 0.462125
0.072624996 -0.135875 0.448125
0.063874997 -0.13212501 0.46287501
0.064374998 -0.131125 0.460125
0.064374998 -0.13187499 0.46062499
0.064625002 -0.13212501 0.45987499
0.062125001 -0.13312501 0.467125
0.060125001 -0.135125 0.46862501
0.060125001 -0.137125 0.467875
0.060125001 -0.138375 0.46762499
0.060874999 -0.137125 0.467125
0.062125001 -0.137125 0.46612501
0.061875001 -0.135875 0.46687499
0.060125001 -0.135875 0.467875
0.060625002 -0.135125 0.46762499
0.060874999 -0.135875 0.46737501
0.062125001 -0.13437501 0.467125
0.061875001 -0.135125 0.46687499
0.060625002 -0.13437501 0.467875
0.064125001 -0.135875 0.46537501
0.062875003 -0.135125 0.465875
0.062624998 -0.135875 0.465875
0.062624998 -0.133375 0.465875
0.062125001 -0.13187499 0.467125
0.063625 -0.13312501 0.46487501
0.062875003 -0.13187499 0.46512499
0.062624998 -0.13187499 0.465875
0.063874997 -0.133375 0.463875
0.063874997 -0.13187499 0.46412501
0.062875003 -0.13437501 0.46612501
0.064125001 -0.13437501 0.46412501
0.063625 -0.13412499 0.46487501
0.063874997 -0.135125 0.464625
0.064374998 -0.13412499 0.462625
0.064125001 -0.13312501 0.46287501
0.064374998 -0.13312501 0.462125
0.064874999 -0.13412499 0.462125
0.064625002 -0.133375 0.460875
0.065875001 -0.133625 0.46062499
0.064625002 -0.135125 0.463875
0.064625002 -0.136125 0.46487501
0.064874999 -0.134625 0.462625
0.065875001 -0.134875 0.46287501
0.067125 -0.134875 0.46287501
0.065875001 -0.135625 0.46412501
0.066875003 -0.133625 0.46062499
0.065624997 -0.13437501 0.46187499
0.067125 -0.13437501 0.46187499
0.041125 -0.153125 0.46637499
0.041875001 -0.153125 0.46662501
0.043125 -0.153125 0.46687499
0.044124998 -0.153125 0.467125
0.041875001 -0.152125 0.46662501
0.069124997 -0.134875 0.46287501
0.067874998 -0.13537499 0.46412501
0.068875 -0.13537499 0.46412501
0.069875002 -0.134625 0.462125
0.069624998 -0.135125 0.462625
0.070625 -0.135125 0.462125
0.070874996 -0.135125 0.460875
0.069124997 -0.136125 0.46487501
0.069875002 -0.135875 0.46412501
0.069875002 -0.136375 0.46487501
0.069624998 -0.137125 0.465875
0.070874996 -0.137125 0.463875
0.070625 -0.137125 0.46487501
0.070874996 -0.136125 0.462625
0.071125001 -0.135875 0.460875
0.071125001 -0.135875 0.462125
0.071374997 -0.137125 0.462125
0.071125001 -0.137125 0.46287501
0.070625 -0.138375 0.465875
0.071125001 -0.138125 0.46287501
0.071125001 -0.13887499 0.46412501
0.071125001 -0.138125 0.46412501
0.071125001 -0.13887499 0.46287501
0.071125001 -0.134875 0.45912501
0.071125001 -0.135125 0.460125
0.071374997 -0.135125 0.45587501
0.071625002 -0.135875 0.45712501
0.071374997 -0.135125 0.45712501
0.071374997 -0.135125 0.457625
0.071374997 -0.138375 0.462125
0.071625002 -0.137125 0.457625
