# .PCD v0.7 - Point Cloud Data file format
VERSION 0.7
FIELDS x y z
SIZE 4 4 4
TYPE F F F
COUNT 1 1 1
WIDTH 3533
HEIGHT 1
VIEWPOINT 0 0 0 1 0 0 0
POINTS 3533
DATA ascii
0.022875 -0.090125002 0.471625
0.024125 -0.089625001 0.47187501
0.026875 -0.090125002 0.474125
0.024875 -0.090125002 0.47312501
0.024125 -0.091375001 0.47387499
0.024875 -0.091124997 0.47387499
0.025875 -0.090374999 0.47387499
0.026875 -0.091375001 0.47462499
0.028875001 -0.091124997 0.474875
0.027875001 -0.090125002 0.47437501
0.030125 -0.090125002 0.47462499
0.029124999 -0.090125002 0.474875
0.017875001 -0.090625003 0.460125
0.018874999 -0.090125002 0.460125
0.018874999 -0.090125002 0.462125
0.019874999 -0.089625001 0.462125
0.018874999 -0.090125002 0.462625
0.019874999 -0.089625001 0.460125
0.018874999 -0.090125002 0.460875
0.019874999 -0.089625001 0.46062499
0.012875 -0.104125 0.478625
0.013875 -0.105125 0.47887501
0.013875 -0.104125 0.47887501
0.013875 -0.102875 0.478625
0.015125 -0.102875 0.478625
0.011875 -0.106875 0.479375
0.012875 -0.106875 0.47962499
0.012875 -0.105875 0.47912499
0.012875 -0.108125 0.479875
0.012875 -0.109125 0.48037499
0.013875 -0.108125 0.48012501
0.015125 -0.108125 0.48037499
0.013875 -0.106875 0.479875
0.013875 -0.105875 0.479375
0.012625 -0.111125 0.48087499
0.012875 -0.109875 0.48087499
0.013875 -0.110125 0.48087499
0.013875 -0.109125 0.480625
0.016124999 -0.112375 0.481875
0.015125 -0.111125 0.48137501
0.015125 -0.109875 0.48087499
0.015125 -0.109125 0.48087499
0.016124999 -0.104125 0.47887501
0.015125 -0.105125 0.47887501
0.016124999 -0.105125 0.479375
0.015125 -0.104125 0.47887501
0.015875001 -0.106875 0.48012501
0.017124999 -0.106875 0.48012501
0.015125 -0.105875 0.47962499
0.016124999 -0.105875 0.47962499
0.017124999 -0.105875 0.479875
0.015125 -0.107125 0.479875
0.016124999 -0.108125 0.48037499
0.016124999 -0.111125 0.48162499
0.016124999 -0.109875 0.481125
0.016124999 -0.109375 0.48087499
0.017875001 -0.105875 0.48012501
0.018874999 -0.107125 0.48087499
0.018874999 -0.109125 0.48162499
0.017875001 -0.108375 0.48087499
0.018874999 -0.108125 0.48137501
0.019874999 -0.108125 0.48162499
0.017875001 -0.106875 0.48037499
0.016875001 -0.109125 0.48087499
0.017875001 -0.109125 0.481125
0.017124999 -0.108125 0.480625
0.015125 -0.101125 0.47787499
0.015125 -0.101875 0.47812501
0.016124999 -0.101875 0.47787499
0.016124999 -0.101125 0.47787499
0.016124999 -0.100125 0.47762501
0.017124999 -0.101125 0.47762501
0.017124999 -0.100125 0.47762501
0.017124999 -0.104125 0.47887501
0.017124999 -0.105125 0.479375
0.016124999 -0.102875 0.478625
0.017124999 -0.102875 0.47837499
0.016875001 -0.102125 0.47787499
0.017875001 -0.101125 0.477375
0.018625 -0.101875 0.47787499
0.017875001 -0.102125 0.47787499
0.017875001 -0.102875 0.47837499
0.017875001 -0.098875001 0.47712499
0.018874999 -0.098375 0.47687501
0.017875001 -0.100125 0.47712499
0.018874999 -0.100125 0.47712499
0.019874999 -0.100125 0.47687501
0.018874999 -0.098875001 0.47687501
0.019625001 -0.098125003 0.47687501
0.019874999 -0.098875001 0.47687501
0.020874999 -0.099124998 0.47687501
0.020874999 -0.098125003 0.47687501
0.022125 -0.098125003 0.476625
0.019874999 -0.101125 0.47812501
0.018874999 -0.101125 0.477375
0.022125 -0.098875001 0.47712499
0.023125 -0.098125003 0.47687501
0.024125 -0.097874999 0.47712499
0.020874999 -0.100375 0.47787499
0.024875 -0.097125001 0.476625
0.021875 -0.100125 0.47787499
0.023125 -0.099124998 0.47787499
0.024125 -0.098875001 0.47812501
0.017875001 -0.104125 0.47887501
0.017875001 -0.105125 0.47962499
0.018874999 -0.104125 0.47962499
0.018874999 -0.103125 0.478625
0.019874999 -0.104125 0.48012501
0.019874999 -0.102125 0.478625
0.019874999 -0.102875 0.479375
0.018874999 -0.105125 0.48012501
0.019874999 -0.106125 0.48087499
0.019874999 -0.106875 0.48137501
0.018874999 -0.105875 0.48037499
0.019874999 -0.105125 0.48037499
0.021875 -0.101125 0.47887501
0.020874999 -0.103125 0.479875
0.020625001 -0.101875 0.47887501
0.022125 -0.101875 0.47962499
0.023125 -0.101125 0.479375
0.022875 -0.102125 0.479875
0.020874999 -0.104125 0.48037499
0.022125 -0.102875 0.48012501
0.023125 -0.102875 0.48037499
0.024875 -0.101125 0.48012501
0.025875 -0.100375 0.479875
0.024125 -0.102875 0.48087499
0.024125 -0.101875 0.48037499
0.025125001 -0.101875 0.480625
0.024125 -0.101375 0.479875
0.025875 -0.101125 0.48037499
0.026875 -0.101125 0.480625
0.015125 -0.112125 0.48162499
0.013875 -0.111125 0.48137501
0.014875 -0.112875 0.481875
0.012875 -0.112125 0.48137501
0.013875 -0.112125 0.48162499
0.015875001 -0.115125 0.483125
0.015125 -0.113875 0.482375
0.016124999 -0.113875 0.48262501
0.016124999 -0.112875 0.48212501
0.017124999 -0.111125 0.48162499
0.017124999 -0.109875 0.48137501
0.017875001 -0.109875 0.48162499
0.017875001 -0.111125 0.481875
0.017124999 -0.112875 0.48262501
0.016875001 -0.112125 0.481875
0.018625 -0.116125 0.48387501
0.017875001 -0.116875 0.48387501
0.017124999 -0.116125 0.48362499
0.017875001 -0.116125 0.48387501
0.017875001 -0.115125 0.48362499
0.018874999 -0.115125 0.48387501
0.018874999 -0.116875 0.484375
0.019874999 -0.116125 0.484375
0.019625001 -0.115125 0.48387501
0.020874999 -0.115125 0.484375
0.019874999 -0.113875 0.48387501
0.017124999 -0.114125 0.48287499
0.018625 -0.112875 0.483125
0.017124999 -0.115125 0.48337501
0.017875001 -0.113875 0.483125
0.018874999 -0.113875 0.48337501
0.017875001 -0.112875 0.48287499
0.017875001 -0.112125 0.482375
0.018874999 -0.112125 0.48262501
0.019874999 -0.112125 0.483125
0.019874999 -0.112875 0.48337501
0.020874999 -0.112125 0.48337501
0.018874999 -0.111125 0.482375
0.019874999 -0.111125 0.48262501
0.020625001 -0.111125 0.483125
0.018874999 -0.109875 0.481875
0.019874999 -0.109125 0.481875
0.022125 -0.111125 0.48362499
0.019874999 -0.109875 0.482375
0.020874999 -0.109875 0.48287499
0.020874999 -0.109125 0.482375
0.020625001 -0.108125 0.481875
0.020625001 -0.113875 0.48387501
0.020874999 -0.112875 0.48387501
0.022125 -0.112875 0.48412499
0.022125 -0.112375 0.48387501
0.022125 -0.115125 0.48487499
0.022875 -0.113875 0.48487499
0.024125 -0.115125 0.48587501
0.023125 -0.115125 0.48537499
0.022125 -0.113875 0.484375
0.023125 -0.112875 0.484375
0.022875 -0.104125 0.48087499
0.021875 -0.105125 0.48087499
0.020874999 -0.106875 0.48162499
0.020874999 -0.105875 0.48137501
0.022125 -0.105875 0.48162499
0.020874999 -0.105375 0.48087499
0.022125 -0.104125 0.480625
0.024875 -0.103125 0.48087499
0.027875001 -0.104125 0.481875
0.026875 -0.102125 0.48087499
0.029124999 -0.105125 0.48262501
0.025875 -0.104125 0.48162499
0.026875 -0.104375 0.481875
0.029124999 -0.104125 0.48212501
0.025875 -0.102875 0.48087499
0.026875 -0.102875 0.48137501
0.027875001 -0.102875 0.48162499
0.025875 -0.101875 0.480625
0.027875001 -0.101875 0.48087499
0.027875001 -0.101125 0.480625
0.022125 -0.107125 0.481875
0.025875 -0.107125 0.483125
0.023875 -0.105875 0.481875
0.024125 -0.108125 0.48287499
0.022125 -0.108125 0.482375
0.023125 -0.108125 0.48262501
0.025125001 -0.108125 0.483125
0.025875 -0.108125 0.48337501
0.023125 -0.106875 0.48212501
0.024125 -0.106875 0.482375
0.025125001 -0.106875 0.48287499
0.023125 -0.106125 0.481875
0.025125001 -0.105875 0.482375
0.023125 -0.105125 0.48137501
0.024125 -0.105125 0.48162499
0.025125001 -0.105125 0.481875
0.025625 -0.105125 0.481875
0.027875001 -0.106125 0.48287499
0.026875 -0.108125 0.48362499
0.026875 -0.106875 0.483125
0.027875001 -0.106875 0.48337501
0.025875 -0.105875 0.48262501
0.026875 -0.105875 0.48262501
0.028875001 -0.105875 0.483125
0.026875 -0.105125 0.482375
0.027875001 -0.105125 0.482375
0.024125 -0.104125 0.48087499
0.025125001 -0.104125 0.48137501
0.022875 -0.109125 0.483125
0.022125 -0.109875 0.483125
0.023125 -0.109875 0.48337501
0.024125 -0.109875 0.48362499
0.022125 -0.109125 0.48287499
0.024125 -0.109125 0.48337501
0.025125001 -0.109125 0.48362499
0.025875 -0.109375 0.48387501
0.018874999 -0.119125 0.484375
0.020874999 -0.091124997 0.471625
0.022125 -0.090625003 0.47187501
0.020874999 -0.090625003 0.47112501
0.022125 -0.090125002 0.47112501
0.023125 -0.089625001 0.47112501
0.020874999 -0.12512501 0.484375
0.022125 -0.12512501 0.484375
0.024125 -0.113875 0.485625
0.023875 -0.112875 0.48512501
0.023125 -0.112125 0.484375
0.024125 -0.112125 0.484375
0.024875 -0.110125 0.48387501
0.023125 -0.111375 0.48387501
0.024125 -0.111125 0.48387501
0.025125001 -0.111125 0.484375
0.025875 -0.109875 0.484375
0.020874999 -0.097125001 0.476625
0.023125 -0.097125001 0.476625
0.020874999 -0.095875002 0.47637501
0.022125 -0.097125001 0.476625
0.022125 -0.095875002 0.47637501
0.023125 -0.095875002 0.47637501
0.023125 -0.094875 0.476125
0.024125 -0.095875002 0.47637501
0.024125 -0.094875 0.476125
0.025125001 -0.094875 0.476125
0.024125 -0.094374999 0.47587499
0.025125001 -0.094374999 0.47587499
0.024125 -0.097125001 0.476625
0.025125001 -0.095875002 0.47637501
0.025875 -0.094875 0.476125
0.025875 -0.094125003 0.47587499
0.026875 -0.093125001 0.47562501
0.027875001 -0.093125001 0.47562501
0.027875001 -0.092124999 0.47562501
0.026875 -0.094875 0.476125
0.026875 -0.094125003 0.47587499
0.027875001 -0.094374999 0.47587499
0.025875 -0.096874997 0.47712499
0.025875 -0.095875002 0.47637501
0.026875 -0.096124999 0.476625
0.028875001 -0.095124997 0.47687501
0.024875 -0.098125003 0.47787499
0.027875001 -0.095624998 0.47687501
0.027875001 -0.095875002 0.47762501
0.028875001 -0.094125003 0.476125
0.030125 -0.094374999 0.476625
0.027875001 -0.094875 0.47637501
0.023125 -0.100375 0.478625
0.020874999 -0.101125 0.478625
0.026875 -0.097125001 0.47787499
0.025875 -0.097874999 0.47812501
0.027875001 -0.096874997 0.47812501
0.023875 -0.100125 0.47887501
0.025125001 -0.099124998 0.478625
0.028875001 -0.096124999 0.47787499
0.030874999 -0.095124997 0.47787499
0.032875001 -0.094125003 0.47787499
0.034875002 -0.093125001 0.47787499
0.030125 -0.095875002 0.47812501
0.032125 -0.094875 0.47812501
0.034125 -0.093874998 0.47812501
0.025625 -0.099124998 0.47887501
0.026875 -0.098375 0.478625
0.029124999 -0.097374998 0.478625
0.030125 -0.094875 0.47762501
0.032125 -0.094125003 0.47762501
0.029874999 -0.097125001 0.47887501
0.032125 -0.096124999 0.478625
0.026875 -0.100125 0.479875
0.027625 -0.098125003 0.47887501
0.031125 -0.096874997 0.47912499
0.029124999 -0.099124998 0.479875
0.025125001 -0.100125 0.479375
0.027875001 -0.100125 0.48012501
0.026875 -0.098875001 0.479375
0.027875001 -0.098875001 0.47962499
0.029124999 -0.098125003 0.479375
0.030125 -0.098125003 0.47962499
0.031125 -0.095875002 0.478625
0.032875001 -0.094875 0.478625
0.034125 -0.095124997 0.47887501
0.031125 -0.098125003 0.479875
0.032125 -0.097125001 0.47962499
0.032875001 -0.095875002 0.47887501
0.034875002 -0.094125003 0.478625
0.029124999 -0.093125001 0.47587499
0.029124999 -0.092124999 0.47562501
0.030125 -0.093374997 0.47587499
0.030125 -0.092124999 0.475375
0.030125 -0.091124997 0.47512501
0.031125 -0.091124997 0.475375
0.031125 -0.090125002 0.474875
0.031125 -0.092124999 0.475375
0.030874999 -0.093125001 0.47587499
0.032125 -0.092124999 0.47562501
0.032125 -0.092874996 0.476125
0.032875001 -0.092124999 0.47587499
0.030874999 -0.094125003 0.47687501
0.032875001 -0.093125001 0.476625
0.032125 -0.093374997 0.47687501
0.034125 -0.092625 0.47687501
0.034875002 -0.092124999 0.476625
0.034125 -0.093125001 0.47762501
0.034125 -0.091875002 0.476125
0.032125 -0.091124997 0.475375
0.032875001 -0.091124997 0.47512501
0.032125 -0.090125002 0.474875
0.032625001 -0.090125002 0.47462499
0.034875002 -0.090125002 0.474875
0.034125 -0.090374999 0.47462499
0.034125 -0.091124997 0.475375
0.034875002 -0.091124997 0.47587499
0.036125001 -0.090875 0.476125
0.035875 -0.090125002 0.474875
0.035875 -0.094125003 0.47887501
0.036125001 -0.092874996 0.47812501
0.034875002 -0.094875 0.47912499
0.037124999 -0.093374997 0.478625
0.034125 -0.095875002 0.47962499
0.036125001 -0.091875002 0.47712499
0.037124999 -0.091124997 0.47687501
0.037875 -0.090875 0.47712499
0.037875 -0.093125001 0.47887501
0.030125 -0.103125 0.481875
0.032125 -0.098125003 0.48012501
0.029124999 -0.101125 0.48087499
0.029874999 -0.101125 0.48087499
0.030125 -0.104125 0.482375
0.028875001 -0.103125 0.481875
0.029124999 -0.101875 0.48137501
0.030125 -0.101875 0.48162499
0.031125 -0.101125 0.48137501
0.029124999 -0.100125 0.48037499
0.030125 -0.100125 0.480625
0.031125 -0.100375 0.48087499
0.030125 -0.098875001 0.48012501
0.031125 -0.098875001 0.48037499
0.032125 -0.098875001 0.480625
0.032875001 -0.097374998 0.479875
0.032125 -0.100125 0.48087499
0.034875002 -0.101125 0.481875
0.034125 -0.099124998 0.48087499
0.032125 -0.102125 0.481875
0.032625001 -0.101875 0.481875
0.030125 -0.105375 0.48287499
0.031125 -0.104125 0.48262501
0.032125 -0.104375 0.48287499
0.031125 -0.102875 0.481875
0.032125 -0.102875 0.482375
0.032875001 -0.102875 0.48262501
0.034125 -0.102875 0.48262501
0.034875002 -0.103125 0.48287499
0.031125 -0.101875 0.48162499
0.034125 -0.101875 0.482375
0.034875002 -0.101875 0.482375
0.032125 -0.101125 0.48137501
0.032875001 -0.101125 0.48162499
0.034125 -0.101375 0.481875
0.032875001 -0.100125 0.48087499
0.034125 -0.100125 0.48137501
0.032875001 -0.098875001 0.480625
0.032875001 -0.098125003 0.48037499
0.027875001 -0.108125 0.48387501
0.030125 -0.107125 0.48387501
0.030125 -0.109125 0.48487499
0.028875001 -0.108125 0.48387501
0.030125 -0.108125 0.484375
0.029124999 -0.106875 0.48362499
0.030874999 -0.106875 0.48387501
0.031125 -0.109125 0.48512501
0.031125 -0.108125 0.484375
0.030125 -0.105875 0.48337501
0.031125 -0.105875 0.48362499
0.032125 -0.106125 0.48387501
0.032875001 -0.104125 0.48287499
0.030874999 -0.105125 0.483125
0.032125 -0.105125 0.48337501
0.032875001 -0.105125 0.48337501
0.034125 -0.104125 0.483125
0.035875 -0.095875002 0.48012501
0.037124999 -0.095124997 0.479875
0.037124999 -0.097374998 0.48087499
0.037875 -0.097125001 0.48087499
0.034875002 -0.096124999 0.479875
0.037124999 -0.095875002 0.48037499
0.037875 -0.095875002 0.480625
0.036125001 -0.094875 0.47962499
0.037124999 -0.094125003 0.479375
0.033875 -0.097125001 0.48012501
0.035875 -0.098125003 0.48087499
0.036125001 -0.101875 0.48262501
0.036125001 -0.101125 0.482375
0.034875002 -0.100125 0.48162499
0.036125001 -0.100375 0.481875
0.036874998 -0.100125 0.481875
0.034875002 -0.098875001 0.48087499
0.036125001 -0.098875001 0.48137501
0.037124999 -0.098875001 0.48162499
0.034125 -0.098125003 0.48037499
0.034875002 -0.098125003 0.48087499
0.037124999 -0.098125003 0.48137501
0.037875 -0.098125003 0.48162499
0.034875002 -0.097125001 0.48037499
0.036125001 -0.097125001 0.480625
0.037875 -0.099124998 0.481875
0.036874998 -0.101875 0.483125
0.037875 -0.101125 0.48287499
0.037124999 -0.101125 0.48262501
0.037875 -0.100125 0.48262501
0.018874999 -0.117875 0.484375
0.019874999 -0.117875 0.48487499
0.019874999 -0.116875 0.484375
0.020874999 -0.116125 0.48487499
0.019874999 -0.119125 0.48487499
0.020874999 -0.117125 0.48487499
0.020625001 -0.117875 0.48512501
0.019874999 -0.121125 0.48487499
0.018874999 -0.120875 0.48487499
0.018874999 -0.120125 0.48487499
0.019874999 -0.122125 0.48512501
0.019874999 -0.120125 0.48487499
0.020874999 -0.120875 0.48512501
0.020874999 -0.120125 0.48512501
0.020874999 -0.119125 0.48512501
0.022125 -0.116875 0.48537499
0.023125 -0.116125 0.485625
0.021875 -0.116125 0.48512501
0.022125 -0.117875 0.48537499
0.023125 -0.116875 0.485625
0.023875 -0.116875 0.48587501
0.023125 -0.117875 0.485625
0.023875 -0.117875 0.48587501
0.024125 -0.116125 0.48612499
0.020874999 -0.123125 0.48512501
0.020874999 -0.122125 0.48512501
0.022125 -0.120875 0.48537499
0.022125 -0.120125 0.48537499
0.023125 -0.120125 0.48537499
0.022125 -0.119125 0.48537499
0.022125 -0.123375 0.48512501
0.022125 -0.122125 0.48512501
0.023125 -0.122125 0.48537499
0.023125 -0.120875 0.48537499
0.024125 -0.120875 0.48537499
0.023125 -0.123125 0.48487499
0.024125 -0.123125 0.48487499
0.025125001 -0.123125 0.48487499
0.024125 -0.122125 0.48512501
0.025125001 -0.122375 0.48512501
0.024125 -0.120125 0.485625
0.023125 -0.119125 0.485625
0.024125 -0.119125 0.48587501
0.025125001 -0.119125 0.486375
0.025125001 -0.117875 0.48662499
0.025875 -0.117875 0.48662499
0.026875 -0.117875 0.486875
0.025125001 -0.120125 0.48587501
0.025875 -0.120875 0.485625
0.025875 -0.123125 0.48462501
0.025875 -0.122125 0.48512501
0.025125001 -0.120875 0.48537499
0.026875 -0.120875 0.48587501
0.027875001 -0.120875 0.48587501
0.025875 -0.120375 0.48587501
0.026875 -0.120375 0.48587501
0.025875 -0.119125 0.486375
0.026875 -0.119125 0.486375
0.023125 -0.12512501 0.484375
0.024125 -0.12512501 0.48387501
0.022125 -0.123875 0.48487499
0.023125 -0.123875 0.484375
0.024125 -0.123875 0.484375
0.025125001 -0.123875 0.484375
0.026875 -0.113875 0.48662499
0.027875001 -0.114125 0.486875
0.028875001 -0.113125 0.486875
0.024875 -0.114125 0.48587501
0.025875 -0.113875 0.486375
0.025125001 -0.112875 0.48537499
0.024875 -0.112125 0.48487499
0.025875 -0.113125 0.48587501
0.025875 -0.112125 0.48537499
0.025875 -0.111375 0.48487499
0.026875 -0.109875 0.484375
0.026625 -0.109125 0.48387501
0.026625 -0.112875 0.48587501
0.026875 -0.112125 0.485625
0.027875001 -0.112375 0.48587501
0.026625 -0.111125 0.48512501
0.027875001 -0.111125 0.48537499
0.027875001 -0.110125 0.48487499
0.025125001 -0.116875 0.486375
0.025125001 -0.116125 0.486375
0.025125001 -0.115125 0.486375
0.025875 -0.115125 0.486375
0.027875001 -0.112875 0.48662499
0.031874999 -0.109875 0.48587501
0.031125 -0.110125 0.485625
0.030125 -0.112125 0.48662499
0.031125 -0.111125 0.486375
0.030125 -0.111125 0.48587501
0.028875001 -0.109875 0.48487499
0.029124999 -0.111125 0.485625
0.030125 -0.109875 0.48537499
0.027875001 -0.109125 0.484375
0.029124999 -0.109125 0.484375
0.029124999 -0.111875 0.48612499
0.029124999 -0.115125 0.48737499
0.029124999 -0.113875 0.48712501
0.030125 -0.115125 0.487625
0.030125 -0.113875 0.48737499
0.025875 -0.116875 0.48662499
0.025875 -0.116125 0.48662499
0.027875001 -0.115125 0.48712501
0.026875 -0.116125 0.486875
0.027625 -0.116125 0.48712501
0.026875 -0.115125 0.48662499
0.026875 -0.116875 0.486875
0.027875001 -0.116875 0.48712501
0.029124999 -0.116125 0.48737499
0.029124999 -0.116875 0.48737499
0.030125 -0.116875 0.487625
0.030125 -0.116125 0.487625
0.031125 -0.116125 0.487625
0.030125 -0.112875 0.48712501
0.031125 -0.112875 0.48737499
0.032125 -0.112125 0.48712501
0.032125 -0.112875 0.487625
0.031125 -0.115125 0.48787501
0.031874999 -0.115125 0.48787501
0.031125 -0.113875 0.487625
0.032125 -0.114125 0.487625
0.032875001 -0.113875 0.48787501
0.032875001 -0.115125 0.48837501
0.027875001 -0.123125 0.48487499
0.027875001 -0.122125 0.48537499
0.025875 -0.123875 0.484375
0.024875 -0.12512501 0.48387501
0.025875 -0.124875 0.48362499
0.025875 -0.126375 0.483125
0.024125 -0.12612499 0.48362499
0.025125001 -0.12612499 0.48337501
0.025875 -0.12712499 0.482375
0.026875 -0.12612499 0.48287499
0.026875 -0.12712499 0.481875
0.027875001 -0.128125 0.48087499
0.027625 -0.12712499 0.481875
0.026875 -0.127875 0.48137501
0.026875 -0.122375 0.48512501
0.026875 -0.123125 0.484375
0.029124999 -0.124125 0.48412499
0.028875001 -0.123125 0.48487499
0.030125 -0.123125 0.48487499
0.029124999 -0.122125 0.48537499
0.030125 -0.122125 0.48537499
0.031125 -0.122125 0.485625
0.026875 -0.124125 0.48387501
0.026875 -0.12512501 0.48337501
0.027875001 -0.12512501 0.483125
0.027875001 -0.12612499 0.48262501
0.027875001 -0.124125 0.48387501
0.029124999 -0.125875 0.48287499
0.030125 -0.125875 0.48287499
0.029124999 -0.12512501 0.48337501
0.031125 -0.123125 0.48487499
0.031125 -0.123875 0.484375
0.030125 -0.12512501 0.48362499
0.030125 -0.124125 0.48387501
0.031125 -0.124875 0.48362499
0.029124999 -0.12712499 0.48162499
0.030125 -0.12737501 0.481125
0.030125 -0.126625 0.481875
0.028875001 -0.128875 0.479875
0.027875001 -0.129125 0.48012501
0.028875001 -0.127875 0.48087499
0.030125 -0.129875 0.478625
0.031125 -0.128125 0.48012501
0.030125 -0.128125 0.48012501
0.031125 -0.12612499 0.48287499
0.031125 -0.12712499 0.48162499
0.032125 -0.126625 0.481875
0.032125 -0.12612499 0.48287499
0.011625 -0.112125 0.48087499
0.010875 -0.112125 0.480625
0.031125 -0.12737501 0.48087499
0.032125 -0.12737501 0.481125
0.032875001 -0.12712499 0.48162499
0.032875001 -0.128125 0.48012501
0.032875001 -0.12737501 0.48087499
0.032125 -0.128875 0.478625
0.032125 -0.128125 0.48012501
0.027875001 -0.118125 0.48712501
0.027875001 -0.120375 0.48587501
0.027875001 -0.119125 0.48662499
0.028875001 -0.119125 0.486875
0.029124999 -0.117875 0.48712501
0.029124999 -0.120875 0.48587501
0.029124999 -0.120125 0.486375
0.030125 -0.119125 0.486875
0.030125 -0.120125 0.48662499
0.030125 -0.121125 0.48587501
0.031125 -0.121125 0.48587501
0.031125 -0.120125 0.48662499
0.031125 -0.117875 0.487625
0.032125 -0.117875 0.487625
0.031125 -0.119125 0.48712501
0.032125 -0.119375 0.48712501
0.030125 -0.117875 0.48737499
0.032125 -0.120875 0.48587501
0.032875001 -0.120875 0.48587501
0.034125 -0.119125 0.48712501
0.032875001 -0.119375 0.48712501
0.032125 -0.120125 0.48662499
0.032875001 -0.120125 0.48662499
0.034125 -0.120125 0.486375
0.034125 -0.115125 0.48837501
0.031125 -0.116875 0.48787501
0.032125 -0.116875 0.48787501
0.032125 -0.116125 0.488125
0.032875001 -0.116125 0.48837501
0.034125 -0.116125 0.48837501
0.032875001 -0.117875 0.487625
0.034875002 -0.119125 0.48712501
0.032875001 -0.117125 0.48787501
0.034125 -0.117125 0.48787501
0.034875002 -0.117125 0.48787501
0.034125 -0.117875 0.487625
0.034875002 -0.117875 0.487625
0.034125 -0.120875 0.48587501
0.034875002 -0.120875 0.48587501
0.034875002 -0.120125 0.48662499
0.036125001 -0.117875 0.48737499
0.036125001 -0.116875 0.487625
0.037124999 -0.116875 0.487625
0.036125001 -0.119125 0.486875
0.036125001 -0.120125 0.486375
0.037124999 -0.120125 0.486375
0.037124999 -0.119125 0.48662499
0.036874998 -0.118125 0.48712501
0.037875 -0.118125 0.48712501
0.037875 -0.120125 0.48587501
0.037875 -0.120875 0.485625
0.037875 -0.119125 0.48662499
0.032125 -0.122125 0.485625
0.032875001 -0.122125 0.485625
0.032125 -0.123125 0.48512501
0.032125 -0.123875 0.484375
0.032875001 -0.123125 0.48512501
0.034125 -0.122125 0.485625
0.034125 -0.123125 0.48512501
0.034875002 -0.123125 0.48487499
0.032875001 -0.123875 0.484375
0.032125 -0.124875 0.48387501
0.034125 -0.124125 0.48412499
0.032875001 -0.12612499 0.48287499
0.034125 -0.125625 0.483125
0.034125 -0.126375 0.48212501
0.034875002 -0.122125 0.48537499
0.035875 -0.124875 0.48287499
0.034875002 -0.124125 0.48387501
0.035875 -0.123875 0.48387501
0.032875001 -0.124875 0.48387501
0.034125 -0.12512501 0.48362499
0.034875002 -0.12512501 0.483125
0.034125 -0.12737501 0.48087499
0.034875002 -0.126375 0.481875
0.033875 -0.127875 0.479875
0.034875002 -0.127625 0.48012501
0.036125001 -0.12737501 0.48012501
0.034875002 -0.12712499 0.480625
0.036125001 -0.126375 0.48087499
0.036125001 -0.12612499 0.48162499
0.037124999 -0.126375 0.48087499
0.037875 -0.12612499 0.480625
0.037124999 -0.125375 0.481875
0.037875 -0.12512501 0.481875
0.037875 -0.12712499 0.478625
0.036874998 -0.12712499 0.479875
0.037875 -0.126375 0.48012501
0.036125001 -0.122125 0.48537499
0.036125001 -0.120875 0.48587501
0.036874998 -0.120875 0.48587501
0.037875 -0.122125 0.48487499
0.037124999 -0.122375 0.48512501
0.037124999 -0.124875 0.48287499
0.037124999 -0.123375 0.48412499
0.037875 -0.123125 0.48387501
0.037124999 -0.123875 0.48362499
0.036125001 -0.123125 0.48487499
0.037875 -0.124125 0.483125
0.028875001 -0.131125 0.47787499
0.030125 -0.131375 0.47687501
0.029124999 -0.131375 0.47687501
0.030125 -0.130375 0.47787499
0.029874999 -0.13187499 0.47587499
0.031125 -0.13187499 0.47562501
0.030125 -0.129125 0.479375
0.030874999 -0.128875 0.47887501
0.030874999 -0.130125 0.47787499
0.031125 -0.13062499 0.47687501
0.031874999 -0.130125 0.476625
0.032125 -0.129125 0.47812501
0.034125 -0.129875 0.47587499
0.032875001 -0.129375 0.47687501
0.034125 -0.129375 0.47687501
0.032875001 -0.129125 0.47812501
0.032875001 -0.12862501 0.47887501
0.032625001 -0.130125 0.47587499
0.032125 -0.131125 0.47587499
0.032875001 -0.131125 0.475375
0.031874999 -0.13312501 0.47462499
0.032125 -0.13187499 0.475375
0.032875001 -0.13212501 0.474875
0.033875 -0.13187499 0.474875
0.034875002 -0.13187499 0.47462499
0.034875002 -0.131375 0.474875
0.034125 -0.131125 0.47512501
0.034875002 -0.128875 0.476625
0.034875002 -0.129375 0.47587499
0.033875 -0.128875 0.47787499
0.034875002 -0.128125 0.47887501
0.036125001 -0.12862501 0.47687501
0.034875002 -0.12862501 0.47787499
0.036125001 -0.128125 0.47812501
0.034125 -0.12837499 0.47887501
0.036125001 -0.127625 0.47887501
0.036874998 -0.127875 0.47787499
0.037124999 -0.12737501 0.47887501
0.037124999 -0.12837499 0.47687501
0.037625 -0.127875 0.476625
0.037875 -0.12737501 0.47787499
0.037124999 -0.128875 0.47587499
0.037875 -0.128125 0.476125
0.034875002 -0.130125 0.47562501
0.036874998 -0.130375 0.474875
0.036125001 -0.129125 0.476125
0.036125001 -0.130125 0.47512501
0.036125001 -0.109125 0.486875
0.033875 -0.109125 0.48587501
0.034875002 -0.108125 0.48587501
0.036125001 -0.107875 0.48612499
0.034875002 -0.109125 0.48662499
0.032125 -0.108125 0.48487499
0.032125 -0.109125 0.48537499
0.032875001 -0.108125 0.48512501
0.032125 -0.106875 0.484375
0.032875001 -0.105875 0.48387501
0.034125 -0.105375 0.48362499
0.032875001 -0.106875 0.484375
0.034125 -0.105875 0.484375
0.034875002 -0.104125 0.48337501
0.034875002 -0.105125 0.48387501
0.036125001 -0.106125 0.48487499
0.034125 -0.107125 0.48487499
0.034125 -0.108125 0.48537499
0.034875002 -0.106875 0.48512501
0.036125001 -0.106875 0.485625
0.034875002 -0.105875 0.484375
0.036125001 -0.105125 0.484375
0.036125001 -0.104375 0.48387501
0.037875 -0.103125 0.48387501
0.037124999 -0.105875 0.48537499
0.036874998 -0.105375 0.48487499
0.036874998 -0.104125 0.48387501
0.037875 -0.104125 0.484375
0.036125001 -0.102875 0.483125
0.037124999 -0.102875 0.48362499
0.037875 -0.101875 0.48362499
0.030874999 -0.112125 0.486875
0.032875001 -0.111125 0.486875
0.032875001 -0.109375 0.485625
0.032125 -0.111125 0.48662499
0.032875001 -0.109875 0.486375
0.034125 -0.110125 0.486875
0.034625001 -0.109875 0.48712501
0.032875001 -0.112875 0.48787501
0.032875001 -0.112125 0.48737499
0.034125 -0.112125 0.48787501
0.035875 -0.111125 0.48787501
0.034625001 -0.112125 0.48787501
0.036125001 -0.112125 0.48837501
0.034125 -0.111125 0.48737499
0.034875002 -0.111125 0.487625
0.036125001 -0.109875 0.487625
0.034125 -0.113875 0.48837501
0.033875 -0.112875 0.48787501
0.034875002 -0.112875 0.48837501
0.036874998 -0.109875 0.48787501
0.036874998 -0.112125 0.488875
0.037875 -0.111125 0.488875
0.037124999 -0.111125 0.48837501
0.036874998 -0.107125 0.48587501
0.037875 -0.109125 0.48787501
0.037124999 -0.108375 0.486875
0.037124999 -0.109125 0.48737499
0.037625 -0.108125 0.48712501
0.037875 -0.106125 0.48587501
0.037875 -0.106875 0.48662499
0.037875 -0.109875 0.48837501
0.037625 -0.105125 0.48512501
0.034875002 -0.113875 0.48837501
0.036125001 -0.112875 0.488875
0.034875002 -0.115125 0.48837501
0.036125001 -0.113875 0.488875
0.034875002 -0.116125 0.48837501
0.036125001 -0.115125 0.488875
0.036874998 -0.114125 0.488875
0.037875 -0.112875 0.489375
0.037124999 -0.112875 0.48912501
0.037875 -0.112125 0.489375
0.037875 -0.115125 0.48837501
0.037875 -0.114125 0.488875
0.037875 -0.116375 0.48787501
0.036125001 -0.116125 0.48837501
0.037124999 -0.116125 0.48837501
0.037124999 -0.115125 0.488875
0.037875 -0.116875 0.487625
0.037875 -0.090125002 0.476125
0.037124999 -0.089625001 0.474875
0.037124999 -0.090374999 0.47587499
0.037124999 -0.092124999 0.47787499
0.037875 -0.091875002 0.47812501
0.037875 -0.094875 0.48012501
0.037875 -0.094125003 0.47962499
0.034125 -0.13312501 0.47437501
0.034875002 -0.13312501 0.47437501
0.036125001 -0.13312501 0.474125
0.036125001 -0.13187499 0.47437501
0.037124999 -0.13187499 0.47437501
0.037124999 -0.131125 0.47462499
0.037875 -0.13187499 0.47437501
0.037875 -0.131125 0.47462499
0.037875 -0.130125 0.47462499
0.037875 -0.129125 0.475375
0.037625 -0.13312501 0.47387499
0.013625 -0.093125001 0.46987501
0.013875 -0.093125001 0.47112501
0.013875 -0.092124999 0.46687499
0.012875 -0.092625 0.467875
0.017124999 -0.091624998 0.467875
0.012625 -0.113875 0.481875
0.012875 -0.112875 0.48162499
0.013875 -0.116125 0.48287499
0.015125 -0.116875 0.48337501
0.015125 -0.116125 0.483125
0.016124999 -0.116125 0.48337501
0.013875 -0.115125 0.48262501
0.015875001 -0.117875 0.48387501
0.016124999 -0.116875 0.48362499
0.017124999 -0.117125 0.48387501
0.017124999 -0.117875 0.48412499
0.017875001 -0.117875 0.484375
0.013875 -0.092625 0.469125
0.015125 -0.092625 0.469125
0.016124999 -0.092124999 0.46887499
0.015125 -0.092625 0.46987501
0.014875 -0.092124999 0.467125
0.016124999 -0.091624998 0.467125
0.013875 -0.092625 0.467875
0.015125 -0.092124999 0.467875
0.015875001 -0.092124999 0.467875
0.012875 -0.092625 0.467125
0.012875 -0.092124999 0.46487501
0.013875 -0.091875002 0.46612501
0.013875 -0.091624998 0.46412501
0.015125 -0.091375001 0.46412501
0.016124999 -0.091124997 0.46412501
0.016875001 -0.091124997 0.46412501
0.013875 -0.091875002 0.46487501
0.015125 -0.091624998 0.46487501
0.016124999 -0.091375001 0.46487501
0.010125 -0.102875 0.47812501
0.010875 -0.104125 0.478625
0.011875 -0.104125 0.478625
0.010875 -0.102875 0.47837499
0.011875 -0.102875 0.47837499
0.012875 -0.102875 0.478625
0.010125 -0.102125 0.47787499
0.010875 -0.101875 0.47812501
0.011875 -0.101875 0.47787499
0.012875 -0.101875 0.47812501
0.010875 -0.101125 0.47762501
0.011875 -0.101125 0.47762501
0.012875 -0.101375 0.47787499
0.011875 -0.100125 0.477375
0.012875 -0.100125 0.477375
0.013875 -0.100125 0.47762501
0.013875 -0.098875001 0.47687501
0.010875 -0.095624998 0.47312501
0.010875 -0.096375003 0.47387499
0.011625 -0.095875002 0.47387499
0.012875 -0.095375001 0.47387499
0.011875 -0.095124997 0.472875
0.012875 -0.094875 0.47312501
0.013875 -0.096124999 0.47462499
0.011625 -0.097125001 0.474875
0.012875 -0.096375003 0.47462499
0.015125 -0.095875002 0.47512501
0.012875 -0.097125001 0.47562501
0.011875 -0.098125003 0.476125
0.012875 -0.097874999 0.476125
0.013875 -0.097125001 0.47587499
0.013875 -0.094374999 0.472875
0.014875 -0.094125003 0.47312501
0.013875 -0.095124997 0.47387499
0.015125 -0.094875 0.474125
0.016124999 -0.094125003 0.47387499
0.016124999 -0.095124997 0.474875
0.017875001 -0.092874996 0.47312501
0.017124999 -0.094125003 0.474125
0.014875 -0.097125001 0.476125
0.013875 -0.098125003 0.476625
0.015125 -0.098375 0.47687501
0.012875 -0.099124998 0.476625
0.013875 -0.101125 0.47787499
0.013875 -0.101875 0.47837499
0.015125 -0.100125 0.47762501
0.015125 -0.098875001 0.477375
0.016124999 -0.098875001 0.477375
0.017124999 -0.098875001 0.477375
0.016124999 -0.096874997 0.476125
0.016124999 -0.098125003 0.47687501
0.017124999 -0.097125001 0.47637501
0.017875001 -0.097125001 0.476625
0.016124999 -0.095875002 0.47562501
0.017875001 -0.093874998 0.474125
0.016875001 -0.094875 0.474875
0.017875001 -0.094875 0.474875
0.018874999 -0.094875 0.475375
0.017875001 -0.096124999 0.47587499
0.018874999 -0.095875002 0.476125
0.017124999 -0.096124999 0.47587499
0.017124999 -0.098125003 0.47687501
0.017875001 -0.098375 0.47687501
0.019874999 -0.095875002 0.47637501
0.018874999 -0.097125001 0.476625
0.019874999 -0.097125001 0.47687501
0.012875 -0.094125003 0.471625
0.013875 -0.093625002 0.47187501
0.014875 -0.093125001 0.47112501
0.015125 -0.093374997 0.47187501
0.016124999 -0.093374997 0.47312501
0.016875001 -0.093125001 0.47312501
0.015875001 -0.093125001 0.47187501
0.017124999 -0.092625 0.47187501
0.011875 -0.092124999 0.460875
0.016124999 -0.091124997 0.462125
0.017124999 -0.090875 0.462125
0.017875001 -0.090625003 0.462125
0.012625 -0.092124999 0.462625
0.013875 -0.091624998 0.462625
0.015125 -0.091375001 0.462625
0.016124999 -0.091124997 0.462625
0.017124999 -0.090875 0.46287501
0.017875001 -0.090625003 0.462625
0.016124999 -0.091124997 0.460125
0.017124999 -0.090875 0.460125
0.015125 -0.091375001 0.46062499
0.016124999 -0.091124997 0.460875
0.017124999 -0.090875 0.460875
0.017875001 -0.090625003 0.46062499
0.013875 -0.091624998 0.462125
0.015125 -0.091375001 0.462125
0.011875 -0.092124999 0.46287501
0.012875 -0.091875002 0.460125
0.013875 -0.091624998 0.460125
0.015125 -0.091375001 0.460125
0.012875 -0.091875002 0.460875
0.013875 -0.091624998 0.46062499
0.011875 -0.092124999 0.462125
0.012625 -0.092124999 0.462125
0.016875001 -0.091124997 0.46487501
0.017875001 -0.090625003 0.46412501
0.017875001 -0.090625003 0.46487501
0.015125 -0.091624998 0.465875
0.016875001 -0.091124997 0.465875
0.016124999 -0.091375001 0.465875
0.017875001 -0.090875 0.46612501
0.017124999 -0.091375001 0.467125
0.017875001 -0.091124997 0.46687499
0.018874999 -0.090374999 0.465875
0.018874999 -0.090625003 0.467125
0.019874999 -0.090125002 0.46612501
0.018874999 -0.090125002 0.46412501
0.018874999 -0.090374999 0.46487501
0.019874999 -0.089625001 0.462625
0.019625001 -0.090125002 0.46412501
0.019625001 -0.090125002 0.46487501
0.019874999 -0.092124999 0.472875
0.018874999 -0.092625 0.47312501
0.020874999 -0.091875002 0.47312501
0.020874999 -0.092625 0.47387499
0.022125 -0.092124999 0.47387499
0.018874999 -0.093125001 0.47387499
0.022125 -0.091375001 0.472875
0.022875 -0.091124997 0.47312501
0.023125 -0.092124999 0.474125
0.019874999 -0.094125003 0.47462499
0.019625001 -0.093125001 0.47387499
0.018874999 -0.094374999 0.47462499
0.020874999 -0.093874998 0.47512501
0.020874999 -0.093125001 0.47437501
0.022125 -0.093125001 0.474875
0.022875 -0.093125001 0.474875
0.020874999 -0.095124997 0.47587499
0.019874999 -0.095124997 0.47587499
0.022125 -0.094875 0.476125
0.022125 -0.094125003 0.47562501
0.023125 -0.094374999 0.47587499
0.024125 -0.092375003 0.47462499
0.024125 -0.090374999 0.472875
0.024125 -0.093125001 0.475375
0.025125001 -0.092124999 0.47462499
0.025875 -0.091124997 0.47437501
0.025125001 -0.093125001 0.47562501
0.025875 -0.093125001 0.47562501
0.027625 -0.091124997 0.474875
0.025875 -0.092124999 0.474875
0.026875 -0.092124999 0.475375
0.017875001 -0.092124999 0.47112501
0.017875001 -0.091624998 0.46987501
0.016124999 -0.092625 0.47112501
0.017124999 -0.092124999 0.47112501
0.017875001 -0.092124999 0.47187501
0.016875001 -0.092124999 0.469625
0.017124999 -0.091875002 0.469125
0.017875001 -0.091624998 0.469125
0.016124999 -0.092625 0.46987501
0.018874999 -0.091375001 0.46987501
0.018874999 -0.091624998 0.47112501
0.019874999 -0.091124997 0.47112501
0.018625 -0.092124999 0.47187501
0.020874999 -0.090125002 0.467875
0.017875001 -0.091124997 0.467875
0.018625 -0.091124997 0.467875
0.019874999 -0.090374999 0.467875
0.022125 -0.089625001 0.467875
0.018874999 -0.091124997 0.46887499
0.019874999 -0.090625003 0.469125
0.019874999 -0.090125002 0.46687499
0.020874999 -0.089625001 0.467125
0.019874999 -0.091624998 0.47187501
0.019874999 -0.091124997 0.46987501
0.020874999 -0.090374999 0.469125
0.020874999 -0.090374999 0.46987501
0.021875 -0.090125002 0.46987501
0.021875 -0.090125002 0.469125
0.034875002 -0.089125 0.47437501
0.036125001 -0.089125 0.47437501
0.032125 -0.089125 0.474875
0.032875001 -0.089125 0.47462499
0.034125 -0.089125 0.47437501
0.032875001 -0.087125003 0.47387499
0.032875001 -0.087875001 0.47437501
0.034875002 -0.087875001 0.474125
0.036125001 -0.088124998 0.47387499
0.034125 -0.086874999 0.47387499
0.034875002 -0.086874999 0.473625
0.037875 -0.089374997 0.474875
0.036125001 -0.086874999 0.473625
0.036874998 -0.086874999 0.47312501
0.037124999 -0.087875001 0.473625
0.037875 -0.087875001 0.47337499
0.037625 -0.087125003 0.472875
0.037124999 -0.088875003 0.474125
0.037875 -0.089125 0.474125
0.031874999 -0.082125001 0.46287501
0.031125 -0.082625002 0.462625
0.032125 -0.082125001 0.46412501
0.030125 -0.083125003 0.462625
0.030125 -0.083374999 0.46412501
0.030874999 -0.083125003 0.46412501
0.032125 -0.082374997 0.46487501
0.032875001 -0.081625 0.462625
0.032875001 -0.081625 0.46412501
0.034125 -0.081375003 0.46412501
0.032625001 -0.082125001 0.46487501
0.031874999 -0.082125001 0.462125
0.032875001 -0.081375003 0.462125
0.034125 -0.081124999 0.462125
0.034125 -0.081124999 0.46287501
0.032875001 -0.085124999 0.471625
0.032875001 -0.086125001 0.472875
0.034125 -0.084875003 0.47187501
0.034875002 -0.085874997 0.47312501
0.034125 -0.085874997 0.47312501
0.034875002 -0.085124999 0.47237501
0.030874999 -0.084124997 0.46887499
0.029874999 -0.085124999 0.46987501
0.030874999 -0.083875 0.467875
0.032125 -0.083625004 0.469125
0.031125 -0.084375001 0.46987501
0.030125 -0.084624998 0.469125
0.032875001 -0.083125003 0.46887499
0.031874999 -0.083125003 0.467125
0.032875001 -0.082625002 0.467125
0.034125 -0.082125001 0.467125
0.032125 -0.083125003 0.467875
0.032875001 -0.082874998 0.467875
0.032125 -0.084875003 0.47112501
0.031874999 -0.084124997 0.46987501
0.030874999 -0.085124999 0.47087499
0.034125 -0.082374997 0.467875
0.034875002 -0.082125001 0.46762499
0.034125 -0.082874998 0.469125
0.034875002 -0.082374997 0.469125
0.030874999 -0.083125003 0.46487501
0.031125 -0.083125003 0.46612501
0.030125 -0.083625004 0.46487501
0.032125 -0.082625002 0.465875
0.032875001 -0.082125001 0.46612501
0.034125 -0.081625 0.46487501
0.033875 -0.082125001 0.46612501
0.034875002 -0.081375003 0.46487501
0.036125001 -0.081124999 0.464625
0.036874998 -0.080875002 0.46487501
0.034875002 -0.081625 0.465875
0.034875002 -0.080875002 0.46287501
0.034875002 -0.080875002 0.462125
0.036125001 -0.080875002 0.46287501
0.034875002 -0.081124999 0.46412501
0.037124999 -0.080624998 0.462625
0.036125001 -0.080875002 0.46412501
0.037124999 -0.080624998 0.46412501
0.037875 -0.080624998 0.462625
0.037875 -0.080624998 0.46412501
0.036125001 -0.081375003 0.465875
0.037124999 -0.081124999 0.46612501
0.034875002 -0.081874996 0.467125
0.036125001 -0.081625 0.467125
0.035875 -0.082125001 0.467875
0.037875 -0.081124999 0.465875
0.037124999 -0.081375003 0.467125
0.037875 -0.081375003 0.467125
0.037124999 -0.081625 0.467875
0.037875 -0.081625 0.467875
0.037875 -0.080875002 0.46487501
0.032875001 -0.083374999 0.46987501
0.032875001 -0.084375001 0.47087499
0.034125 -0.084124997 0.47112501
0.034875002 -0.083625004 0.47112501
0.036125001 -0.083374999 0.47112501
0.020874999 -0.089374997 0.462625
0.037124999 -0.083125003 0.47087499
0.020874999 -0.089374997 0.46412501
0.034875002 -0.083125003 0.46987501
0.023125 -0.088624999 0.465875
0.022125 -0.089374997 0.467125
0.021875 -0.089125 0.46487501
0.022125 -0.089125 0.46612501
0.021875 -0.089125 0.462625
0.021875 -0.089125 0.46412501
0.020874999 -0.089374997 0.46487501
0.023125 -0.088624999 0.46487501
0.020874999 -0.089374997 0.465875
0.023125 -0.088124998 0.46287501
0.023624999 -0.087875001 0.46412501
0.024125 -0.087375 0.462625
0.023125 -0.088375002 0.46412501
0.024875 -0.086874999 0.462625
0.025875 -0.085874997 0.46412501
0.023875 -0.087875001 0.46487501
0.024875 -0.086874999 0.46412501
0.024875 -0.087125003 0.464625
0.024125 -0.088124998 0.465875
0.025125001 -0.087125003 0.465875
0.025875 -0.086874999 0.467125
0.025875 -0.086125001 0.46487501
0.025875 -0.086625002 0.465875
0.026875 -0.085874997 0.46612501
0.026875 -0.085124999 0.46412501
0.026875 -0.085375004 0.46487501
0.026625 -0.084875003 0.46062499
0.026125001 -0.085375004 0.460125
0.025875 -0.085375004 0.46062499
0.025875 -0.085625 0.462125
0.026625 -0.085124999 0.462125
0.026875 -0.085124999 0.46287501
0.028124999 -0.084375001 0.462625
0.027875001 -0.084375001 0.46412501
0.028875001 -0.084124997 0.46412501
0.027875001 -0.084124997 0.462125
0.029124999 -0.083625004 0.462625
0.036125001 -0.082125001 0.469125
0.034125 -0.083125003 0.469625
0.036125001 -0.083125003 0.46987501
0.037124999 -0.082625002 0.46987501
0.036125001 -0.085874997 0.47312501
0.037124999 -0.085874997 0.472875
0.037875 -0.085874997 0.47237501
0.037124999 -0.085124999 0.47237501
0.037875 -0.085124999 0.47187501
0.037875 -0.084124997 0.471625
0.036874998 -0.082125001 0.46887499
0.037875 -0.082125001 0.46887499
0.037875 -0.082625002 0.46987501
0.034875002 -0.084375001 0.471625
0.036125001 -0.084375001 0.471625
0.036125001 -0.085124999 0.47262499
0.036874998 -0.084375001 0.47187501
0.037875 -0.083125003 0.47087499
0.029874999 -0.083125003 0.460125
0.031125 -0.082374997 0.46062499
0.029874999 -0.083125003 0.460875
0.030125 -0.083125003 0.462125
0.029124999 -0.083374999 0.460125
0.031125 -0.082374997 0.462125
0.031125 -0.082125001 0.460125
0.032125 -0.081625 0.460125
0.032125 -0.081625 0.46062499
0.032875001 -0.081375003 0.46062499
0.033875 -0.080875002 0.460125
0.032875001 -0.081375003 0.460125
0.034875002 -0.080624998 0.460125
0.036125001 -0.080124997 0.460125
0.034125 -0.081124999 0.46062499
0.034875002 -0.080624998 0.46062499
0.036125001 -0.080375001 0.46062499
0.036125001 -0.080624998 0.462125
0.023125 -0.089374997 0.469125
0.037124999 -0.080375001 0.462125
0.023875 -0.089125 0.46987501
0.023125 -0.089374997 0.46987501
0.024125 -0.089125 0.47112501
0.024875 -0.089125 0.471625
0.022875 -0.089125 0.467125
0.023125 -0.089125 0.46762499
0.024125 -0.088624999 0.467875
0.023875 -0.089125 0.469125
0.025875 -0.089374997 0.472875
0.026625 -0.089125 0.47312501
0.027875001 -0.089125 0.47387499
0.029124999 -0.087875001 0.473625
0.027875001 -0.088124998 0.472875
0.028875001 -0.089125 0.474125
0.030125 -0.089125 0.47462499
0.031125 -0.089125 0.474875
0.027875001 -0.087125003 0.471625
0.029124999 -0.086874999 0.47187501
0.030125 -0.086125001 0.471625
0.029124999 -0.087375 0.47312501
0.030125 -0.087125003 0.472875
0.031125 -0.085874997 0.47187501
0.032125 -0.085375004 0.47187501
0.031125 -0.086874999 0.47312501
0.032125 -0.086125001 0.472875
0.032125 -0.087125003 0.47387499
0.030125 -0.088124998 0.47387499
0.031125 -0.087875001 0.474125
0.032125 -0.087875001 0.47437501
0.025125001 -0.088124998 0.46987501
0.025125001 -0.088624999 0.47112501
0.025875 -0.088375002 0.47187501
0.026625 -0.087875001 0.47187501
0.025875 -0.087875001 0.47112501
0.026875 -0.087125003 0.47087499
0.024875 -0.087875001 0.467125
0.024875 -0.087875001 0.467875
0.025125001 -0.088124998 0.46887499
0.024125 -0.088375002 0.467125
0.025875 -0.087624997 0.46987501
0.025875 -0.087125003 0.467875
0.026625 -0.086874999 0.469125
0.026875 -0.086874999 0.46987501
0.025875 -0.087375 0.469125
0.027875001 -0.085124999 0.465875
0.026875 -0.086125001 0.46687499
0.027124999 -0.086125001 0.467875
0.027625 -0.085124999 0.46487501
0.029124999 -0.085375004 0.469125
0.027875001 -0.086125001 0.46987501
0.029124999 -0.085625 0.46987501
0.027875001 -0.086625002 0.47112501
0.028875001 -0.086125001 0.47087499
0.030125 -0.085625 0.47112501
0.028875001 -0.084875003 0.467125
0.028875001 -0.085124999 0.46762499
0.027875001 -0.085874997 0.469125
0.029124999 -0.084375001 0.465875
0.027875001 -0.085375004 0.467125
0.027875001 -0.085625 0.467875
0.029124999 -0.084124997 0.464625
0.030125 -0.084124997 0.46687499
0.029874999 -0.084124997 0.46612501
0.031125 -0.083374999 0.467125
0.030125 -0.084375001 0.467875
0.020874999 -0.089125 0.462125
0.020874999 -0.089125 0.460875
0.020874999 -0.089125 0.460125
0.037124999 -0.080124997 0.460875
0.037875 -0.080375001 0.462125
0.037124999 -0.080124997 0.45987499
0.037875 -0.079875 0.460125
0.037875 -0.080124997 0.460875
0.034125 -0.087875001 0.474125
0.022875 -0.087875001 0.460125
0.022875 -0.087875001 0.460875
0.022875 -0.087875001 0.462125
0.022125 -0.088624999 0.460125
0.022125 -0.088624999 0.46062499
0.022125 -0.088624999 0.462125
0.024125 -0.087125003 0.462125
0.024125 -0.087125003 0.460125
0.025125001 -0.086125001 0.460125
0.024125 -0.087125003 0.460875
0.025125001 -0.086125001 0.46062499
0.025125001 -0.086125001 0.462125
0.025625 -0.085874997 0.462625
0.027875001 -0.084124997 0.460125
0.027875001 -0.084124997 0.460875
0.026875 -0.084624998 0.460125
0.029124999 -0.083625004 0.46062499
0.029124999 -0.083625004 0.462125
0.050124999 -0.093125001 0.484375
0.050124999 -0.094875 0.485625
0.048124999 -0.094125003 0.484375
0.048625 -0.094125003 0.484375
0.048875 -0.093125001 0.48412499
0.048875 -0.095875002 0.48587501
0.047874998 -0.098125003 0.48712501
0.048875 -0.097125001 0.486875
0.050124999 -0.095875002 0.48612499
0.051125001 -0.095124997 0.485625
0.046124998 -0.099124998 0.48587501
0.046624999 -0.100125 0.48712501
0.047125001 -0.098875001 0.486875
0.045875002 -0.098125003 0.48512501
0.048124999 -0.098875001 0.48737499
0.046875 -0.101125 0.48787501
0.047874998 -0.100125 0.48787501
0.048875 -0.100125 0.488875
0.048875 -0.099124998 0.48787501
0.046875 -0.102125 0.48862499
0.048124999 -0.101375 0.488875
0.048124999 -0.101875 0.48987499
0.047874998 -0.102875 0.490125
0.048875 -0.101375 0.48987499
0.048625 -0.101875 0.49037501
0.050124999 -0.099875003 0.48912501
0.050124999 -0.098875001 0.48837501
0.048625 -0.098125003 0.48737499
0.050124999 -0.097125001 0.48712501
0.049874999 -0.109125 0.49187499
0.051125001 -0.097125001 0.48712501
0.050124999 -0.098375 0.487625
0.051125001 -0.095875002 0.486375
0.051874999 -0.097125001 0.486875
0.051874999 -0.096124999 0.48587501
0.052875001 -0.097125001 0.48587501
0.053125001 -0.098125003 0.48712501
0.052625 -0.096375003 0.48512501
0.051125001 -0.098125003 0.48787501
0.051125001 -0.099124998 0.488875
0.053125001 -0.098875001 0.48787501
0.051624998 -0.098375 0.487625
0.053874999 -0.098875001 0.48512501
0.053874999 -0.098875001 0.48387501
0.055374999 -0.100125 0.48087499
0.055125002 -0.100125 0.481875
0.055374999 -0.101125 0.483125
0.055125002 -0.100125 0.483125
0.054875001 -0.100375 0.48387501
0.051125001 -0.094125003 0.48512501
0.051125001 -0.093125001 0.48387501
0.051874999 -0.094125003 0.48387501
0.051874999 -0.093125001 0.483125
0.051874999 -0.095124997 0.48487499
0.058874998 -0.100875 0.465875
0.052375 -0.094125003 0.483125
0.060625002 -0.120125 0.460875
0.060874999 -0.120125 0.462125
0.060874999 -0.120875 0.462125
0.061375 -0.120875 0.46062499
0.061375 -0.122125 0.462125
0.061375 -0.123125 0.462625
0.060874999 -0.122125 0.462625
0.058874998 -0.100125 0.46487501
0.060874999 -0.120875 0.46287501
0.062375002 -0.123875 0.460125
0.062125001 -0.123125 0.460125
0.061875001 -0.122125 0.460125
0.062125001 -0.123875 0.460875
0.061875001 -0.123375 0.460875
0.060625002 -0.103125 0.46412501
0.051125001 -0.109125 0.49237499
0.051624998 -0.109375 0.492125
0.051874999 -0.108125 0.49287501
0.060625002 -0.102875 0.46487501
0.049874999 -0.110125 0.49087501
0.041875001 -0.119125 0.485625
0.043125 -0.118125 0.48587501
0.061375 -0.120875 0.460125
0.060375001 -0.101875 0.462625
0.061375 -0.104125 0.46412501
0.060874999 -0.104125 0.46487501
0.041875001 -0.120125 0.48512501
0.042874999 -0.120125 0.48487499
0.060874999 -0.104125 0.46287501
0.060625002 -0.102875 0.462625
0.044875 -0.119375 0.48512501
0.061875001 -0.105125 0.46412501
0.044124998 -0.120125 0.48487499
0.043125 -0.119125 0.485625
0.044124998 -0.119125 0.48537499
0.044124998 -0.118125 0.48587501
0.044875 -0.117875 0.48587501
0.046124998 -0.117875 0.48587501
0.058874998 -0.109875 0.460875
0.058625001 -0.109125 0.46112499
0.058625001 -0.111125 0.460125
0.058874998 -0.112125 0.460875
0.058625001 -0.111125 0.46062499
0.058874998 -0.112125 0.46187499
0.058874998 -0.112875 0.462625
0.059374999 -0.112125 0.462625
0.046124998 -0.116875 0.48662499
0.046875 -0.116875 0.48662499
0.058874998 -0.111125 0.46187499
0.041625001 -0.109125 0.490125
0.043125 -0.107125 0.48987499
0.043875001 -0.105875 0.48987499
0.061375 -0.106875 0.47112501
0.060874999 -0.106125 0.47112501
0.058874998 -0.112125 0.460125
0.059374999 -0.116875 0.465875
0.059625 -0.116875 0.46487501
0.059374999 -0.116125 0.46487501
0.060125001 -0.117875 0.46412501
0.059875 -0.116875 0.46412501
0.060125001 -0.113125 0.465875
0.061625 -0.122125 0.46062499
0.062375002 -0.12512501 0.462125
0.061875001 -0.124125 0.46187499
0.061625 -0.123125 0.462125
0.061625 -0.123875 0.462625
0.061375 -0.123875 0.46412501
0.061875001 -0.12512501 0.46287501
0.061625 -0.12512501 0.46412501
0.061625 -0.12612499 0.46487501
0.061375 -0.12512501 0.46487501
0.061375 -0.12612499 0.465875
0.062375002 -0.12612499 0.462625
0.062125001 -0.12712499 0.46412501
0.061875001 -0.126375 0.463875
0.062125001 -0.127875 0.46487501
0.060625002 -0.107125 0.471625
0.062125001 -0.108125 0.46987501
0.062125001 -0.109125 0.47187501
0.060874999 -0.108125 0.47312501
0.062624998 -0.108125 0.467875
0.063124999 -0.109875 0.469125
0.062875003 -0.109375 0.469125
0.062875003 -0.110125 0.47112501
0.062624998 -0.109875 0.47187501
0.052625 -0.094875 0.48387501
0.052625 -0.094125003 0.481875
0.053125001 -0.094875 0.48012501
0.052375 -0.093125001 0.481875
0.051874999 -0.092124999 0.479875
0.052375 -0.093125001 0.48087499
0.051874999 -0.092124999 0.48087499
0.052625 -0.094125003 0.48012501
0.052375 -0.093125001 0.48012501
0.052625 -0.094125003 0.48087499
0.052875001 -0.094125003 0.47887501
0.052375 -0.093125001 0.47887501
0.052875001 -0.094875 0.483125
0.053125001 -0.095875002 0.483125
0.053374998 -0.095875002 0.481875
0.052875001 -0.095124997 0.48087499
0.052875001 -0.095124997 0.481875
0.053374998 -0.095875002 0.48087499
0.053624999 -0.097125001 0.483125
0.053374998 -0.097125001 0.48387501
0.052875001 -0.096124999 0.48387501
0.053374998 -0.097125001 0.48512501
0.053624999 -0.098125003 0.48587501
0.053874999 -0.098125003 0.48387501
0.053874999 -0.098125003 0.48512501
0.054625001 -0.098875001 0.481875
0.054375 -0.098125003 0.481875
0.054375 -0.098875001 0.483125
0.053874999 -0.098125003 0.483125
0.054875001 -0.099124998 0.48087499
0.053125001 -0.094875 0.478625
0.053374998 -0.094875 0.47787499
0.052875001 -0.094125003 0.47787499
0.052375 -0.093125001 0.47787499
0.053624999 -0.094875 0.47687501
0.053374998 -0.094125003 0.47687501
0.053624999 -0.095124997 0.476125
0.053874999 -0.095875002 0.47687501
0.053624999 -0.095875002 0.48012501
0.054375 -0.097125001 0.47787499
0.053874999 -0.096124999 0.47787499
0.055125002 -0.098125003 0.47687501
0.054625001 -0.097125001 0.47687501
0.054875001 -0.098375 0.47787499
0.054375 -0.095875002 0.47587499
0.055875 -0.097125001 0.47112501
0.055624999 -0.095875002 0.47112501
0.055875 -0.097374998 0.47187501
0.055374999 -0.095875002 0.47187501
0.055125002 -0.095875002 0.47312501
0.054875001 -0.096124999 0.47387499
0.055125002 -0.097125001 0.474875
0.054625001 -0.095875002 0.474875
0.053874999 -0.095124997 0.474875
0.054875001 -0.097374998 0.476125
0.061875001 -0.12737501 0.464625
0.061625 -0.12712499 0.465875
0.061875001 -0.127875 0.465875
0.062875003 -0.127875 0.462125
0.062875003 -0.12712499 0.462125
0.062624998 -0.12612499 0.462125
0.062875003 -0.127875 0.46287501
0.056625001 -0.098875001 0.47312501
0.055875 -0.098375 0.474125
0.055374999 -0.097125001 0.47387499
0.055624999 -0.098125003 0.474875
0.055374999 -0.098125003 0.47587499
0.055875 -0.098875001 0.474875
0.053874999 -0.097125001 0.478625
0.053624999 -0.095875002 0.47887501
0.053874999 -0.097125001 0.48012501
0.053874999 -0.097125001 0.480625
0.053624999 -0.097374998 0.481875
0.054625001 -0.098125003 0.47887501
0.055125002 -0.098875001 0.48012501
0.054625001 -0.098125003 0.48012501
0.054375 -0.098125003 0.48087499
0.062624998 -0.12512501 0.460125
0.062875003 -0.12612499 0.460875
0.055125002 -0.098875001 0.478625
0.055624999 -0.100125 0.47787499
0.062375002 -0.12512501 0.46062499
0.055374999 -0.098875001 0.47787499
0.055875 -0.100375 0.478625
0.056625001 -0.101125 0.47787499
0.056375001 -0.101125 0.47887501
0.055875 -0.101125 0.48012501
0.063375004 -0.12712499 0.460125
0.055624999 -0.100125 0.48012501
0.056375001 -0.100125 0.474875
0.056375001 -0.100125 0.47587499
0.055875 -0.100125 0.47687501
0.055624999 -0.098875001 0.47687501
0.056375001 -0.098875001 0.47387499
0.055875 -0.099124998 0.476125
0.056875002 -0.100125 0.47387499
0.056875002 -0.101125 0.474875
0.057624999 -0.101375 0.47187501
0.057624999 -0.101125 0.47312501
0.057124998 -0.100125 0.47312501
0.057374999 -0.101125 0.47387499
0.056875002 -0.101125 0.476125
0.056625001 -0.101125 0.47687501
0.058375001 -0.102875 0.47387499
0.057875 -0.102125 0.47387499
0.057875 -0.102875 0.47462499
0.057624999 -0.101875 0.474875
0.051624998 -0.099124998 0.48862499
0.053125001 -0.100125 0.488875
0.053125001 -0.100875 0.490125
0.051624998 -0.100375 0.48987499
0.054125 -0.100875 0.488875
0.053874999 -0.099124998 0.486875
0.053874999 -0.100125 0.48787501
0.053874999 -0.098875001 0.48587501
0.054375 -0.100125 0.48712501
0.053874999 -0.109875 0.49087501
0.053624999 -0.108875 0.49187499
0.053125001 -0.109375 0.49187499
0.055125002 -0.108125 0.49187499
0.055125002 -0.109375 0.49112499
0.055125002 -0.109875 0.49062499
0.055624999 -0.109125 0.49087501
0.055624999 -0.106875 0.49187499
0.056125 -0.108125 0.49112499
0.062875003 -0.109875 0.46987501
0.062624998 -0.109125 0.46987501
0.062375002 -0.109125 0.47112501
0.059374999 -0.113875 0.460125
0.058874998 -0.112875 0.460125
0.059124999 -0.113875 0.460875
0.058874998 -0.112875 0.460875
0.057124998 -0.108125 0.490125
0.055125002 -0.111125 0.48987499
0.055875 -0.111125 0.48962501
0.057124998 -0.111375 0.488875
0.055875 -0.110125 0.490125
0.056875002 -0.109375 0.490125
0.055125002 -0.113125 0.48787501
0.054875001 -0.112125 0.488875
0.053624999 -0.112375 0.48912501
0.053624999 -0.112875 0.48837501
0.055875 -0.112875 0.487625
0.055875 -0.111875 0.48862499
0.055624999 -0.113875 0.486875
0.060874999 -0.119375 0.460125
0.060625002 -0.117875 0.460125
0.060125001 -0.116875 0.460125
0.060625002 -0.119125 0.46062499
0.060375001 -0.117875 0.46062499
0.059625 -0.115125 0.460125
0.059875 -0.111125 0.46312499
0.060375001 -0.111125 0.46412501
0.057875 -0.113125 0.48712501
0.056875002 -0.112375 0.488125
0.057875 -0.112125 0.48787501
0.056875002 -0.112875 0.48737499
0.056875002 -0.109875 0.48987499
0.057875 -0.111125 0.48837501
0.058625001 -0.112875 0.486875
0.058874998 -0.112125 0.48712501
0.056375001 -0.106875 0.49087501
0.057875 -0.108125 0.487625
0.057875 -0.110125 0.488875
0.057875 -0.109125 0.488875
0.058625001 -0.109125 0.48787501
0.058874998 -0.109125 0.48712501
0.060874999 -0.104125 0.465875
0.060625002 -0.104125 0.467125
0.062375002 -0.106875 0.46487501
0.062125001 -0.105875 0.463875
0.060125001 -0.105875 0.46162501
0.060874999 -0.105875 0.462625
0.060125001 -0.112375 0.464625
0.060874999 -0.111375 0.464625
0.058625001 -0.108125 0.48512501
0.058874998 -0.109125 0.48587501
0.060874999 -0.112125 0.465875
0.059625 -0.111125 0.48712501
0.058874998 -0.109875 0.48787501
0.059374999 -0.109875 0.48712501
0.062125001 -0.111125 0.465875
0.059875 -0.111875 0.46412501
0.059875 -0.116375 0.460125
0.060125001 -0.116875 0.460875
0.059875 -0.116125 0.460875
0.061124999 -0.120125 0.460125
0.060125001 -0.111125 0.48612499
0.058874998 -0.111125 0.487625
0.056875002 -0.113875 0.486875
0.059875 -0.109375 0.483125
0.058625001 -0.108375 0.48387501
0.058625001 -0.108375 0.483125
0.059625 -0.109125 0.48387501
0.058874998 -0.108875 0.48512501
0.059875 -0.109375 0.481875
0.059875 -0.109125 0.48087499
0.060375001 -0.109875 0.483125
0.060874999 -0.111125 0.48387501
0.060625002 -0.111125 0.48512501
0.059875 -0.110125 0.48587501
0.060874999 -0.112125 0.48512501
0.060125001 -0.109875 0.48387501
0.060125001 -0.109875 0.48512501
0.061375 -0.112125 0.48387501
0.060874999 -0.109875 0.47887501
0.060375001 -0.109125 0.47887501
0.060125001 -0.109125 0.48012501
0.060625002 -0.109875 0.48012501
0.060874999 -0.111125 0.48087499
0.060375001 -0.109875 0.48087499
0.060874999 -0.111125 0.481875
0.060375001 -0.109875 0.481875
0.060874999 -0.111125 0.483125
0.060874999 -0.111125 0.48012501
0.060625002 -0.109125 0.47787499
0.061375 -0.109875 0.47687501
0.060874999 -0.109875 0.47812501
0.061875001 -0.111125 0.476625
0.061625 -0.111125 0.47787499
0.060874999 -0.111125 0.478625
0.062125001 -0.111875 0.47787499
0.061625 -0.112125 0.48087499
0.059374999 -0.115125 0.465875
0.059374999 -0.116125 0.465875
0.059625 -0.113875 0.465875
0.060125001 -0.114125 0.46687499
0.060125001 -0.115125 0.46762499
0.059625 -0.115125 0.467125
0.060874999 -0.113125 0.46687499
0.061875001 -0.112125 0.467125
0.062624998 -0.112125 0.467875
0.060625002 -0.113875 0.467875
0.061875001 -0.113125 0.467875
0.062624998 -0.113125 0.469125
0.061875001 -0.113875 0.469125
0.060625002 -0.115125 0.469125
0.059625 -0.112875 0.46487501
0.059374999 -0.112875 0.46412501
0.059374999 -0.115125 0.46487501
0.059374999 -0.113875 0.46487501
0.059124999 -0.113875 0.462125
0.058874998 -0.113125 0.462125
0.059124999 -0.113875 0.46287501
0.059374999 -0.115125 0.462625
0.059374999 -0.115125 0.46412501
0.059124999 -0.113875 0.46412501
0.059374999 -0.115125 0.462125
0.059625 -0.116125 0.462625
0.059625 -0.116125 0.46412501
0.059374999 -0.115125 0.46062499
0.060375001 -0.117875 0.462125
0.060125001 -0.116875 0.462125
0.059625 -0.116125 0.462125
0.059875 -0.117125 0.46287501
0.058625001 -0.102875 0.47312501
0.058625001 -0.104125 0.47387499
0.058874998 -0.104125 0.47312501
0.059374999 -0.104125 0.47187501
0.060125001 -0.105125 0.47112501
0.059625 -0.104125 0.47112501
0.060375001 -0.106875 0.47387499
0.059875 -0.106125 0.47387499
0.059625 -0.105875 0.474875
0.060125001 -0.105125 0.47187501
0.060375001 -0.105875 0.47187501
0.060625002 -0.106875 0.47312501
0.060125001 -0.105875 0.47312501
0.059875 -0.105125 0.47312501
0.059374999 -0.105125 0.47387499
0.060125001 -0.104125 0.469125
0.059875 -0.104125 0.469625
0.060625002 -0.105125 0.469125
0.060375001 -0.105125 0.46987501
0.061375 -0.105125 0.465875
0.060874999 -0.105125 0.467125
0.060874999 -0.105125 0.46762499
0.060375001 -0.104125 0.467875
0.060874999 -0.105875 0.469125
0.061625 -0.106875 0.46987501
0.060874999 -0.105875 0.46987501
0.061875001 -0.107125 0.46762499
0.061375 -0.105875 0.467875
0.062375002 -0.108125 0.469125
0.061875001 -0.107125 0.469125
0.060125001 -0.106875 0.47462499
0.059875 -0.107125 0.47587499
0.060874999 -0.108125 0.474125
0.061124999 -0.109125 0.474875
0.060874999 -0.108375 0.47462499
0.060625002 -0.109125 0.47587499
0.060874999 -0.109375 0.47687501
0.061625 -0.109125 0.47387499
0.061875001 -0.110125 0.47462499
0.061875001 -0.109375 0.47312501
0.062125001 -0.109875 0.474125
0.062375002 -0.111125 0.474875
0.062375002 -0.109875 0.47312501
0.062624998 -0.111125 0.47387499
0.061875001 -0.108375 0.47112501
0.061375 -0.108125 0.47187501
0.062125001 -0.112875 0.481875
0.061625 -0.112125 0.481875
0.061625 -0.112125 0.483125
0.062125001 -0.112125 0.47887501
0.061875001 -0.112125 0.48012501
0.062125001 -0.112875 0.48087499
0.062875003 -0.113125 0.47787499
0.062624998 -0.113125 0.47887501
0.062624998 -0.112875 0.48012501
0.056875002 -0.116125 0.48487499
0.057875 -0.115375 0.48512501
0.058874998 -0.115125 0.48512501
0.058625001 -0.113875 0.48587501
0.057124998 -0.115125 0.48587501
0.057875 -0.114125 0.48612499
0.055875 -0.116375 0.48512501
0.055875 -0.117125 0.48412499
0.057875 -0.116125 0.484375
0.058874998 -0.116125 0.48387501
0.060125001 -0.113875 0.485625
0.060125001 -0.112875 0.48587501
0.060125001 -0.115125 0.48487499
0.057875 -0.117125 0.483125
0.056875002 -0.117125 0.48387501
0.057875 -0.116625 0.48387501
0.058874998 -0.117125 0.481875
0.058874998 -0.117625 0.47887501
0.058874998 -0.117625 0.48012501
0.057624999 -0.117875 0.48087499
0.059875 -0.117125 0.48087499
0.060125001 -0.117125 0.48012501
0.058874998 -0.117375 0.48087499
0.060125001 -0.116625 0.483125
0.060125001 -0.116125 0.48362499
0.060125001 -0.116625 0.481875
0.058874998 -0.116625 0.483125
0.060874999 -0.116625 0.48087499
0.062125001 -0.116125 0.48012501
0.060874999 -0.116625 0.48012501
0.061875001 -0.115875 0.481875
0.060874999 -0.116625 0.481875
0.060625002 -0.116125 0.48287499
0.060125001 -0.112125 0.48612499
0.060874999 -0.112875 0.48512501
0.061875001 -0.113125 0.48287499
0.061625 -0.112875 0.48387501
0.060874999 -0.114125 0.48512501
0.061875001 -0.113875 0.48362499
0.060874999 -0.115375 0.48387501
0.062375002 -0.113875 0.481875
0.062125001 -0.113875 0.483125
0.062375002 -0.115125 0.481875
0.061875001 -0.116125 0.48087499
0.062624998 -0.115125 0.48087499
0.062875003 -0.115125 0.478625
0.062875003 -0.115125 0.48012501
0.062624998 -0.113875 0.48087499
0.062875003 -0.113875 0.47887501
0.062875003 -0.113875 0.48012501
0.061875001 -0.115125 0.48287499
0.058625001 -0.117875 0.474875
0.058625001 -0.117875 0.47387499
0.058625001 -0.117875 0.476125
0.059875 -0.116875 0.47312501
0.059875 -0.116875 0.474125
0.060125001 -0.117125 0.474875
0.060125001 -0.117125 0.476125
0.059374999 -0.116875 0.47112501
0.058625001 -0.117875 0.47312501
0.057624999 -0.118875 0.474875
0.057875 -0.119125 0.474125
0.056875002 -0.119375 0.474875
0.058874998 -0.117875 0.47187501
0.058625001 -0.119125 0.47112501
0.058874998 -0.117875 0.47112501
0.057875 -0.119125 0.47312501
0.058375001 -0.119125 0.47187501
0.059875 -0.116875 0.47187501
0.062125001 -0.111125 0.476125
0.062875003 -0.112125 0.474875
0.062624998 -0.112125 0.47687501
0.062875003 -0.112875 0.47687501
0.063625 -0.113875 0.47687501
0.063375004 -0.112875 0.47587499
0.062875003 -0.112375 0.476125
0.063625 -0.112875 0.47387499
0.063625 -0.112875 0.474875
0.063874997 -0.113875 0.474125
0.063874997 -0.113875 0.474875
0.063625 -0.113875 0.47587499
0.060125001 -0.116125 0.469625
0.060874999 -0.115375 0.46987501
0.060874999 -0.116125 0.47112501
0.062125001 -0.115125 0.47087499
0.062125001 -0.114625 0.46987501
0.060874999 -0.116625 0.47387499
0.060874999 -0.116625 0.474875
0.061875001 -0.116125 0.474125
0.060874999 -0.116125 0.471625
0.060125001 -0.116625 0.47112501
0.062125001 -0.115375 0.47187501
0.060874999 -0.116375 0.47312501
0.062875003 -0.115125 0.472875
0.062125001 -0.115625 0.47312501
0.062624998 -0.113875 0.46987501
0.062624998 -0.114875 0.47187501
0.063625 -0.112875 0.47112501
0.063625 -0.113875 0.47312501
0.063375004 -0.112875 0.46987501
0.062875003 -0.114125 0.47087499
0.063375004 -0.113875 0.47187501
0.057875 -0.118375 0.47687501
0.056875002 -0.119125 0.47787499
0.058125 -0.118125 0.47787499
0.058874998 -0.117625 0.47787499
0.060125001 -0.117125 0.478625
0.057875 -0.118375 0.47587499
0.058625001 -0.117875 0.47687501
0.060125001 -0.117125 0.47812501
0.060625002 -0.116875 0.47787499
0.060874999 -0.116625 0.47587499
0.060125001 -0.117125 0.47687501
0.060625002 -0.116875 0.47687501
0.062125001 -0.116375 0.47787499
0.060874999 -0.116625 0.47887501
0.062125001 -0.116125 0.47887501
0.062624998 -0.116125 0.47687501
0.062125001 -0.116125 0.47462499
0.062125001 -0.116375 0.47587499
0.062125001 -0.116625 0.47687501
0.063375004 -0.113875 0.47787499
0.062875003 -0.115375 0.47687501
0.062875003 -0.115375 0.47787499
0.062875003 -0.115375 0.474875
0.062875003 -0.115375 0.47587499
0.062875003 -0.115375 0.47387499
0.059374999 -0.116875 0.469125
0.059374999 -0.116875 0.46987501
0.059875 -0.116125 0.469125
0.059374999 -0.116875 0.467875
0.059374999 -0.116125 0.467125
0.059374999 -0.116875 0.467125
0.059374999 -0.117875 0.467125
0.059374999 -0.119125 0.467875
0.059374999 -0.117875 0.467875
0.059124999 -0.117875 0.469125
0.058625001 -0.117875 0.469625
0.058874998 -0.119125 0.469125
0.058874998 -0.119125 0.46987501
0.058874998 -0.120125 0.469125
0.058874998 -0.120875 0.469625
0.058874998 -0.120125 0.46987501
0.060375001 -0.120125 0.46412501
0.060125001 -0.119125 0.46412501
0.059875 -0.117875 0.46487501
0.060125001 -0.117875 0.46287501
0.060625002 -0.119125 0.462125
0.060625002 -0.120125 0.462625
0.060375001 -0.119125 0.462625
0.060625002 -0.120875 0.46412501
0.060375001 -0.120875 0.46487501
0.060125001 -0.120875 0.46612501
0.059875 -0.121125 0.46687499
0.060874999 -0.123125 0.46487501
0.060625002 -0.122125 0.46487501
0.060375001 -0.122125 0.465875
0.060125001 -0.122125 0.467125
0.060125001 -0.120125 0.46487501
0.059875 -0.119125 0.464625
0.059875 -0.120375 0.465875
0.059625 -0.119125 0.465875
0.059625 -0.117875 0.465875
0.059625 -0.120125 0.467125
0.059625 -0.119125 0.467125
0.059625 -0.116125 0.467875
0.059625 -0.120875 0.467875
0.059374999 -0.120125 0.467875
0.059374999 -0.120875 0.469125
0.059875 -0.122375 0.46762499
0.059875 -0.123125 0.469125
0.059625 -0.122125 0.469125
0.058874998 -0.122125 0.46987501
0.060625002 -0.123875 0.467125
0.060375001 -0.123875 0.467875
0.060125001 -0.123125 0.467875
0.060874999 -0.124125 0.465875
0.060625002 -0.123125 0.465875
0.060375001 -0.123125 0.467125
0.060874999 -0.123125 0.46412501
0.060874999 -0.122375 0.463875
0.060874999 -0.123875 0.46487501
0.061124999 -0.124875 0.46612501
0.061625 -0.109875 0.47587499
0.063874997 -0.112875 0.47312501
0.062875003 -0.111125 0.472875
0.062875003 -0.111875 0.47387499
0.063625 -0.112125 0.47187501
0.063375004 -0.112125 0.47312501
0.063625 -0.111125 0.46987501
0.063375004 -0.111125 0.47112501
0.062875003 -0.111125 0.47187501
0.063625 -0.112125 0.46987501
0.063625 -0.112125 0.47112501
0.063874997 -0.112875 0.47187501
0.058874998 -0.127875 0.46987501
0.057875 -0.128875 0.47112501
0.057875 -0.127875 0.47112501
0.055875 -0.131375 0.47187501
0.057875 -0.131125 0.47087499
0.058874998 -0.130125 0.46987501
0.058874998 -0.128875 0.46987501
0.060125001 -0.127875 0.469125
0.058874998 -0.13187499 0.46987501
0.057875 -0.130125 0.47087499
0.058874998 -0.12712499 0.46987501
0.058125 -0.12712499 0.47112501
0.060125001 -0.12712499 0.469125
0.060125001 -0.12612499 0.469125
0.059374999 -0.12512501 0.46987501
0.061375 -0.127875 0.467125
0.060625002 -0.127875 0.46762499
0.060874999 -0.12712499 0.467125
0.061625 -0.130125 0.467125
0.061375 -0.129125 0.467125
0.060874999 -0.128875 0.467875
0.060874999 -0.130125 0.467875
0.060125001 -0.131125 0.469125
0.060125001 -0.130125 0.469125
0.060125001 -0.128875 0.469125
0.055374999 -0.101875 0.48587501
0.054875001 -0.101125 0.48712501
0.054625001 -0.101125 0.48787501
0.053874999 -0.101125 0.48987499
0.055125002 -0.102875 0.488875
0.054875001 -0.103125 0.48987499
0.054625001 -0.101875 0.490125
0.054625001 -0.102875 0.49087501
0.055624999 -0.102875 0.48712501
0.055125002 -0.101875 0.48712501
0.055374999 -0.102875 0.48787501
0.055125002 -0.101875 0.48787501
0.054875001 -0.102125 0.488875
0.054875001 -0.101125 0.48587501
0.054375 -0.100125 0.48587501
0.055374999 -0.101125 0.48387501
0.055125002 -0.101125 0.48512501
0.054625001 -0.100125 0.48512501
0.056125 -0.104125 0.48587501
0.055875 -0.103125 0.48587501
0.055875 -0.104125 0.48712501
0.055624999 -0.101875 0.48387501
0.056375001 -0.104125 0.48512501
0.055875 -0.103125 0.48487499
0.055624999 -0.101875 0.48512501
0.053624999 -0.107125 0.49312499
0.053624999 -0.108125 0.49237499
0.055875 -0.104375 0.487625
0.055624999 -0.104125 0.488875
0.055374999 -0.104125 0.490125
0.055125002 -0.104125 0.49087501
0.054875001 -0.104375 0.492125
0.055875 -0.105375 0.490125
0.055875 -0.105875 0.49087501
0.055624999 -0.105125 0.49087501
0.055374999 -0.105125 0.492125
0.055624999 -0.105875 0.492125
0.055875 -0.105125 0.488875
0.056875002 -0.106125 0.488875
0.056375001 -0.105875 0.490125
0.057624999 -0.108125 0.48862499
0.057374999 -0.106875 0.488875
0.056875002 -0.107125 0.48987499
0.056625001 -0.105125 0.48787501
0.056875002 -0.105375 0.48712501
0.057124998 -0.105875 0.48787501
0.057875 -0.107125 0.48587501
0.058375001 -0.108125 0.48712501
0.057624999 -0.107125 0.48712501
0.057624999 -0.106875 0.48787501
0.058375001 -0.108125 0.48587501
0.057374999 -0.105875 0.48587501
0.056875002 -0.105375 0.48587501
0.057374999 -0.105875 0.48712501
0.057374999 -0.105875 0.48512501
0.056875002 -0.105375 0.48512501
0.057875 -0.107125 0.48512501
0.056375001 -0.101875 0.48012501
0.055875 -0.101375 0.48087499
0.055624999 -0.101125 0.481875
0.056375001 -0.101875 0.48087499
0.056375001 -0.102875 0.481875
0.055875 -0.101875 0.481875
0.056375001 -0.102875 0.483125
0.055875 -0.102125 0.483125
0.056625001 -0.104125 0.48387501
0.055875 -0.102875 0.48387501
0.057624999 -0.105125 0.48087499
0.057124998 -0.104125 0.48087499
0.057875 -0.105875 0.481875
0.057624999 -0.105125 0.479875
0.057374999 -0.104125 0.48012501
0.056875002 -0.103125 0.479875
0.057875 -0.105875 0.48087499
0.056625001 -0.102875 0.48087499
0.057624999 -0.105125 0.481875
0.056875002 -0.104125 0.481875
0.057374999 -0.105125 0.483125
0.056875002 -0.104375 0.483125
0.057124998 -0.105125 0.48387501
0.057374999 -0.105875 0.48387501
0.058375001 -0.106875 0.483125
0.057624999 -0.106125 0.483125
0.058625001 -0.106125 0.48012501
0.058625001 -0.106875 0.48087499
0.057875 -0.106875 0.48387501
0.058375001 -0.106875 0.481875
0.058874998 -0.108125 0.48087499
0.058874998 -0.108125 0.48162499
0.058625001 -0.106125 0.47887501
0.059374999 -0.106875 0.47887501
0.059374999 -0.106875 0.47787499
0.058874998 -0.107125 0.48012501
0.059625 -0.108125 0.48012501
0.060125001 -0.108125 0.47887501
0.059875 -0.108125 0.47812501
0.056625001 -0.101875 0.47887501
0.057374999 -0.101875 0.47587499
0.057624999 -0.102875 0.47687501
0.057124998 -0.101875 0.47687501
0.057374999 -0.102875 0.47787499
0.056875002 -0.102125 0.47787499
0.057624999 -0.104125 0.47887501
0.057124998 -0.102875 0.478625
0.058625001 -0.104125 0.474875
0.058375001 -0.104125 0.47587499
0.057624999 -0.103125 0.47587499
0.057875 -0.104125 0.47687501
0.057624999 -0.104125 0.47787499
0.057875 -0.105125 0.478625
0.058874998 -0.106125 0.47787499
0.058375001 -0.105125 0.47787499
0.058874998 -0.105875 0.47687501
0.058625001 -0.105125 0.47687501
0.058874998 -0.105125 0.47462499
0.059374999 -0.105875 0.47587499
0.058625001 -0.105125 0.47587499
0.059625 -0.106875 0.47687501
0.060125001 -0.107875 0.47687501
0.060625002 -0.108125 0.47587499
0.062875003 -0.12612499 0.460125
0.062875003 -0.12712499 0.460875
0.062624998 -0.12712499 0.462625
0.062624998 -0.127875 0.46412501
0.063625 -0.127875 0.460125
0.063375004 -0.127875 0.46062499
0.058375001 -0.109125 0.460125
0.058375001 -0.108125 0.460125
0.058375001 -0.109875 0.460125
0.057124998 -0.098125003 0.469125
0.056625001 -0.097125001 0.469125
0.056875002 -0.098375 0.469625
0.056375001 -0.098125003 0.47187501
0.055875 -0.098125003 0.47312501
0.055624999 -0.097125001 0.47312501
0.055875 -0.095875002 0.469125
0.056375001 -0.097125001 0.46987501
0.055875 -0.096124999 0.469625
0.055374999 -0.094875 0.46987501
0.056875002 -0.097125001 0.467875
0.057875 -0.098875001 0.46612501
0.057624999 -0.098125003 0.465875
0.057624999 -0.098125003 0.467125
0.056875002 -0.097125001 0.467125
0.057374999 -0.098125003 0.467875
0.057875 -0.098875001 0.467125
0.057624999 -0.097125001 0.46412501
0.058375001 -0.098875001 0.46487501
0.057875 -0.098125003 0.464625
0.057374999 -0.097125001 0.46487501
0.057124998 -0.097125001 0.46612501
0.058375001 -0.098125003 0.462625
0.057875 -0.097125001 0.46287501
0.057875 -0.098125003 0.46412501
0.056375001 -0.098125003 0.47112501
0.057374999 -0.100125 0.47187501
0.056875002 -0.099124998 0.47187501
0.057624999 -0.098875001 0.469125
0.057374999 -0.098875001 0.46987501
0.057624999 -0.100125 0.47112501
0.057124998 -0.099124998 0.47112501
0.058375001 -0.101125 0.46987501
0.057875 -0.100125 0.469625
0.057875 -0.101125 0.47112501
0.058375001 -0.101875 0.47187501
0.057875 -0.101875 0.47312501
0.058874998 -0.103125 0.471625
0.058625001 -0.101875 0.47112501
0.058874998 -0.102125 0.46987501
0.059374999 -0.101875 0.467875
0.058874998 -0.101875 0.469125
0.059374999 -0.102875 0.46987501
0.058874998 -0.102875 0.47112501
0.059625 -0.101875 0.467125
0.058874998 -0.101375 0.46762499
0.058375001 -0.100125 0.467875
0.058625001 -0.101125 0.469125
0.057875 -0.100125 0.469125
0.059875 -0.103125 0.467875
0.059625 -0.102875 0.469125
0.060375001 -0.102875 0.465875
0.060125001 -0.103125 0.467125
0.058625001 -0.100125 0.465875
0.058874998 -0.101125 0.467125
0.058625001 -0.100125 0.467125
0.057875 -0.099124998 0.46762499
0.058625001 -0.104125 0.460125
0.058375001 -0.102875 0.460125
0.058125 -0.101875 0.45962501
0.058874998 -0.102875 0.46062499
0.058874998 -0.101875 0.460875
0.057875 -0.097125001 0.462125
0.058375001 -0.098125003 0.462125
0.058625001 -0.099124998 0.462125
0.057124998 -0.098875001 0.45962501
0.056875002 -0.098375 0.460125
0.058125 -0.098875001 0.46062499
0.057624999 -0.098375 0.460875
0.056875002 -0.097125001 0.46062499
0.058625001 -0.098875001 0.46412501
0.058625001 -0.099124998 0.46287501
0.059625 -0.101125 0.462125
0.059374999 -0.100125 0.462125
0.057875 -0.101125 0.45987499
0.057624999 -0.100125 0.460125
0.058874998 -0.101375 0.460875
0.058625001 -0.100125 0.46112499
0.060125001 -0.101875 0.46187499
0.058874998 -0.105125 0.460125
0.060125001 -0.110125 0.46287501
0.060874999 -0.109875 0.46412501
0.060874999 -0.109125 0.463875
0.061625 -0.108125 0.46412501
0.061875001 -0.109875 0.46512499
0.062125001 -0.109125 0.464625
0.062125001 -0.108125 0.464625
0.062375002 -0.109875 0.465875
0.061875001 -0.106125 0.465875
0.062125001 -0.106875 0.467125
0.061625 -0.105875 0.467125
0.062125001 -0.105875 0.46487501
0.062375002 -0.106875 0.465875
0.062875003 -0.108125 0.46612501
0.058874998 -0.108125 0.460875
0.058874998 -0.109875 0.46187499
0.059374999 -0.109125 0.462125
0.059875 -0.108125 0.462125
0.060125001 -0.109125 0.462625
0.060625002 -0.108125 0.46312499
0.058874998 -0.107125 0.46062499
0.060125001 -0.107125 0.46187499
0.060625002 -0.107125 0.46287501
0.061875001 -0.106875 0.46412501
0.061625 -0.105125 0.46487501
0.062875003 -0.109125 0.467125
0.062624998 -0.108125 0.467125
0.062875003 -0.109125 0.46612501
0.062875003 -0.109125 0.467875
0.063375004 -0.109875 0.467875
0.063625 -0.111125 0.469125
0.062875003 -0.110125 0.46687499
0.063375004 -0.111125 0.467875
0.062875003 -0.111125 0.467125
0.063625 -0.112125 0.469125
0.039124999 -0.126375 0.48012501
0.039875001 -0.12512501 0.48087499
0.039124999 -0.126625 0.47887501
0.039875001 -0.12612499 0.47887501
0.041125 -0.125625 0.47887501
0.039875001 -0.125625 0.48012501
0.041125 -0.12512501 0.48012501
0.039124999 -0.131125 0.47437501
0.039875001 -0.12712499 0.476625
0.038874999 -0.12712499 0.47787499
0.039124999 -0.12737501 0.47687501
0.041125 -0.12612499 0.47812501
0.041125 -0.126375 0.47687501
0.039875001 -0.126625 0.47787499
0.041875001 -0.12712499 0.47587499
0.041875001 -0.12612499 0.476625
0.043125 -0.125625 0.47687501
0.041875001 -0.125625 0.47787499
0.038874999 -0.127875 0.47587499
0.039124999 -0.129125 0.474875
0.039875001 -0.127875 0.47587499
0.039875001 -0.129125 0.474875
0.039124999 -0.130125 0.474875
0.039875001 -0.130125 0.47462499
0.040874999 -0.128875 0.47462499
0.041125 -0.127875 0.475375
0.041125 -0.12737501 0.476125
0.041875001 -0.128875 0.474875
0.041875001 -0.127875 0.47512501
0.043125 -0.128875 0.47462499
0.043125 -0.127875 0.47512501
0.043125 -0.12712499 0.47562501
0.039875001 -0.131125 0.47437501
0.041125 -0.131375 0.474125
0.041125 -0.130125 0.47462499
0.041875001 -0.130125 0.47462499
0.044124998 -0.106875 0.490125
0.041875001 -0.13187499 0.473625
0.043125 -0.13187499 0.473625
0.041875001 -0.131375 0.474125
0.048875 -0.105125 0.49087501
0.048625 -0.105875 0.491375
0.049625002 -0.105875 0.492125
0.050124999 -0.106875 0.492625
0.051125001 -0.106875 0.493375
0.050875001 -0.108125 0.49287501
0.051624998 -0.106875 0.49362499
0.039124999 -0.092375003 0.478625
0.039124999 -0.100125 0.48287499
0.039124999 -0.101125 0.48337501
0.039124999 -0.098875001 0.482375
0.039124999 -0.119125 0.486375
0.039124999 -0.125375 0.48087499
0.039124999 -0.121875 0.48462501
0.039124999 -0.123125 0.48362499
0.039875001 -0.122375 0.48412499
0.039875001 -0.121125 0.48512501
0.039875001 -0.119125 0.48587501
0.039124999 -0.120875 0.48537499
0.041125 -0.120875 0.484375
0.039124999 -0.120125 0.48587501
0.039875001 -0.120125 0.485625
0.040874999 -0.122125 0.48387501
0.038874999 -0.123875 0.48287499
0.039875001 -0.123375 0.483125
0.041125 -0.123375 0.483125
0.039124999 -0.124875 0.48162499
0.039875001 -0.124125 0.48212501
0.039124999 -0.102125 0.48387501
0.039124999 -0.111125 0.489375
0.038874999 -0.107125 0.48712501
0.039875001 -0.105875 0.48712501
0.039124999 -0.108375 0.48787501
0.039124999 -0.105875 0.486375
0.039875001 -0.105125 0.486375
0.039124999 -0.110125 0.488875
0.039124999 -0.109125 0.48837501
0.039875001 -0.109125 0.488875
0.040874999 -0.108125 0.488875
0.039875001 -0.109875 0.489375
0.039875001 -0.103125 0.48512501
0.040874999 -0.104125 0.48587501
0.039875001 -0.104375 0.485625
0.039124999 -0.105375 0.48587501
0.038874999 -0.104125 0.48512501
0.039124999 -0.102875 0.484375
0.040874999 -0.101875 0.48512501
0.039875001 -0.101125 0.48387501
0.041125 -0.102875 0.485625
0.041625001 -0.102875 0.48587501
0.039875001 -0.101875 0.484375
0.041875001 -0.101875 0.485625
0.042874999 -0.101875 0.48587501
0.044124998 -0.102125 0.486875
0.040874999 -0.105125 0.48712501
0.039875001 -0.108125 0.48837501
0.039875001 -0.107125 0.48787501
0.041125 -0.106875 0.48837501
0.041125 -0.106125 0.48787501
0.041875001 -0.105125 0.48787501
0.041625001 -0.106875 0.488875
0.042874999 -0.105875 0.48912501
0.043125 -0.105375 0.48862499
0.041875001 -0.105875 0.48837501
0.044124998 -0.105125 0.489375
0.041875001 -0.104125 0.48712501
0.043125 -0.103125 0.486875
0.043125 -0.104125 0.48787501
0.044124998 -0.103125 0.487625
0.044124998 -0.104375 0.48862499
0.044124998 -0.13187499 0.47337499
0.043125 -0.131375 0.474125
0.044124998 -0.131125 0.47387499
0.044875 -0.131125 0.47387499
0.044124998 -0.130125 0.47437501
0.044875 -0.130125 0.47437501
0.046124998 -0.130125 0.474125
0.044875 -0.13187499 0.47312501
0.046124998 -0.131125 0.473625
0.039124999 -0.13312501 0.47387499
0.039124999 -0.13212501 0.474125
0.039875001 -0.13187499 0.47387499
0.039875001 -0.13312501 0.473625
0.041125 -0.13312501 0.47337499
0.041875001 -0.13312501 0.47337499
0.041875001 -0.13412499 0.47312501
0.051125001 -0.110375 0.49087501
0.051125001 -0.109875 0.49187499
0.051125001 -0.112375 0.48912501
0.051125001 -0.112875 0.48837501
0.044124998 -0.133375 0.47312501
0.044875 -0.13312501 0.472875
0.050124999 -0.100875 0.490125
0.051125001 -0.100125 0.48987499
0.046124998 -0.13312501 0.47262499
0.048875 -0.102875 0.49087501
0.049874999 -0.102875 0.49087501
0.050124999 -0.101875 0.49087501
0.051125001 -0.102875 0.49112499
0.051125001 -0.101875 0.49112499
0.051125001 -0.101375 0.49062499
0.050124999 -0.104125 0.491375
0.050124999 -0.105375 0.49187499
0.051125001 -0.104125 0.49162501
0.051125001 -0.104875 0.492125
0.051624998 -0.102875 0.491375
0.051624998 -0.101875 0.491375
0.051624998 -0.101375 0.49062499
0.053125001 -0.101375 0.49087501
0.053125001 -0.101875 0.491375
0.053125001 -0.103125 0.49187499
0.053874999 -0.102125 0.49087501
0.051874999 -0.105125 0.49287501
0.051874999 -0.104125 0.49187499
0.050875001 -0.105875 0.49287501
0.051874999 -0.105875 0.493875
0.053125001 -0.104125 0.49287501
0.053125001 -0.105125 0.493875
0.053125001 -0.106875 0.49362499
0.052875001 -0.108125 0.49287501
0.052875001 -0.106125 0.493875
0.053874999 -0.105875 0.493875
0.053874999 -0.105125 0.493875
0.054875001 -0.105875 0.49287501
0.054875001 -0.106875 0.492625
0.053874999 -0.103125 0.49187499
0.053874999 -0.104125 0.49287501
0.054875001 -0.105375 0.492625
0.039124999 -0.090374999 0.476625
0.039625 -0.090125002 0.47687501
0.039124999 -0.089625001 0.47587499
0.039124999 -0.091375001 0.47787499
0.039875001 -0.091124997 0.47812501
0.041125 -0.090374999 0.47787499
0.043125 -0.109875 0.49062499
0.043125 -0.109125 0.49037501
0.043125 -0.108125 0.490125
0.044124998 -0.108125 0.49037501
0.044124998 -0.109125 0.49062499
0.044875 -0.109125 0.49062499
0.044875 -0.108125 0.49062499
0.044124998 -0.109875 0.49062499
0.044875 -0.109875 0.49062499
0.046124998 -0.109125 0.49087501
0.044875 -0.105125 0.48987499
0.044875 -0.105875 0.49037501
0.046124998 -0.105125 0.490125
0.046875 -0.104125 0.490125
0.046124998 -0.108125 0.49062499
0.044875 -0.106875 0.49037501
0.046124998 -0.106875 0.49062499
0.046124998 -0.105875 0.49037501
0.046875 -0.105875 0.49062499
0.046875 -0.105125 0.49037501
0.046875 -0.106875 0.49062499
0.048124999 -0.105875 0.49087501
0.048124999 -0.105125 0.49062499
0.048124999 -0.104125 0.49062499
0.048875 -0.104125 0.49087501
0.047874998 -0.108125 0.49087501
0.046875 -0.108125 0.49087501
0.048124999 -0.106875 0.49087501
0.044124998 -0.114125 0.488125
0.044124998 -0.112875 0.488875
0.044875 -0.112875 0.48862499
0.044875 -0.111125 0.490125
0.043125 -0.115125 0.487625
0.044124998 -0.112125 0.48962501
0.044875 -0.112125 0.489375
0.046124998 -0.112375 0.488875
0.046875 -0.109125 0.49087501
0.046124998 -0.111125 0.48987499
0.046875 -0.111125 0.48987499
0.046124998 -0.109875 0.49062499
0.046875 -0.109875 0.49062499
0.048124999 -0.111125 0.48987499
0.046875 -0.112375 0.488875
0.048875 -0.111125 0.48987499
0.048124999 -0.109875 0.49062499
0.044875 -0.114125 0.48787501
0.044124998 -0.115125 0.487625
0.046124998 -0.114125 0.48787501
0.046875 -0.116125 0.48712501
0.044875 -0.115125 0.487625
0.046124998 -0.115125 0.487625
0.046875 -0.115125 0.487625
0.046124998 -0.112875 0.48837501
0.048124999 -0.114125 0.48787501
0.048875 -0.114125 0.48787501
0.050124999 -0.114125 0.48787501
0.048124999 -0.116125 0.48712501
0.048124999 -0.115125 0.487625
0.048625 -0.115125 0.487625
0.046875 -0.114125 0.48787501
0.046875 -0.112875 0.48837501
0.059875 -0.101375 0.462625
0.060125001 -0.101875 0.46412501
0.059875 -0.102125 0.46612501
0.048124999 -0.112875 0.48837501
0.048625 -0.112875 0.48837501
0.050124999 -0.112875 0.48837501
0.048124999 -0.112125 0.488875
0.048875 -0.112125 0.488875
0.050124999 -0.112125 0.488875
0.047874998 -0.109125 0.49087501
0.048625 -0.109125 0.491375
0.048625 -0.109875 0.49062499
0.049125001 -0.108125 0.49187499
0.049125001 -0.106875 0.49187499
0.050124999 -0.108125 0.49237499
0.050124999 -0.111125 0.48987499
0.051125001 -0.111125 0.490125
0.041875001 -0.121875 0.48362499
0.041875001 -0.120875 0.484375
0.043125 -0.121125 0.48387501
0.043875001 -0.120875 0.48387501
0.043125 -0.122375 0.483125
0.044875 -0.120125 0.484375
0.043125 -0.123375 0.481875
0.043875001 -0.122125 0.48287499
0.044124998 -0.123125 0.48162499
0.041875001 -0.123125 0.48287499
0.040874999 -0.123875 0.481875
0.044124998 -0.123375 0.48087499
0.041875001 -0.123375 0.481875
0.041875001 -0.124125 0.481125
0.041875001 -0.125375 0.47887501
0.041875001 -0.124875 0.479875
0.043125 -0.124375 0.48012501
0.041125 -0.124625 0.48087499
0.042874999 -0.123875 0.48087499
0.046875 -0.120125 0.48387501
0.044875 -0.120875 0.48362499
0.046124998 -0.103125 0.488875
0.044875 -0.102875 0.488125
0.048124999 -0.119875 0.48362499
0.046124998 -0.121125 0.483125
0.046124998 -0.120375 0.48387501
0.044624999 -0.104125 0.488875
0.046124998 -0.104375 0.48987499
0.046124998 -0.119125 0.48487499
0.046875 -0.119125 0.48487499
0.048124999 -0.118875 0.48462501
0.046875 -0.117875 0.485625
0.048124999 -0.117125 0.48612499
0.048124999 -0.117875 0.48537499
0.044875 -0.123125 0.48087499
0.044875 -0.122375 0.481875
0.046124998 -0.122125 0.481875
0.044875 -0.121875 0.48287499
0.046875 -0.120875 0.48287499
0.048124999 -0.120875 0.48287499
0.048625 -0.120375 0.483125
0.048875 -0.121125 0.481875
0.047874998 -0.122125 0.48087499
0.048124999 -0.122375 0.48012501
0.048625 -0.121625 0.48087499
0.046624999 -0.122125 0.481875
0.048124999 -0.121625 0.481875
0.050124999 -0.120625 0.481875
0.051624998 -0.110125 0.49112499
0.053125001 -0.111375 0.490125
0.053125001 -0.110125 0.49112499
0.053874999 -0.111125 0.490125
0.053125001 -0.112375 0.48912501
0.051624998 -0.111375 0.490125
0.051125001 -0.113875 0.48787501
0.051874999 -0.113875 0.48787501
0.051874999 -0.115125 0.486875
0.053125001 -0.115125 0.486875
0.053125001 -0.113875 0.487625
0.051125001 -0.115125 0.48712501
0.051624998 -0.112875 0.48862499
0.053125001 -0.112875 0.48837501
0.051624998 -0.112125 0.489375
0.048625 -0.119375 0.48412499
0.048875 -0.118125 0.48512501
0.048875 -0.116125 0.486875
0.050124999 -0.115375 0.48712501
0.048875 -0.117125 0.48587501
0.049874999 -0.117875 0.48487499
0.050124999 -0.116875 0.485625
0.050124999 -0.116125 0.486375
0.051125001 -0.117125 0.48512501
0.051125001 -0.116125 0.48587501
0.051874999 -0.116125 0.48587501
0.053125001 -0.116125 0.48587501
0.051125001 -0.117875 0.484375
0.051624998 -0.117125 0.48512501
0.051624998 -0.118125 0.48412499
0.053125001 -0.117125 0.48512501
0.049874999 -0.120125 0.48287499
0.050124999 -0.119125 0.48387501
0.048875 -0.122125 0.479875
0.050124999 -0.121625 0.48012501
0.051125001 -0.121125 0.48012501
0.050124999 -0.121125 0.48087499
0.051125001 -0.120625 0.48087499
0.051624998 -0.120375 0.48087499
0.051125001 -0.120375 0.481875
0.051125001 -0.119875 0.48287499
0.051125001 -0.118875 0.48362499
0.051624998 -0.119375 0.483125
0.053125001 -0.119125 0.483125
0.053125001 -0.120125 0.48087499
0.051874999 -0.120125 0.481875
0.053125001 -0.119625 0.481875
0.053874999 -0.116125 0.48587501
0.055125002 -0.116125 0.485625
0.053125001 -0.118125 0.48387501
0.053874999 -0.116875 0.48487499
0.055125002 -0.115375 0.48612499
0.053624999 -0.114875 0.486875
0.053624999 -0.113875 0.487625
0.055875 -0.115125 0.48587501
0.055125002 -0.114125 0.48712501
0.055125002 -0.116875 0.48462501
0.053874999 -0.117875 0.48387501
0.053624999 -0.118625 0.483125
0.055125002 -0.117875 0.48362499
0.053624999 -0.119625 0.48087499
0.055125002 -0.119125 0.48087499
0.055875 -0.118875 0.48087499
0.053624999 -0.119125 0.481875
0.054875001 -0.119125 0.481875
0.055125002 -0.118375 0.483125
0.055875 -0.118125 0.483125
0.056875002 -0.117875 0.481875
0.055875 -0.118375 0.481875
0.056875002 -0.117625 0.483125
0.057875 -0.117625 0.481875
0.055624999 -0.119125 0.479875
0.055875 -0.119125 0.478625
0.055125002 -0.119375 0.48012501
0.056875002 -0.118625 0.48012501
0.056875002 -0.118375 0.48087499
0.043125 -0.126375 0.476125
0.043125 -0.125375 0.47787499
0.043875001 -0.124875 0.47787499
0.044875 -0.124375 0.47787499
0.044124998 -0.126375 0.476125
0.044624999 -0.12612499 0.47587499
0.042874999 -0.124875 0.478625
0.044875 -0.124125 0.47887501
0.044124998 -0.124125 0.48012501
0.044124998 -0.124375 0.47887501
0.046124998 -0.123625 0.47887501
0.046875 -0.123375 0.47887501
0.044875 -0.123625 0.48012501
0.046124998 -0.12512501 0.476125
0.046124998 -0.124125 0.47812501
0.044124998 -0.12512501 0.47687501
0.044875 -0.124875 0.476625
0.046124998 -0.124375 0.47687501
0.044124998 -0.12712499 0.47562501
0.043125 -0.130125 0.47462499
0.044124998 -0.128875 0.474875
0.044875 -0.129125 0.47462499
0.044124998 -0.128125 0.474875
0.044875 -0.128125 0.474875
0.046124998 -0.127875 0.474875
0.046124998 -0.129125 0.47462499
0.046875 -0.129125 0.47437501
0.046875 -0.127875 0.47462499
0.044875 -0.12712499 0.475375
0.046124998 -0.12712499 0.475375
0.046124998 -0.12612499 0.47562501
0.046124998 -0.123125 0.48012501
0.046624999 -0.123125 0.479875
0.046124998 -0.122625 0.48087499
0.046875 -0.122375 0.48087499
0.046875 -0.123875 0.476625
0.048124999 -0.123375 0.47687501
0.046875 -0.123625 0.47787499
0.046875 -0.124875 0.47587499
0.048124999 -0.123875 0.47637501
0.048875 -0.123375 0.47687501
0.048124999 -0.123375 0.47812501
0.048625 -0.122625 0.47787499
0.049874999 -0.122125 0.478625
0.050124999 -0.122375 0.47787499
0.047874998 -0.123125 0.478625
0.048625 -0.122375 0.47887501
0.050124999 -0.123125 0.476625
0.046875 -0.12612499 0.47562501
0.048124999 -0.12612499 0.47562501
0.048124999 -0.124875 0.47587499
0.048875 -0.124875 0.47587499
0.048875 -0.123875 0.476125
0.050124999 -0.124875 0.47587499
0.050124999 -0.123875 0.476125
0.045875002 -0.101875 0.48787501
0.051125001 -0.124125 0.476125
0.046875 -0.130125 0.474125
0.046875 -0.102875 0.48962501
0.044875 -0.101875 0.48737499
0.048124999 -0.130125 0.47387499
0.048124999 -0.129125 0.47437501
0.039124999 -0.112875 0.48962501
0.041875001 -0.115125 0.48787501
0.048875 -0.130125 0.47387499
0.050124999 -0.130125 0.47387499
0.046875 -0.12712499 0.475375
0.048124999 -0.12737501 0.474875
0.048875 -0.12712499 0.474875
0.050124999 -0.12712499 0.474875
0.051125001 -0.12712499 0.474875
0.048124999 -0.127875 0.474875
0.048625 -0.12612499 0.47562501
0.050124999 -0.12612499 0.475375
0.051125001 -0.12612499 0.475375
0.051125001 -0.12512501 0.47562501
0.048625 -0.129125 0.47437501
0.050124999 -0.129125 0.47437501
0.048625 -0.127875 0.47462499
0.050124999 -0.127875 0.47462499
0.051125001 -0.127875 0.47462499
0.046875 -0.13187499 0.472875
0.046875 -0.131125 0.473625
0.048124999 -0.131125 0.473625
0.048124999 -0.13212501 0.47312501
0.048875 -0.13212501 0.47312501
0.048124999 -0.13312501 0.47262499
0.050124999 -0.13312501 0.47262499
0.048124999 -0.13412499 0.47187501
0.048875 -0.13412499 0.47187501
0.046875 -0.13312501 0.47237501
0.051874999 -0.128875 0.47387499
0.053624999 -0.131125 0.472875
0.051125001 -0.130125 0.47387499
0.051624998 -0.130125 0.473625
0.053125001 -0.130125 0.47337499
0.053874999 -0.130125 0.47312501
0.051125001 -0.129125 0.474125
0.053125001 -0.128875 0.47387499
0.051624998 -0.127875 0.47437501
0.054875001 -0.130125 0.472875
0.055125002 -0.131125 0.47262499
0.053624999 -0.129125 0.473625
0.053125001 -0.127875 0.474125
0.051624998 -0.121875 0.476625
0.051874999 -0.123875 0.47587499
0.051125001 -0.123125 0.47637501
0.051874999 -0.123125 0.476125
0.053125001 -0.122375 0.476125
0.051125001 -0.122125 0.47687501
0.053125001 -0.121125 0.47687501
0.052625 -0.120875 0.47787499
0.050875001 -0.122125 0.47787499
0.051624998 -0.121375 0.47787499
0.051125001 -0.121375 0.47887501
0.053874999 -0.121125 0.476125
0.053874999 -0.120125 0.48012501
0.055125002 -0.119625 0.47887501
0.051874999 -0.120875 0.48012501
0.053125001 -0.120375 0.48012501
0.051874999 -0.120875 0.478625
0.053624999 -0.120625 0.47687501
0.055125002 -0.120125 0.47687501
0.053874999 -0.120125 0.47887501
0.055875 -0.119625 0.47687501
0.053624999 -0.120375 0.47787499
0.054875001 -0.120125 0.47787499
0.055875 -0.119375 0.47787499
0.053125001 -0.120625 0.47887501
0.055125002 -0.120375 0.47587499
0.057124998 -0.119125 0.476125
0.056875002 -0.119125 0.476625
0.055125002 -0.120875 0.47512501
0.038874999 -0.116125 0.48787501
0.039875001 -0.114125 0.488875
0.041125 -0.113875 0.488875
0.055875 -0.120375 0.474875
0.039124999 -0.115125 0.48837501
0.039875001 -0.115125 0.48837501
0.041125 -0.115375 0.48787501
0.055624999 -0.120125 0.476125
0.056875002 -0.120125 0.47387499
0.057624999 -0.120125 0.47312501
0.057875 -0.120875 0.47187501
0.057875 -0.120125 0.47187501
0.041875001 -0.113875 0.48837501
0.041125 -0.112875 0.48962501
0.039875001 -0.116125 0.487625
0.051874999 -0.126375 0.474875
0.052875001 -0.12612499 0.474875
0.053624999 -0.12612499 0.47462499
0.051624998 -0.12512501 0.47562501
0.041125 -0.116125 0.487625
0.041875001 -0.116125 0.48737499
0.039124999 -0.112125 0.48962501
0.040874999 -0.109875 0.48987499
0.041125 -0.109125 0.48962501
0.041875001 -0.108375 0.48987499
0.053125001 -0.12512501 0.475375
0.052875001 -0.123125 0.47587499
0.053125001 -0.123875 0.47562501
0.054125 -0.123875 0.47512501
0.053624999 -0.123125 0.475375
0.053624999 -0.122125 0.47562501
0.054875001 -0.123125 0.474875
0.055125002 -0.129125 0.47337499
0.053624999 -0.127875 0.47387499
0.055125002 -0.127875 0.473625
0.051874999 -0.12712499 0.474875
0.039875001 -0.111125 0.48987499
0.053125001 -0.12712499 0.47437501
0.039124999 -0.114125 0.488875
0.053874999 -0.12712499 0.474125
0.054875001 -0.12712499 0.47387499
0.053874999 -0.124875 0.47462499
0.039875001 -0.112875 0.48962501
0.041125 -0.112125 0.48987499
0.055125002 -0.12612499 0.474125
0.055624999 -0.12512501 0.47387499
0.055875 -0.123875 0.47387499
0.055125002 -0.12512501 0.47437501
0.055125002 -0.123875 0.47462499
0.057624999 -0.117875 0.479875
0.056875002 -0.118625 0.47887501
0.057875 -0.118125 0.478625
0.055875 -0.123375 0.47387499
0.055875 -0.122125 0.474125
0.055125002 -0.122375 0.474875
0.057875 -0.123125 0.47187501
0.057124998 -0.123125 0.47312501
0.057124998 -0.122375 0.47312501
0.056125 -0.120875 0.474125
0.057124998 -0.120875 0.47312501
0.058375001 -0.120875 0.47112501
0.058375001 -0.120125 0.47112501
0.056875002 -0.12612499 0.472875
0.056875002 -0.124875 0.472875
0.057875 -0.12512501 0.47187501
0.055875 -0.12612499 0.47337499
0.055875 -0.12712499 0.47312501
0.057124998 -0.12712499 0.47187501
0.058625001 -0.123125 0.47112501
0.058625001 -0.122125 0.47112501
0.057875 -0.122125 0.47187501
0.058874998 -0.123125 0.46987501
0.057875 -0.123875 0.47187501
0.056875002 -0.124125 0.47312501
0.058625001 -0.12612499 0.47087499
0.057624999 -0.126375 0.471625
0.059374999 -0.12612499 0.46987501
0.058625001 -0.12512501 0.47087499
0.058874998 -0.124125 0.47087499
0.060625002 -0.12712499 0.467875
0.060125001 -0.124875 0.469125
0.059875 -0.123875 0.46887499
0.059374999 -0.123875 0.46987501
0.060625002 -0.12612499 0.467875
0.041875001 -0.111125 0.49037501
0.039875001 -0.112125 0.48987499
0.041125 -0.111125 0.490125
0.041875001 -0.109875 0.49037501
0.041875001 -0.112125 0.48987499
0.043125 -0.111125 0.49037501
0.040874999 -0.117125 0.486875
0.039124999 -0.117875 0.486875
0.039875001 -0.117875 0.48662499
0.039124999 -0.116875 0.48737499
0.039875001 -0.117125 0.48712501
0.041125 -0.117875 0.486375
0.041875001 -0.118125 0.48612499
0.041875001 -0.116875 0.486875
0.041875001 -0.113125 0.48912501
0.043125 -0.113125 0.488875
0.043125 -0.113875 0.48837501
0.043125 -0.112125 0.48987499
0.044124998 -0.111375 0.490125
0.044124998 -0.116125 0.48712501
0.043125 -0.116875 0.48662499
0.043125 -0.116375 0.48712501
0.044875 -0.116125 0.48712501
0.046124998 -0.116125 0.48712501
0.044124998 -0.116875 0.48662499
0.044875 -0.116875 0.48662499
0.041125 -0.120375 0.48512501
0.041125 -0.119125 0.48587501
0.039124999 -0.093125001 0.479375
0.041875001 -0.090125002 0.47812501
0.039875001 -0.092124999 0.478625
0.041125 -0.091875002 0.47912499
0.041875001 -0.091124997 0.478625
0.041875001 -0.092375003 0.479875
0.041125 -0.091124997 0.478625
0.043125 -0.091875002 0.48012501
0.043125 -0.091124997 0.47962499
0.039124999 -0.094125003 0.479875
0.040874999 -0.093125001 0.48012501
0.039124999 -0.096124999 0.48087499
0.039124999 -0.094875 0.48037499
0.039875001 -0.094875 0.480625
0.039875001 -0.094125003 0.48012501
0.039875001 -0.093125001 0.47962499
0.040874999 -0.095124997 0.48087499
0.041875001 -0.094125003 0.48087499
0.039875001 -0.095875002 0.481125
0.039124999 -0.097125001 0.48137501
0.041125 -0.095875002 0.48162499
0.041875001 -0.094875 0.48162499
0.041125 -0.094125003 0.480625
0.043125 -0.094125003 0.48137501
0.041875001 -0.093125001 0.48037499
0.044124998 -0.094374999 0.481875
0.043125 -0.093374997 0.48087499
0.043875001 -0.090125002 0.48012501
0.044875 -0.090125002 0.48087499
0.043875001 -0.091124997 0.48012501
0.044124998 -0.092375003 0.48087499
0.044875 -0.093125001 0.481875
0.045875002 -0.092124999 0.48212501
0.044124998 -0.093125001 0.48137501
0.044875 -0.092124999 0.48162499
0.044624999 -0.091124997 0.481125
0.045875002 -0.091124997 0.481875
0.045875002 -0.090125002 0.481875
0.046875 -0.090125002 0.48287499
0.043125 -0.090125002 0.478625
0.039124999 -0.098125003 0.481875
0.041875001 -0.095875002 0.481875
0.043125 -0.095124997 0.481875
0.039875001 -0.100125 0.48337501
0.039875001 -0.099124998 0.48287499
0.039875001 -0.098125003 0.482375
0.041125 -0.098125003 0.48262501
0.039875001 -0.097374998 0.481875
0.040874999 -0.097125001 0.481875
0.041875001 -0.097125001 0.48262501
0.041875001 -0.098125003 0.483125
0.042874999 -0.097125001 0.483125
0.044124998 -0.096124999 0.48287499
0.043875001 -0.098125003 0.48387501
0.044875 -0.097125001 0.48387501
0.041875001 -0.099875003 0.48412499
0.041125 -0.100375 0.48387501
0.040874999 -0.098875001 0.483125
0.041875001 -0.098875001 0.48362499
0.043125 -0.098125003 0.48362499
0.044124998 -0.097125001 0.48362499
0.043125 -0.095875002 0.482375
0.044124998 -0.094875 0.482375
0.045875002 -0.094125003 0.483125
0.046124998 -0.093374997 0.48287499
0.044875 -0.094125003 0.48262501
0.046875 -0.092124999 0.48287499
0.046875 -0.091124997 0.48287499
0.048124999 -0.091124997 0.48337501
0.046875 -0.094125003 0.48387501
0.046875 -0.093125001 0.48337501
0.048124999 -0.093374997 0.48387501
0.048875 -0.092375003 0.48387501
0.048124999 -0.092124999 0.48337501
0.048124999 -0.090125002 0.48337501
0.050124999 -0.091124997 0.483125
0.048625 -0.090125002 0.48337501
0.049874999 -0.090374999 0.48287499
0.050625 -0.090125002 0.481875
0.048625 -0.091124997 0.48362499
0.050124999 -0.092375003 0.48387501
0.051125001 -0.092124999 0.483125
0.051125001 -0.091375001 0.48287499
0.051125001 -0.090875 0.481875
0.051125001 -0.090125002 0.48087499
0.050875001 -0.090125002 0.48012501
0.051125001 -0.090125002 0.47687501
0.051125001 -0.090125002 0.47812501
0.050875001 -0.090125002 0.47887501
0.051624998 -0.091124997 0.47787499
0.051624998 -0.091124997 0.47887501
0.051624998 -0.091124997 0.48012501
0.051624998 -0.091124997 0.48087499
0.051874999 -0.092375003 0.48162499
0.051874999 -0.092124999 0.47812501
0.051874999 -0.092124999 0.47887501
0.051874999 -0.090374999 0.47462499
0.051874999 -0.091124997 0.47587499
0.051375002 -0.090125002 0.47587499
0.052375 -0.090125002 0.47312501
0.051874999 -0.090125002 0.474125
0.053125001 -0.090125002 0.469125
0.052875001 -0.090125002 0.46987501
0.052625 -0.090125002 0.47112501
0.052375 -0.090125002 0.47187501
0.052875001 -0.091375001 0.47187501
0.052625 -0.091124997 0.47312501
0.052625 -0.091124997 0.47387499
0.051624998 -0.091375001 0.47687501
0.052375 -0.091124997 0.474875
0.052375 -0.092124999 0.47687501
0.052875001 -0.093374997 0.47687501
0.053374998 -0.094125003 0.47587499
0.052875001 -0.093125001 0.476125
0.053125001 -0.093125001 0.47462499
0.052875001 -0.092124999 0.474875
0.052625 -0.092124999 0.47587499
0.053125001 -0.092124999 0.47312501
0.053374998 -0.093125001 0.47387499
0.052875001 -0.092124999 0.47387499
0.053624999 -0.094125003 0.474875
0.053624999 -0.093125001 0.47312501
0.054375 -0.094875 0.47387499
0.053624999 -0.094374999 0.474125
0.053125001 -0.091124997 0.47112501
0.053125001 -0.090875 0.46987501
0.054375 -0.092124999 0.467875
0.053874999 -0.092124999 0.469125
0.053624999 -0.091124997 0.469125
0.053624999 -0.092375003 0.46987501
0.053624999 -0.092124999 0.47112501
0.054875001 -0.093374997 0.467875
0.054625001 -0.093125001 0.469125
0.054875001 -0.094374999 0.46987501
0.054375 -0.093125001 0.46987501
0.054625001 -0.094125003 0.47112501
0.053874999 -0.093125001 0.47112501
0.054875001 -0.095124997 0.471625
0.054375 -0.094125003 0.47187501
0.053874999 -0.093125001 0.471625
0.053374998 -0.092124999 0.47187501
0.054625001 -0.094875 0.47312501
0.053874999 -0.094125003 0.47312501
0.055125002 -0.094125003 0.469125
0.055125002 -0.094875 0.47112501
0.060625002 -0.12512501 0.467875
0.060874999 -0.126375 0.467125
0.060625002 -0.12512501 0.46687499
0.048625 -0.131125 0.473625
0.050124999 -0.131125 0.47337499
0.050124999 -0.13212501 0.47312501
0.051125001 -0.13212501 0.47312501
0.051125001 -0.13312501 0.47262499
0.051624998 -0.13312501 0.47262499
0.051874999 -0.134875 0.47187501
0.053125001 -0.13437501 0.47187501
0.053624999 -0.13412499 0.47187501
0.053125001 -0.135125 0.471625
0.055125002 -0.135125 0.47137499
0.053125001 -0.131375 0.47312501
0.051874999 -0.13187499 0.472875
0.053125001 -0.13187499 0.47262499
0.051125001 -0.131125 0.47337499
0.051874999 -0.131125 0.47312501
0.054875001 -0.13312501 0.471625
0.055125002 -0.13412499 0.471625
0.053125001 -0.13312501 0.47237501
0.053874999 -0.13312501 0.47212499
0.053624999 -0.13187499 0.47262499
0.055125002 -0.13187499 0.47237501
0.055875 -0.13312501 0.47137499
0.055624999 -0.13187499 0.47187501
0.057124998 -0.133375 0.47112501
0.055875 -0.13437501 0.47112501
0.057875 -0.13312501 0.47062501
0.056875002 -0.13187499 0.47137499
0.056875002 -0.13412499 0.47062501
0.055624999 -0.134875 0.47087499
0.055875 -0.128875 0.472875
0.055875 -0.130125 0.47262499
0.056875002 -0.130125 0.47187501
0.056875002 -0.131125 0.471625
0.050375 -0.090125002 0.46062499
0.050625 -0.090374999 0.462125
0.051125001 -0.090125002 0.46287501
0.051125001 -0.091124997 0.460875
0.051125001 -0.091124997 0.460125
0.050625 -0.090125002 0.460125
0.059875 -0.105125 0.46112499
0.059625 -0.104125 0.46062499
0.060125001 -0.104125 0.46162501
0.060125001 -0.102875 0.46187499
0.053374998 -0.090125002 0.467125
0.053374998 -0.090125002 0.467875
0.051874999 -0.090125002 0.463875
0.053125001 -0.089874998 0.46487501
0.053125001 -0.090374999 0.46412501
0.053624999 -0.090125002 0.465875
0.053874999 -0.091124997 0.467125
0.053624999 -0.091375001 0.467875
0.053874999 -0.091124997 0.46612501
0.054625001 -0.092124999 0.467125
0.054875001 -0.092124999 0.46487501
0.053874999 -0.091124997 0.46487501
0.054625001 -0.092124999 0.465875
0.055125002 -0.093125001 0.467125
0.051874999 -0.091124997 0.462125
0.053125001 -0.091124997 0.46287501
0.051624998 -0.090374999 0.462625
0.051874999 -0.092124999 0.46062499
0.053125001 -0.092625 0.46062499
0.052875001 -0.093125001 0.460125
0.053624999 -0.093374997 0.460875
0.053125001 -0.092124999 0.46187499
0.054875001 -0.092375003 0.462625
0.053624999 -0.092625 0.462125
0.053624999 -0.091875002 0.462625
0.054875001 -0.093125001 0.462125
0.055624999 -0.095124997 0.460875
0.054875001 -0.094374999 0.460875
0.060375001 -0.105125 0.462125
0.055875 -0.094374999 0.462125
0.060874999 -0.105125 0.462625
0.053874999 -0.091124997 0.46412501
0.054875001 -0.092124999 0.46412501
0.055624999 -0.093125001 0.462625
0.055374999 -0.093125001 0.46487501
0.055624999 -0.094125003 0.465875
0.055125002 -0.093125001 0.46612501
0.055875 -0.095124997 0.467875
0.055374999 -0.094125003 0.467875
0.055624999 -0.094875 0.469125
0.055624999 -0.094125003 0.467125
0.056625001 -0.095875002 0.467125
0.055875 -0.094875 0.467125
0.056375001 -0.095875002 0.467875
0.055624999 -0.093125001 0.46412501
0.055875 -0.094125003 0.462625
0.056875002 -0.095124997 0.462625
0.055875 -0.127875 0.47312501
0.056875002 -0.129125 0.47187501
0.057124998 -0.127875 0.47187501
0.056375001 -0.094875 0.46487501
0.055875 -0.094875 0.46612501
0.056875002 -0.095124997 0.46412501
0.055875 -0.094125003 0.46412501
0.055875 -0.094125003 0.464625
0.057124998 -0.095875002 0.46412501
0.057124998 -0.095875002 0.46487501
0.056875002 -0.095875002 0.46612501
0.057374999 -0.095875002 0.462625
0.051874999 -0.092124999 0.460125
0.054875001 -0.095124997 0.460125
0.053874999 -0.094125003 0.460125
0.055624999 -0.095875002 0.460125
0.056625001 -0.095875002 0.46062499
0.056625001 -0.094875 0.462125
0.057124998 -0.095875002 0.46187499
0.055875 -0.097125001 0.45987499
0.058375001 -0.106875 0.460125
0.058625001 -0.105875 0.460125
0.059374999 -0.105875 0.46062499
0.059374999 -0.100125 0.462625
0.059625 -0.101125 0.46412501
0.058874998 -0.100125 0.46412501
0.060125001 -0.101875 0.46487501
0.059374999 -0.101125 0.46487501
0.041875001 -0.101125 0.48487499
0.043125 -0.100125 0.48487499
0.043875001 -0.101125 0.48587501
0.044875 -0.098875001 0.48512501
0.041125 -0.101125 0.484375
0.043125 -0.101125 0.485625
0.044124998 -0.100125 0.48537499
0.042874999 -0.098875001 0.48387501
0.044124998 -0.099124998 0.48487499
0.044875 -0.098125003 0.484375
0.044875 -0.095124997 0.483125
0.044875 -0.095875002 0.48337501
0.045875002 -0.095875002 0.48387501
0.046124998 -0.095124997 0.48387501
0.044875 -0.100125 0.48587501
0.045875002 -0.101125 0.48712501
0.044875 -0.101375 0.486875
0.046124998 -0.100125 0.48662499
0.046124998 -0.097125001 0.48462501
0.046875 -0.095875002 0.48512501
0.047125001 -0.097125001 0.485625
0.062875003 -0.129125 0.463875
0.062875003 -0.128875 0.462625
0.062875003 -0.130375 0.464625
0.063625 -0.130125 0.462625
0.063625 -0.130125 0.462125
0.063375004 -0.129125 0.462125
0.063874997 -0.131125 0.46287501
0.063124999 -0.130125 0.46412501
0.064125001 -0.130125 0.460125
0.064125001 -0.131125 0.460875
0.063874997 -0.130375 0.46062499
0.063625 -0.129125 0.46062499
0.064374998 -0.131125 0.460125
0.064625002 -0.13212501 0.45987499
0.064125001 -0.13312501 0.46287501
0.064374998 -0.13312501 0.462125
0.064625002 -0.133375 0.460875
0.048124999 -0.096375003 0.485625
0.048124999 -0.097125001 0.486375
0.046875 -0.098125003 0.48587501
0.046875 -0.094875 0.484375
0.048124999 -0.095124997 0.48487499
0.048875 -0.094875 0.48512501
0.049874999 -0.094125003 0.48512501
0.051874999 -0.088124998 0.47112501
0.051624998 -0.087875001 0.47187501
0.051375002 -0.087875001 0.47312501
0.052124999 -0.087875001 0.467875
0.051874999 -0.087875001 0.469125
0.051874999 -0.087875001 0.46987501
0.052124999 -0.089125 0.47112501
0.052875001 -0.089374997 0.467875
0.052625 -0.089125 0.469125
0.052375 -0.089125 0.46987501
0.051624998 -0.089125 0.47387499
0.045875002 -0.084375001 0.46412501
0.046124998 -0.084124997 0.46287501
0.046124998 -0.084875003 0.46487501
0.047125001 -0.085874997 0.46487501
0.046624999 -0.085124999 0.46412501
0.053125001 -0.089125 0.467125
0.051874999 -0.087875001 0.46687499
0.052875001 -0.089125 0.46612501
0.046875 -0.085124999 0.46287501
0.046875 -0.085124999 0.462125
0.047625002 -0.085874997 0.462625
0.047125001 -0.085874997 0.46412501
0.048124999 -0.086874999 0.462625
0.048374999 -0.086874999 0.462125
0.046875 -0.085124999 0.460125
0.047874998 -0.086125001 0.460125
0.047874998 -0.086125001 0.460875
0.046875 -0.085124999 0.460875
0.047625002 -0.086125001 0.462125
0.048625 -0.087125003 0.460125
0.048625 -0.086874999 0.46062499
0.048124999 -0.086874999 0.46487501
0.047874998 -0.087125003 0.46612501
0.048124999 -0.086874999 0.46412501
0.048875 -0.088124998 0.46412501
0.048875 -0.087875001 0.464625
0.049625002 -0.089374997 0.46062499
0.049625002 -0.089374997 0.462125
0.049625002 -0.089374997 0.462625
0.048625 -0.088124998 0.462625
0.050124999 -0.087875001 0.465875
0.051125001 -0.087624997 0.467125
0.050875001 -0.088124998 0.465875
0.051624998 -0.088375002 0.465875
0.050124999 -0.089125 0.463875
0.051874999 -0.089125 0.46487501
0.051125001 -0.089374997 0.46412501
0.050124999 -0.088375002 0.46487501
0.051125001 -0.088624999 0.46487501
0.048875 -0.087875001 0.460875
0.048875 -0.088124998 0.46187499
0.039124999 -0.089125 0.47462499
0.039875001 -0.088624999 0.474875
0.039875001 -0.089125 0.47587499
0.041125 -0.088875003 0.476125
0.041125 -0.089374997 0.47687501
0.044124998 -0.086874999 0.48012501
0.044624999 -0.086874999 0.48087499
0.041125 -0.088124998 0.47462499
0.041875001 -0.089125 0.47687501
0.041875001 -0.088124998 0.47587499
0.041875001 -0.087624997 0.474875
0.043125 -0.087125003 0.47587499
0.043875001 -0.086874999 0.47687501
0.042874999 -0.089125 0.47812501
0.043375 -0.089125 0.47887501
0.043125 -0.087875001 0.47787499
0.042874999 -0.087875001 0.47687501
0.043875001 -0.086874999 0.47887501
0.044875 -0.086125001 0.47812501
0.043875001 -0.086874999 0.47787499
0.043625001 -0.087875001 0.47887501
0.039124999 -0.087875001 0.47312501
0.039124999 -0.088624999 0.47387499
0.039124999 -0.085874997 0.47187501
0.039875001 -0.086125001 0.471625
0.039875001 -0.085124999 0.47112501
0.041125 -0.084124997 0.46987501
0.041625001 -0.084375001 0.469625
0.041875001 -0.085874997 0.47112501
0.041125 -0.085874997 0.47137499
0.041125 -0.085375004 0.47087499
0.041875001 -0.085124999 0.470375
0.041125 -0.086874999 0.47187501
0.039124999 -0.086874999 0.47262499
0.039875001 -0.086874999 0.47237501
0.039875001 -0.087875001 0.47312501
0.041125 -0.087875001 0.47312501
0.043125 -0.086874999 0.47187501
0.043125 -0.085124999 0.46987501
0.043125 -0.086125001 0.47087499
0.041875001 -0.087125003 0.47187501
0.040874999 -0.087875001 0.474125
0.039875001 -0.088375002 0.47387499
0.043125 -0.087125003 0.474125
0.043125 -0.087125003 0.47462499
0.041875001 -0.087624997 0.47387499
0.043125 -0.087125003 0.47312501
0.041875001 -0.087375 0.47312501
0.044875 -0.086374998 0.48087499
0.044875 -0.086125001 0.479875
0.044124998 -0.086625002 0.47387499
0.044124998 -0.086625002 0.474875
0.044875 -0.086374998 0.474875
0.045875002 -0.085874997 0.47462499
0.044124998 -0.086625002 0.47587499
0.044875 -0.086374998 0.47587499
0.044875 -0.085874997 0.478625
0.045875002 -0.085874997 0.476125
0.044875 -0.086125001 0.47687501
0.046124998 -0.085625 0.47687501
0.046124998 -0.085625 0.47787499
0.048124999 -0.085375004 0.47887501
0.048124999 -0.085625 0.48012501
0.048124999 -0.085124999 0.47687501
0.048124999 -0.085124999 0.47812501
0.046875 -0.085375004 0.47587499
0.046875 -0.085124999 0.47687501
0.048124999 -0.085124999 0.476125
0.048124999 -0.085124999 0.474875
0.048625 -0.085375004 0.47687501
0.041625001 -0.083125003 0.46887499
0.041125 -0.082874998 0.469125
0.043125 -0.084124997 0.469125
0.044124998 -0.085375004 0.469625
0.044124998 -0.086125001 0.47087499
0.044875 -0.085874997 0.46987501
0.042874999 -0.083125003 0.46762499
0.044124998 -0.084375001 0.469125
0.044124998 -0.084124997 0.467875
0.044875 -0.085124999 0.46887499
0.043875001 -0.083374999 0.467125
0.049375001 -0.087875001 0.460125
0.044875 -0.084124997 0.46612501
0.045125 -0.083875 0.46487501
0.045125 -0.084875003 0.467875
0.044624999 -0.084124997 0.467125
0.046124998 -0.085874997 0.469125
0.045875002 -0.085375004 0.467125
0.046124998 -0.085124999 0.46612501
0.046875 -0.086125001 0.467125
0.046124998 -0.085625 0.467875
0.046875 -0.085874997 0.46612501
0.044124998 -0.086625002 0.47312501
0.044875 -0.086374998 0.47312501
0.044875 -0.086374998 0.47387499
0.045875002 -0.085874997 0.47387499
0.046124998 -0.086125001 0.47312501
0.044124998 -0.086625002 0.47187501
0.044875 -0.086374998 0.47112501
0.044875 -0.086625002 0.47187501
0.046124998 -0.086625002 0.47112501
0.046124998 -0.086374998 0.47187501
0.046875 -0.085874997 0.47312501
0.048124999 -0.085375004 0.47312501
0.046875 -0.085625 0.47387499
0.046875 -0.086125001 0.47187501
0.046875 -0.086374998 0.47112501
0.048124999 -0.086374998 0.46987501
0.048124999 -0.086125001 0.47112501
0.048124999 -0.085625 0.47187501
0.048124999 -0.085375004 0.47387499
0.046875 -0.085625 0.474875
0.046124998 -0.086374998 0.46987501
0.046875 -0.086374998 0.46987501
0.046875 -0.086374998 0.469125
0.048124999 -0.086625002 0.469125
0.046624999 -0.086125001 0.467875
0.048124999 -0.086874999 0.467125
0.048124999 -0.086874999 0.467875
0.048625 -0.087624997 0.465875
0.048625 -0.085375004 0.47312501
0.048625 -0.085375004 0.47387499
0.048625 -0.085375004 0.47587499
0.048625 -0.085375004 0.474875
0.048625 -0.085625 0.47187501
0.050124999 -0.085874997 0.47087499
0.050124999 -0.085874997 0.47187501
0.050124999 -0.085874997 0.47312501
0.051125001 -0.086374998 0.46987501
0.051125001 -0.086874999 0.47112501
0.048875 -0.086125001 0.46987501
0.048875 -0.085874997 0.47087499
0.048625 -0.086625002 0.469125
0.048625 -0.087375 0.467125
0.048875 -0.086874999 0.467875
0.050124999 -0.086125001 0.46987501
0.050124999 -0.087375 0.467125
0.050124999 -0.086874999 0.46762499
0.050124999 -0.086374998 0.469125
0.051125001 -0.086874999 0.469125
0.049874999 -0.089125 0.460125
0.050875001 -0.087125003 0.467875
0.044124998 -0.087875001 0.479875
0.044875 -0.086874999 0.48162499
0.044875 -0.089125 0.48087499
0.044624999 -0.087875001 0.481125
0.044124998 -0.089125 0.479875
0.046875 -0.089125 0.48287499
0.045875002 -0.087875001 0.481875
0.045875002 -0.089125 0.481875
0.045875002 -0.086874999 0.481875
0.046875 -0.086125001 0.481875
0.046875 -0.086874999 0.483125
0.046124998 -0.086125001 0.48087499
0.046124998 -0.085625 0.48012501
0.046875 -0.085874997 0.48087499
0.046875 -0.085124999 0.47812501
0.046124998 -0.085375004 0.47887501
0.046875 -0.085375004 0.47887501
0.046875 -0.085625 0.48012501
0.048124999 -0.085874997 0.48087499
0.048875 -0.086125001 0.479875
0.048124999 -0.086374998 0.481875
0.049125001 -0.086874999 0.48087499
0.046875 -0.088124998 0.483125
0.047874998 -0.087125003 0.48287499
0.048124999 -0.087875001 0.48337501
0.048875 -0.087125003 0.481875
0.048625 -0.087875001 0.48287499
0.049874999 -0.086874999 0.47887501
0.049375001 -0.086874999 0.48012501
0.049874999 -0.086874999 0.47812501
0.049874999 -0.087875001 0.47887501
0.049874999 -0.088124998 0.48012501
0.050124999 -0.087875001 0.47687501
0.049874999 -0.087125003 0.476625
0.050124999 -0.087875001 0.47812501
0.050625 -0.089125 0.47687501
0.050375 -0.089125 0.47787499
0.049125001 -0.085874997 0.47787499
0.048875 -0.085874997 0.47887501
0.049625002 -0.085874997 0.47687501
0.049625002 -0.086125001 0.47587499
0.049874999 -0.086125001 0.474875
0.050375 -0.087875001 0.47587499
0.050124999 -0.086874999 0.476125
0.048124999 -0.089125 0.48337501
0.048875 -0.089125 0.483125
0.049874999 -0.088124998 0.48087499
0.049375001 -0.087875001 0.481875
0.050124999 -0.089125 0.481875
0.050375 -0.089125 0.47887501
0.050375 -0.089125 0.48012501
0.050375 -0.089125 0.48087499
0.050875001 -0.088124998 0.47387499
0.050875001 -0.089374997 0.476125
0.051125001 -0.089125 0.474875
0.050124999 -0.085874997 0.474125
0.050625 -0.086874999 0.47387499
0.050375 -0.086874999 0.474875
0.050625 -0.087875001 0.474875
0.051874999 -0.089125 0.471625
0.039124999 -0.080624998 0.46412501
0.039124999 -0.082625002 0.46987501
0.039124999 -0.082125001 0.46887499
0.039875001 -0.081625 0.467125
0.039124999 -0.081625 0.467875
0.039124999 -0.085124999 0.471625
0.039875001 -0.083125003 0.46987501
0.039124999 -0.083125003 0.47062501
0.039124999 -0.084124997 0.47112501
0.039875001 -0.084124997 0.47062501
0.039124999 -0.080624998 0.46487501
0.039124999 -0.081124999 0.465875
0.039875001 -0.081124999 0.46612501
0.039124999 -0.081375003 0.467125
0.039875001 -0.080875002 0.46487501
0.039875001 -0.082125001 0.467875
0.041125 -0.082125001 0.467875
0.039875001 -0.082374997 0.469125
0.041125 -0.082125001 0.467125
0.041625001 -0.082374997 0.46687499
0.041875001 -0.082625002 0.467875
0.039875001 -0.080875002 0.46412501
0.041125 -0.081375003 0.46487501
0.041125 -0.081625 0.465875
0.041875001 -0.081874996 0.46612501
0.042874999 -0.082374997 0.465875
0.040874999 -0.081124999 0.463875
0.041875001 -0.081625 0.46487501
0.041875001 -0.081375003 0.46412501
0.042874999 -0.082125001 0.46487501
0.043125 -0.082625002 0.467125
0.043875001 -0.083125003 0.465875
0.039124999 -0.080624998 0.462625
0.039124999 -0.079875 0.460125
0.039124999 -0.080124997 0.460875
0.039124999 -0.080375001 0.462125
0.039875001 -0.080124997 0.45987499
0.039875001 -0.080124997 0.460875
0.039875001 -0.080375001 0.462125
0.041125 -0.080375001 0.460125
0.041125 -0.080375001 0.46062499
0.041125 -0.080624998 0.462125
0.039875001 -0.080624998 0.462625
0.041125 -0.080875002 0.462625
0.041875001 -0.080875002 0.460875
0.041875001 -0.081124999 0.462125
0.041875001 -0.080875002 0.460125
0.043125 -0.081375003 0.46062499
0.041875001 -0.081375003 0.462625
0.043125 -0.081375003 0.460125
0.044124998 -0.081874996 0.460125
0.044124998 -0.082125001 0.460875
0.043125 -0.082125001 0.46287501
0.043125 -0.081625 0.462125
0.043875001 -0.082125001 0.462125
0.042874999 -0.082125001 0.463875
0.044124998 -0.082374997 0.462625
0.044124998 -0.082874998 0.46412501
0.044124998 -0.083125003 0.46487501
0.044875 -0.083374999 0.46412501
0.044624999 -0.083125003 0.462625
0.044875 -0.083125003 0.462125
0.045125 -0.082874998 0.46062499
0.046124998 -0.083875 0.462125
0.046124998 -0.083875 0.46062499
0.045125 -0.082874998 0.460125
0.046124998 -0.083875 0.460125
0.051624998 -0.089374997 0.47312501
0.051375002 -0.086874999 0.46987501
0.051125001 -0.086874999 0.47187501
0.050875001 -0.087125003 0.472875
