# .PCD v0.7 - Point Cloud Data file format
VERSION 0.7
FIELDS x y z
SIZE 4 4 4
TYPE F F F
COUNT 1 1 1
WIDTH 3704
HEIGHT 1
VIEWPOINT 0 0 0 1 0 0 0
POINTS 3704
DATA ascii
0.062875003 -0.165875 0.32862499
0.062875003 -0.165125 0.32887501
0.063874997 -0.166125 0.330125
0.063874997 -0.165125 0.330125
0.062875003 -0.163875 0.32987499
0.064125001 -0.163875 0.33087501
0.064125001 -0.166875 0.32962501
0.064625002 -0.168125 0.330125
0.065875001 -0.17012499 0.330625
0.065624997 -0.16912501 0.33087501
0.065624997 -0.168125 0.330625
0.064874999 -0.166875 0.33087501
0.064874999 -0.165875 0.33087501
0.064374998 -0.165125 0.330625
0.062875003 -0.167125 0.32787499
0.062624998 -0.165875 0.328125
0.062125001 -0.165125 0.32787499
0.063625 -0.166875 0.32862499
0.063375004 -0.16887499 0.328125
0.063375004 -0.168125 0.328125
0.063874997 -0.168375 0.32887501
0.064874999 -0.16187499 0.332625
0.065624997 -0.161125 0.33412501
0.065624997 -0.15987501 0.33412501
0.065875001 -0.15987501 0.33487499
0.066124998 -0.161125 0.33462501
0.062125001 -0.16312499 0.32787499
0.062125001 -0.16187499 0.32787499
0.062125001 -0.161125 0.32787499
0.062875003 -0.16312499 0.32887501
0.062875003 -0.16187499 0.32887501
0.063375004 -0.16312499 0.330125
0.064125001 -0.16337501 0.33087501
0.061875001 -0.163875 0.328125
0.062624998 -0.163875 0.32862499
0.062375002 -0.15987501 0.328125
0.062624998 -0.159125 0.328125
0.062624998 -0.161125 0.32887501
0.062875003 -0.15987501 0.32887501
0.062875003 -0.159125 0.32862499
0.063625 -0.16187499 0.330125
0.063625 -0.161125 0.330125
0.063874997 -0.15987501 0.330125
0.063874997 -0.159125 0.330125
0.064125001 -0.158125 0.32987499
0.064125001 -0.16187499 0.330625
0.064125001 -0.161125 0.330625
0.064374998 -0.15987501 0.330625
0.064874999 -0.155875 0.33212501
0.065375 -0.155875 0.332625
0.065375 -0.154875 0.332625
0.065624997 -0.155875 0.33412501
0.065624997 -0.154875 0.33412501
0.064625002 -0.157125 0.330625
0.064874999 -0.157125 0.33212501
0.065375 -0.157875 0.332625
0.065375 -0.157125 0.332625
0.065624997 -0.157875 0.33412501
0.065624997 -0.157125 0.33412501
0.065875001 -0.155875 0.335125
0.064625002 -0.159125 0.330625
0.064625002 -0.157875 0.330625
0.064625002 -0.16312499 0.33212501
0.064625002 -0.16187499 0.33212501
0.064874999 -0.161125 0.33212501
0.064874999 -0.15987501 0.33212501
0.064874999 -0.159125 0.33212501
0.064874999 -0.157875 0.33212501
0.064874999 -0.161125 0.332625
0.065125003 -0.15987501 0.33287501
0.065375 -0.159125 0.332625
0.065624997 -0.159125 0.33412501
0.064874999 -0.16312499 0.332625
0.065624997 -0.16187499 0.33412501
0.066624999 -0.16187499 0.335125
0.066875003 -0.16187499 0.33562499
0.065624997 -0.164125 0.33287501
0.066875003 -0.164125 0.33412501
0.065875001 -0.16312499 0.333875
0.067125 -0.16312499 0.33487499
0.066875003 -0.16912501 0.33212501
0.066124998 -0.168125 0.33162501
0.065875001 -0.166875 0.331875
0.065624997 -0.165875 0.33212501
0.064874999 -0.165125 0.33162501
0.064625002 -0.164125 0.33212501
0.067125 -0.166875 0.332625
0.066875003 -0.165875 0.33287501
0.066875003 -0.168125 0.33237499
0.066124998 -0.165125 0.332625
0.067125 -0.172875 0.33162501
0.067125 -0.172125 0.33162501
0.067125 -0.170875 0.33162501
0.068875 -0.172125 0.333125
0.067874998 -0.172875 0.332625
0.067874998 -0.172125 0.332625
0.067874998 -0.170875 0.33237499
0.068875 -0.172875 0.333125
0.069875002 -0.172125 0.33412501
0.071125001 -0.172125 0.33462501
0.062875003 -0.17487501 0.32787499
0.062875003 -0.174125 0.32787499
0.062875003 -0.172875 0.32787499
0.062875003 -0.172125 0.32787499
0.064374998 -0.17012499 0.32862499
0.064125001 -0.16887499 0.32887501
0.064874999 -0.17012499 0.32962501
0.064874999 -0.16912501 0.32987499
0.063375004 -0.170875 0.328125
0.063874997 -0.17012499 0.328125
0.064125001 -0.174125 0.32887501
0.064125001 -0.172875 0.32887501
0.064125001 -0.172125 0.32862499
0.064125001 -0.170875 0.32862499
0.064874999 -0.172125 0.32962501
0.064874999 -0.170875 0.32962501
0.066124998 -0.170875 0.330625
0.063874997 -0.176875 0.32887501
0.063874997 -0.176125 0.32887501
0.064125001 -0.179875 0.32987499
0.064125001 -0.179125 0.32962501
0.064625002 -0.177875 0.330125
0.064874999 -0.176875 0.330125
0.064625002 -0.176125 0.330125
0.065624997 -0.177875 0.33112499
0.065875001 -0.176875 0.33087501
0.065624997 -0.176125 0.33087501
0.065875001 -0.17487501 0.33087501
0.064874999 -0.179125 0.330625
0.063874997 -0.177875 0.32912499
0.067125 -0.17487501 0.331875
0.064874999 -0.179875 0.33087501
0.066124998 -0.179125 0.33162501
0.066875003 -0.177875 0.33212501
0.066875003 -0.176875 0.33212501
0.066875003 -0.176125 0.33212501
0.067125 -0.179125 0.332625
0.064125001 -0.17487501 0.32887501
0.064874999 -0.17487501 0.32987499
0.064874999 -0.174125 0.32987499
0.064874999 -0.172875 0.32987499
0.065875001 -0.174125 0.33087501
0.065875001 -0.172875 0.33087501
0.066124998 -0.172125 0.330625
0.067125 -0.174125 0.331875
0.067625001 -0.164125 0.335125
0.070874996 -0.165125 0.335875
0.068875 -0.163875 0.33562499
0.069624998 -0.164125 0.335875
0.067874998 -0.16312499 0.33562499
0.067874998 -0.166125 0.33412501
0.067125 -0.165125 0.33362499
0.068875 -0.166875 0.33412501
0.068875 -0.165125 0.335125
0.067874998 -0.166875 0.33362499
0.068875 -0.165875 0.33462501
0.069624998 -0.166125 0.335125
0.071125001 -0.165875 0.33562499
0.071625002 -0.165875 0.335875
0.067874998 -0.165125 0.33462501
0.069875002 -0.165125 0.33562499
0.067125 -0.17012499 0.331875
0.068875 -0.170875 0.333125
0.067874998 -0.17012499 0.33287501
0.067874998 -0.16912501 0.33287501
0.067625001 -0.168125 0.333125
0.071874999 -0.165125 0.33662501
0.071125001 -0.163875 0.33662501
0.071625002 -0.164125 0.337125
0.068875 -0.16337501 0.335875
0.069875002 -0.16312499 0.33662501
0.070874996 -0.16337501 0.337125
0.072624996 -0.165125 0.337125
0.072875001 -0.164125 0.33787501
0.071874999 -0.16312499 0.337625
0.071874999 -0.167125 0.335875
0.070874996 -0.168125 0.335125
0.071874999 -0.168125 0.335875
0.072875001 -0.168125 0.336375
0.069875002 -0.166875 0.33487499
0.071125001 -0.166875 0.33537501
0.073124997 -0.166875 0.33687499
0.072624996 -0.16887499 0.33612499
0.071874999 -0.17012499 0.33562499
0.070874996 -0.16887499 0.335125
0.071874999 -0.16887499 0.33562499
0.068875 -0.168125 0.33412501
0.069875002 -0.168125 0.33462501
0.072875001 -0.170875 0.335875
0.074124999 -0.17112499 0.33687499
0.072624996 -0.17012499 0.335875
0.069875002 -0.170875 0.33412501
0.069124997 -0.17012499 0.33362499
0.068875 -0.16887499 0.333875
0.070874996 -0.17012499 0.335125
0.071125001 -0.17112499 0.33487499
0.071874999 -0.170875 0.33537501
0.069875002 -0.17012499 0.33437499
0.069875002 -0.16887499 0.33462501
0.073375002 -0.165125 0.33787501
0.072875001 -0.165875 0.33687499
0.073624998 -0.165875 0.33787501
0.074124999 -0.167125 0.33912501
0.074124999 -0.16887499 0.33912501
0.074124999 -0.16887499 0.33987501
0.074124999 -0.168125 0.33787501
0.073875003 -0.168125 0.338875
0.074124999 -0.16887499 0.337625
0.073875003 -0.168125 0.337125
0.073624998 -0.16887499 0.337125
0.074124999 -0.167125 0.337625
0.048124999 -0.19212499 0.32887501
0.048625 -0.19212499 0.32887501
0.048124999 -0.192375 0.330125
0.048875 -0.19212499 0.330125
0.048124999 -0.192875 0.33087501
0.047874998 -0.19212499 0.328125
0.048875 -0.191875 0.328125
0.050124999 -0.191625 0.32862499
0.050124999 -0.191625 0.328125
0.051125001 -0.19112501 0.328125
0.051624998 -0.19112501 0.328125
0.050124999 -0.19437499 0.34587499
0.048625 -0.19462501 0.34687501
0.062875003 -0.176125 0.328125
0.062125001 -0.180125 0.32787499
0.062125001 -0.177875 0.32787499
0.062624998 -0.176875 0.328125
0.062875003 -0.179875 0.32887501
0.062875003 -0.179125 0.32862499
0.064125001 -0.181125 0.32987499
0.062125001 -0.179125 0.32787499
0.062875003 -0.177875 0.32837501
0.060125001 -0.186125 0.32787499
0.060375001 -0.18512499 0.328125
0.060625002 -0.18387499 0.328125
0.060874999 -0.185875 0.32887501
0.058625001 -0.187875 0.328125
0.059625 -0.187125 0.328125
0.060125001 -0.187125 0.32862499
0.060625002 -0.183125 0.328125
0.060874999 -0.18187501 0.32787499
0.060874999 -0.18512499 0.32862499
0.061875001 -0.18387499 0.32912499
0.062125001 -0.183125 0.32887501
0.062624998 -0.18187501 0.32912499
0.062875003 -0.181125 0.32887501
0.063874997 -0.18187501 0.330125
0.062875003 -0.183375 0.32987499
0.062125001 -0.18187501 0.32862499
0.061875001 -0.181125 0.328125
0.062624998 -0.157875 0.328125
0.062875003 -0.157125 0.328125
0.062875003 -0.155875 0.328125
0.063375004 -0.157875 0.32862499
0.063375004 -0.157125 0.32862499
0.064125001 -0.157125 0.32987499
0.063874997 -0.15512501 0.330125
0.063874997 -0.15387499 0.330125
0.064625002 -0.155875 0.330625
0.064374998 -0.154875 0.330625
0.064374998 -0.15387499 0.330625
0.064874999 -0.154875 0.33212501
0.064874999 -0.15387499 0.33212501
0.064874999 -0.15387499 0.332625
0.062875003 -0.15512501 0.328125
0.062875003 -0.15387499 0.328125
0.063625 -0.155875 0.32862499
0.063375004 -0.154875 0.32862499
0.063375004 -0.15387499 0.32862499
0.064125001 -0.155875 0.32987499
0.046124998 -0.195375 0.34587499
0.048875 -0.194125 0.33787501
0.048124999 -0.19437499 0.33787501
0.048124999 -0.19437499 0.33912501
0.046875 -0.19462501 0.33987501
0.048124999 -0.19437499 0.33987501
0.048124999 -0.19437499 0.34112501
0.048875 -0.194125 0.33912501
0.048625 -0.194125 0.337125
0.050124999 -0.193625 0.33787501
0.050124999 -0.193875 0.33912501
0.048875 -0.19437499 0.33987501
0.050124999 -0.19337501 0.335875
0.051125001 -0.19312499 0.335875
0.050124999 -0.193625 0.337125
0.051125001 -0.19337501 0.337125
0.051125001 -0.19337501 0.33787501
0.046875 -0.194875 0.342875
0.046875 -0.195125 0.344125
0.048124999 -0.19462501 0.34187499
0.048124999 -0.19462501 0.342875
0.049874999 -0.194125 0.342875
0.050875001 -0.194125 0.34487501
0.051125001 -0.193625 0.34187499
0.051125001 -0.193625 0.342875
0.048625 -0.19437499 0.34387499
0.050124999 -0.19437499 0.344125
0.051125001 -0.193875 0.344125
0.048124999 -0.194875 0.34487501
0.048625 -0.19462501 0.34487501
0.050124999 -0.19437499 0.34487501
0.048875 -0.194125 0.342125
0.049874999 -0.194125 0.342125
0.048625 -0.19437499 0.342875
0.048124999 -0.19462501 0.34387499
0.053874999 -0.19312499 0.344125
0.055125002 -0.192625 0.342875
0.055125002 -0.192625 0.34387499
0.051624998 -0.193625 0.34487501
0.053125001 -0.19337501 0.34487501
0.053874999 -0.19312499 0.34487501
0.053125001 -0.193625 0.34587499
0.053624999 -0.19337501 0.34587499
0.053125001 -0.19337501 0.34187499
0.051624998 -0.19337501 0.34187499
0.051624998 -0.19337501 0.342875
0.053125001 -0.19312499 0.34262499
0.053874999 -0.192875 0.342875
0.051624998 -0.193625 0.34387499
0.053125001 -0.19337501 0.34387499
0.051125001 -0.193625 0.33912501
0.050124999 -0.193875 0.33987501
0.051125001 -0.193625 0.33987501
0.048875 -0.19437499 0.34112501
0.050124999 -0.193875 0.34112501
0.051125001 -0.193625 0.34112501
0.051874999 -0.19312499 0.33912501
0.052875001 -0.19312499 0.33912501
0.051874999 -0.19312499 0.33987501
0.055125002 -0.19212499 0.33787501
0.053624999 -0.192625 0.33912501
0.055125002 -0.19212499 0.33912501
0.052875001 -0.19312499 0.33987501
0.053624999 -0.192625 0.33987501
0.055125002 -0.192375 0.33987501
0.051874999 -0.19312499 0.34112501
0.052875001 -0.19312499 0.34112501
0.053624999 -0.192625 0.34112501
0.055125002 -0.192375 0.34112501
0.053624999 -0.192625 0.34187499
0.055125002 -0.192375 0.34187499
0.046875 -0.193625 0.332625
0.048124999 -0.193625 0.33412501
0.048124999 -0.193875 0.335125
0.049874999 -0.19212499 0.330125
0.048625 -0.192375 0.330625
0.050124999 -0.19212499 0.33087501
0.048124999 -0.19337501 0.331875
0.048875 -0.19312499 0.33287501
0.048875 -0.192875 0.33212501
0.050124999 -0.192625 0.33212501
0.050124999 -0.192625 0.332625
0.051125001 -0.192375 0.332625
0.049874999 -0.19312499 0.33412501
0.051125001 -0.192625 0.33412501
0.050875001 -0.19312499 0.335125
0.053125001 -0.192375 0.333875
0.051125001 -0.192375 0.33212501
0.051874999 -0.19212499 0.33287501
0.051624998 -0.192375 0.33412501
0.053624999 -0.191625 0.33412501
0.051624998 -0.19212499 0.33212501
0.055125002 -0.191375 0.331875
0.053125001 -0.191625 0.33212501
0.053624999 -0.191375 0.33212501
0.053125001 -0.191875 0.33287501
0.053624999 -0.191625 0.332625
0.048124999 -0.19337501 0.332625
0.048875 -0.19312499 0.33412501
0.048625 -0.19337501 0.335125
0.050124999 -0.19312499 0.335125
0.048875 -0.193875 0.335875
0.050875001 -0.19212499 0.33087501
0.051125001 -0.191375 0.32862499
0.051874999 -0.19112501 0.32887501
0.051125001 -0.191625 0.330125
0.051874999 -0.19312499 0.337125
0.051874999 -0.192875 0.335875
0.053125001 -0.192625 0.337125
0.053624999 -0.192375 0.337125
0.051874999 -0.19312499 0.33787501
0.053125001 -0.192875 0.33787501
0.053624999 -0.192625 0.33787501
0.055875 -0.19212499 0.33912501
0.055875 -0.19212499 0.33987501
0.055624999 -0.19212499 0.33787501
0.056875002 -0.191625 0.33787501
0.056875002 -0.191625 0.33912501
0.055875 -0.19212499 0.34112501
0.056875002 -0.191625 0.33987501
0.056875002 -0.191625 0.34112501
0.057875 -0.191375 0.34112501
0.055875 -0.19212499 0.342125
0.056875002 -0.191625 0.34187499
0.057875 -0.19112501 0.33912501
0.057875 -0.191375 0.33987501
0.058625001 -0.19112501 0.33987501
0.058625001 -0.19112501 0.34112501
0.060125001 -0.190125 0.33687499
0.060125001 -0.190125 0.33787501
0.057875 -0.19112501 0.33787501
0.058874998 -0.190625 0.33787501
0.058874998 -0.190625 0.33912501
0.060125001 -0.190375 0.33912501
0.060125001 -0.190375 0.33987501
0.060874999 -0.189375 0.33787501
0.061875001 -0.188875 0.33787501
0.060874999 -0.18962499 0.33912501
0.061875001 -0.188875 0.33912501
0.060874999 -0.18962499 0.33987501
0.062125001 -0.189125 0.33987501
0.062875003 -0.18862499 0.33987501
0.055875 -0.191375 0.333875
0.055125002 -0.19112501 0.33287501
0.055624999 -0.19112501 0.33287501
0.055125002 -0.191375 0.33412501
0.057124998 -0.19087499 0.33412501
0.053125001 -0.190625 0.328125
0.052875001 -0.19112501 0.32887501
0.051624998 -0.191375 0.330125
0.053125001 -0.191375 0.32987499
0.051624998 -0.191625 0.330625
0.053874999 -0.191375 0.33087501
0.053874999 -0.19087499 0.330125
0.053125001 -0.191375 0.330625
0.053874999 -0.190375 0.328125
0.055125002 -0.18987501 0.328125
0.053624999 -0.190375 0.32862499
0.055125002 -0.190125 0.32862499
0.055125002 -0.190375 0.330125
0.055125002 -0.19087499 0.33087501
0.056875002 -0.190625 0.332625
0.057875 -0.190125 0.33287501
0.057875 -0.190375 0.33412501
0.055875 -0.190375 0.32987499
0.058874998 -0.189125 0.32987499
0.057124998 -0.190375 0.33087501
0.055875 -0.189375 0.328125
0.055875 -0.18962499 0.32862499
0.056875002 -0.189375 0.32862499
0.056875002 -0.18962499 0.330125
0.057875 -0.189375 0.330125
0.055875 -0.190375 0.330625
0.057124998 -0.189125 0.32787499
0.057875 -0.189125 0.32887501
0.057875 -0.18862499 0.328125
0.058874998 -0.18862499 0.32862499
0.057624999 -0.190125 0.33212501
0.057875 -0.18962499 0.330625
0.058874998 -0.189375 0.330625
0.055875 -0.190625 0.33212501
0.056875002 -0.190375 0.33212501
0.058874998 -0.18962499 0.33212501
0.058625001 -0.190125 0.33287501
0.051624998 -0.192625 0.335125
0.053125001 -0.192375 0.335125
0.053624999 -0.19212499 0.335125
0.055125002 -0.191625 0.335125
0.053874999 -0.19212499 0.335875
0.055125002 -0.191875 0.335875
0.055875 -0.191625 0.337125
0.055125002 -0.192375 0.33687499
0.053125001 -0.192375 0.335875
0.056875002 -0.19112501 0.335125
0.055875 -0.191375 0.335125
0.055875 -0.191375 0.335875
0.057124998 -0.19112501 0.335875
0.056875002 -0.191375 0.337125
0.057624999 -0.19112501 0.337125
0.057875 -0.190625 0.335125
0.057875 -0.19087499 0.335875
0.058874998 -0.190375 0.335875
0.058874998 -0.190625 0.337125
0.058874998 -0.190375 0.333875
0.058874998 -0.190375 0.335125
0.059875 -0.190125 0.335875
0.060874999 -0.189125 0.33487499
0.060125001 -0.18962499 0.33412501
0.060125001 -0.18962499 0.335125
0.060874999 -0.189125 0.335875
0.059875 -0.188875 0.330625
0.059875 -0.188875 0.33212501
0.060874999 -0.188125 0.331875
0.060125001 -0.189125 0.33287501
0.062125001 -0.188125 0.335875
0.060874999 -0.189125 0.337125
0.062125001 -0.18862499 0.337125
0.062875003 -0.187875 0.337125
0.062875003 -0.18762501 0.335875
0.062875003 -0.188125 0.33787501
0.064125001 -0.18762501 0.33787501
0.064125001 -0.186125 0.333875
0.062875003 -0.187125 0.335125
0.063874997 -0.186875 0.335875
0.064625002 -0.187125 0.33787501
0.064125001 -0.186125 0.335125
0.064125001 -0.187125 0.337125
0.062875003 -0.188375 0.33912501
0.063874997 -0.188125 0.33912501
0.064874999 -0.18537501 0.335125
0.064625002 -0.185875 0.335875
0.065875001 -0.18512499 0.335875
0.064874999 -0.186125 0.337125
0.066875003 -0.18387499 0.335875
0.066124998 -0.18537501 0.337125
0.067874998 -0.183125 0.335875
0.067625001 -0.18387499 0.337125
0.069124997 -0.183375 0.33687499
0.065624997 -0.185875 0.33787501
0.067125 -0.18537501 0.337625
0.066875003 -0.184625 0.337125
0.062125001 -0.186125 0.330625
0.062624998 -0.185875 0.33212501
0.063625 -0.185875 0.332625
0.059374999 -0.187875 0.32862499
0.060125001 -0.188125 0.32987499
0.060874999 -0.186875 0.330125
0.060625002 -0.187875 0.330625
0.061375 -0.187125 0.330625
0.062125001 -0.187125 0.331875
0.061875001 -0.185875 0.330125
0.064625002 -0.18512499 0.33412501
0.062125001 -0.18537501 0.32987499
0.062624998 -0.18387499 0.330125
0.062875003 -0.18512499 0.33087501
0.063375004 -0.18387499 0.330625
0.063874997 -0.183125 0.33087501
0.064374998 -0.18187501 0.330625
0.063625 -0.18512499 0.33212501
0.064125001 -0.18412501 0.331875
0.064625002 -0.183125 0.33212501
0.064125001 -0.18537501 0.332625
0.064625002 -0.18387499 0.333125
0.064874999 -0.183375 0.332625
0.065375 -0.18387499 0.33412501
0.064874999 -0.182125 0.331875
0.065875001 -0.183125 0.333875
0.065875001 -0.18412501 0.33487499
0.067125 -0.183125 0.33487499
0.065875001 -0.182125 0.33287501
0.062125001 -0.188125 0.335125
0.060874999 -0.188125 0.332625
0.060625002 -0.188875 0.33412501
0.061875001 -0.187875 0.33412501
0.062125001 -0.18737499 0.332625
0.062624998 -0.186875 0.332625
0.062875003 -0.186875 0.33412501
0.055125002 -0.19337501 0.34587499
0.055125002 -0.192875 0.34487501
0.055875 -0.192625 0.34487501
0.055875 -0.192625 0.34587499
0.055624999 -0.19312499 0.346625
0.056875002 -0.192625 0.34687501
0.057875 -0.19212499 0.34487501
0.058625001 -0.19212499 0.34687501
0.055875 -0.192375 0.34387499
0.056875002 -0.192375 0.34487501
0.056875002 -0.192375 0.34587499
0.057875 -0.19212499 0.34612501
0.058874998 -0.191875 0.34612501
0.057875 -0.192375 0.34687501
0.056875002 -0.19212499 0.34387499
0.057875 -0.191375 0.34187499
0.055875 -0.19212499 0.342875
0.056875002 -0.19212499 0.34262499
0.057875 -0.191625 0.342875
0.057875 -0.191625 0.34387499
0.058874998 -0.191375 0.34387499
0.058874998 -0.191625 0.34487501
0.060125001 -0.191375 0.34587499
0.058874998 -0.191375 0.34187499
0.060125001 -0.190375 0.34112501
0.060125001 -0.190625 0.34187499
0.059875 -0.19112501 0.34262499
0.060125001 -0.191375 0.34387499
0.058874998 -0.19112501 0.342875
0.060125001 -0.191375 0.34487501
0.060874999 -0.190375 0.342875
0.060874999 -0.190125 0.34112501
0.061875001 -0.190125 0.342875
0.060874999 -0.190375 0.342125
0.062125001 -0.190375 0.344125
0.060874999 -0.190625 0.34387499
0.060625002 -0.19112501 0.34487501
0.060874999 -0.191375 0.34587499
0.062125001 -0.190375 0.34487501
0.062125001 -0.190625 0.34587499
0.062875003 -0.190375 0.34587499
0.062125001 -0.189375 0.34112501
0.062624998 -0.188875 0.34112501
0.062125001 -0.18962499 0.34187499
0.062875003 -0.189125 0.34187499
0.063874997 -0.188875 0.342125
0.062875003 -0.189375 0.342875
0.064125001 -0.189125 0.342875
0.064625002 -0.188875 0.342875
0.062875003 -0.18987501 0.344125
0.064125001 -0.18962499 0.34387499
0.064874999 -0.189125 0.344125
0.062875003 -0.190125 0.344625
0.064125001 -0.18987501 0.34487501
0.064874999 -0.18962499 0.34487501
0.064125001 -0.190125 0.34587499
0.064125001 -0.188125 0.339625
0.064874999 -0.187125 0.33912501
0.064874999 -0.18762501 0.33987501
0.065875001 -0.187125 0.339625
0.064874999 -0.188125 0.340875
0.065875001 -0.188125 0.34187499
0.064125001 -0.18862499 0.34112501
0.065875001 -0.18762501 0.34112501
0.064874999 -0.188375 0.34187499
0.067625001 -0.186875 0.34112501
0.068875 -0.186625 0.34112501
0.068875 -0.187125 0.34187499
0.066875003 -0.187125 0.340875
0.067874998 -0.188125 0.34262499
0.067125 -0.188125 0.342125
0.067874998 -0.18762501 0.34187499
0.065875001 -0.188375 0.342875
0.066875003 -0.188375 0.342875
0.067125 -0.186875 0.33987501
0.067874998 -0.186125 0.339625
0.065875001 -0.189375 0.34487501
0.064874999 -0.190125 0.34612501
0.065875001 -0.18962499 0.34587499
0.064125001 -0.190375 0.34687501
0.064874999 -0.190125 0.34687501
0.065875001 -0.190375 0.346625
0.065624997 -0.188875 0.344125
0.068875 -0.188125 0.342875
0.066875003 -0.18862499 0.34387499
0.067874998 -0.188375 0.34387499
0.067125 -0.189125 0.34487501
0.067874998 -0.188875 0.34487501
0.066875003 -0.189375 0.34587499
0.068875 -0.188375 0.34387499
0.069124997 -0.188875 0.34487501
0.069875002 -0.188875 0.34487501
0.067874998 -0.189375 0.34587499
0.068875 -0.189375 0.34587499
0.069875002 -0.189375 0.34587499
0.067874998 -0.18987501 0.34687501
0.069124997 -0.18987501 0.34687501
0.069875002 -0.18962499 0.34687501
0.071125001 -0.189375 0.34587499
0.071874999 -0.189375 0.34587499
0.071125001 -0.18962499 0.34687501
0.067625001 -0.17712501 0.33287501
0.067874998 -0.176125 0.33287501
0.069624998 -0.176875 0.33412501
0.067625001 -0.177875 0.33287501
0.069124997 -0.17812499 0.333875
0.068875 -0.176875 0.33362499
0.068875 -0.176125 0.33337501
0.068125002 -0.17487501 0.332625
0.068875 -0.174125 0.333125
0.069875002 -0.176125 0.33412501
0.069875002 -0.17487501 0.33412501
0.069875002 -0.174125 0.33412501
0.069875002 -0.172875 0.33412501
0.071125001 -0.176875 0.33487499
0.071125001 -0.176125 0.33487499
0.071125001 -0.17487501 0.33487499
0.071125001 -0.172875 0.33462501
0.068875 -0.17487501 0.33337501
0.067874998 -0.174125 0.332625
0.071125001 -0.174125 0.33487499
0.071874999 -0.174125 0.33562499
0.071874999 -0.172875 0.33537501
0.071874999 -0.172125 0.33537501
0.067874998 -0.179125 0.33362499
0.068875 -0.179125 0.33412501
0.069875002 -0.177875 0.33437499
0.072875001 -0.176875 0.335875
0.072875001 -0.176125 0.335875
0.074124999 -0.177875 0.33687499
0.071874999 -0.176875 0.33562499
0.071874999 -0.176125 0.33562499
0.071874999 -0.17487501 0.33562499
0.068875 -0.181125 0.335125
0.069124997 -0.182125 0.335875
0.069875002 -0.182125 0.33687499
0.067625001 -0.18187501 0.335125
0.069875002 -0.181125 0.335875
0.071125001 -0.180875 0.33612499
0.070874996 -0.18187501 0.337125
0.069875002 -0.17937499 0.33487499
0.070874996 -0.177875 0.335125
0.068875 -0.179875 0.33462501
0.069624998 -0.179875 0.335125
0.071125001 -0.179875 0.33562499
0.071625002 -0.179875 0.335875
0.071125001 -0.179125 0.33537501
0.071874999 -0.179125 0.335875
0.072875001 -0.179875 0.33662501
0.072875001 -0.179125 0.336375
0.072875001 -0.177875 0.335875
0.074124999 -0.179125 0.33687499
0.071874999 -0.177875 0.33562499
0.064874999 -0.181125 0.33087501
0.065875001 -0.179875 0.331875
0.067125 -0.179875 0.33287501
0.067874998 -0.180125 0.333875
0.065624997 -0.181125 0.33212501
0.066875003 -0.181125 0.33287501
0.067125 -0.182125 0.333875
0.067625001 -0.181125 0.33412501
0.074124999 -0.170875 0.33787501
0.074124999 -0.17012499 0.337625
0.074124999 -0.170875 0.33912501
0.073875003 -0.172125 0.337125
0.074124999 -0.173125 0.33787501
0.074124999 -0.172125 0.33987501
0.074124999 -0.173125 0.338875
0.073875003 -0.172875 0.337125
0.074124999 -0.172125 0.33787501
0.074124999 -0.172125 0.33912501
0.072624996 -0.174125 0.33612499
0.072624996 -0.172875 0.33612499
0.072875001 -0.172125 0.335875
0.050124999 -0.194875 0.358125
0.050124999 -0.194875 0.35887501
0.050124999 -0.194875 0.36012501
0.051125001 -0.19462501 0.36012501
0.050124999 -0.194875 0.36087501
0.051125001 -0.19462501 0.36087501
0.050124999 -0.194875 0.36212501
0.051125001 -0.19462501 0.36212501
0.051125001 -0.19437499 0.36287501
0.053125001 -0.194125 0.36012501
0.052875001 -0.194125 0.36087501
0.051624998 -0.19437499 0.36012501
0.051624998 -0.19437499 0.36087501
0.051874999 -0.194125 0.36212501
0.051874999 -0.194125 0.36287501
0.053125001 -0.194125 0.358125
0.053125001 -0.194125 0.35887501
0.051624998 -0.19437499 0.35587499
0.051624998 -0.19437499 0.356875
0.051624998 -0.19437499 0.358125
0.051624998 -0.19437499 0.35887501
0.051125001 -0.19462501 0.35587499
0.050124999 -0.194875 0.356875
0.051125001 -0.19462501 0.356875
0.051125001 -0.19462501 0.358125
0.051125001 -0.19462501 0.35887501
0.055125002 -0.19337501 0.36287501
0.053125001 -0.193875 0.363875
0.053624999 -0.19337501 0.363875
0.055125002 -0.19312499 0.363875
0.055125002 -0.19312499 0.365125
0.052875001 -0.194125 0.36212501
0.053624999 -0.193625 0.36012501
0.053624999 -0.193625 0.36087501
0.053624999 -0.193625 0.36212501
0.055125002 -0.19337501 0.36212501
0.052875001 -0.194125 0.36287501
0.053624999 -0.193625 0.36287501
0.051874999 -0.19437499 0.363875
0.055875 -0.19312499 0.36087501
0.055875 -0.19312499 0.36212501
0.055125002 -0.19337501 0.36012501
0.055125002 -0.19337501 0.36087501
0.056875002 -0.192625 0.36212501
0.057875 -0.192375 0.36212501
0.055875 -0.19312499 0.35887501
0.055875 -0.19312499 0.36012501
0.055125002 -0.19337501 0.35887501
0.056875002 -0.192625 0.35887501
0.056875002 -0.192625 0.36012501
0.056875002 -0.192625 0.36087501
0.052875001 -0.194125 0.35587499
0.052875001 -0.194125 0.356875
0.055875 -0.19312499 0.358125
0.053624999 -0.193625 0.356875
0.053624999 -0.193625 0.358125
0.055125002 -0.19337501 0.358125
0.053624999 -0.193625 0.35887501
0.053624999 -0.193625 0.35587499
0.055125002 -0.19337501 0.356875
0.055875 -0.19312499 0.356875
0.048124999 -0.195375 0.35187501
0.048124999 -0.195375 0.35312501
0.050124999 -0.194875 0.35387501
0.048875 -0.194875 0.351125
0.048875 -0.195125 0.35187501
0.048124999 -0.195375 0.351125
0.050124999 -0.19462501 0.35187501
0.051125001 -0.19437499 0.35187501
0.050124999 -0.19462501 0.35312501
0.051125001 -0.19437499 0.35312501
0.051874999 -0.19437499 0.35312501
0.051125001 -0.19437499 0.35387501
0.051874999 -0.194125 0.35387501
0.051874999 -0.194125 0.35512501
0.050124999 -0.194875 0.35512501
0.051125001 -0.19462501 0.35512501
0.050124999 -0.194875 0.35587499
0.048875 -0.194875 0.349875
0.051874999 -0.194125 0.35187501
0.051125001 -0.19437499 0.349125
0.051874999 -0.194125 0.349125
0.048124999 -0.195125 0.349875
0.050124999 -0.19462501 0.349875
0.051125001 -0.19437499 0.349875
0.051874999 -0.19437499 0.349875
0.050124999 -0.19462501 0.351125
0.051125001 -0.19437499 0.351125
0.051874999 -0.19437499 0.351125
0.051125001 -0.19437499 0.34612501
0.050124999 -0.19437499 0.34687501
0.051125001 -0.194125 0.34687501
0.048875 -0.194875 0.34812501
0.050124999 -0.19462501 0.347875
0.051125001 -0.19437499 0.347875
0.051874999 -0.19437499 0.34812501
0.048625 -0.194875 0.34887499
0.050124999 -0.19462501 0.349125
0.055875 -0.19312499 0.349875
0.052875001 -0.194125 0.34887499
0.053624999 -0.193625 0.349125
0.053125001 -0.193875 0.349875
0.053624999 -0.193625 0.349875
0.055125002 -0.19337501 0.349875
0.053125001 -0.193875 0.351125
0.053624999 -0.193625 0.351125
0.055125002 -0.19337501 0.351125
0.053125001 -0.193875 0.35187501
0.055875 -0.19312499 0.351125
0.055875 -0.19312499 0.35187501
0.055875 -0.19312499 0.35312501
0.053624999 -0.19337501 0.35187501
0.055125002 -0.19312499 0.35187501
0.056875002 -0.192625 0.35187501
0.053624999 -0.19337501 0.35312501
0.055125002 -0.19312499 0.35312501
0.056875002 -0.192625 0.35312501
0.051874999 -0.194125 0.34687501
0.051874999 -0.193875 0.34612501
0.053125001 -0.193625 0.34687501
0.053624999 -0.19337501 0.34687501
0.053125001 -0.193875 0.34812501
0.055875 -0.19312499 0.349125
0.053624999 -0.193625 0.347875
0.055125002 -0.19312499 0.34812501
0.055125002 -0.19337501 0.349125
0.053125001 -0.193875 0.35312501
0.052875001 -0.194125 0.35387501
0.053624999 -0.193625 0.35387501
0.055125002 -0.19337501 0.35387501
0.049874999 -0.19312499 0.38087499
0.048875 -0.193875 0.379125
0.048625 -0.193625 0.379875
0.048625 -0.19337501 0.381125
0.048124999 -0.19437499 0.37812501
0.048124999 -0.19462501 0.37612501
0.048625 -0.19437499 0.37612501
0.048124999 -0.19437499 0.37687501
0.051125001 -0.19337501 0.379875
0.050124999 -0.193625 0.379125
0.051125001 -0.19337501 0.379125
0.050124999 -0.19337501 0.379875
0.051125001 -0.192625 0.381125
0.051874999 -0.192875 0.379875
0.051624998 -0.192625 0.381125
0.051125001 -0.194125 0.374125
0.050124999 -0.194125 0.37612501
0.049874999 -0.194125 0.37687501
0.050124999 -0.19437499 0.374125
0.050124999 -0.194125 0.37487501
0.050875001 -0.194125 0.37487501
0.051624998 -0.193625 0.37487501
0.053125001 -0.19337501 0.37487501
0.051125001 -0.193875 0.37612501
0.051624998 -0.193625 0.37612501
0.048875 -0.194125 0.37687501
0.051874999 -0.193875 0.372125
0.053125001 -0.193625 0.372125
0.050124999 -0.19437499 0.37287501
0.051125001 -0.19437499 0.37287501
0.051874999 -0.193875 0.37287501
0.053125001 -0.19337501 0.37287501
0.051624998 -0.193625 0.374125
0.053125001 -0.19337501 0.374125
0.053125001 -0.193625 0.370875
0.053874999 -0.19312499 0.372125
0.053874999 -0.19312499 0.37287501
0.053874999 -0.19312499 0.37387499
0.053125001 -0.19337501 0.37612501
0.051125001 -0.193625 0.37687501
0.051624998 -0.19337501 0.37687501
0.048875 -0.194125 0.37812501
0.050124999 -0.193875 0.37812501
0.051125001 -0.193625 0.37812501
0.055624999 -0.19212499 0.37887499
0.051874999 -0.19312499 0.379125
0.053125001 -0.192875 0.379125
0.053624999 -0.192625 0.379125
0.055125002 -0.19212499 0.379125
0.053125001 -0.192625 0.379875
0.053624999 -0.192375 0.379875
0.053874999 -0.19312499 0.375875
0.052875001 -0.19312499 0.377875
0.053125001 -0.19312499 0.37687501
0.053874999 -0.192875 0.37687501
0.055125002 -0.192625 0.37687501
0.051624998 -0.19337501 0.37812501
0.053624999 -0.192625 0.37812501
0.055125002 -0.192375 0.37812501
0.055875 -0.19212499 0.37812501
0.056875002 -0.191625 0.379125
0.057124998 -0.192375 0.37687501
0.055125002 -0.192625 0.37612501
0.055875 -0.192375 0.37687501
0.057124998 -0.191875 0.37812501
0.054875001 -0.19312499 0.372125
0.055875 -0.192625 0.372125
0.056875002 -0.192375 0.372125
0.054875001 -0.19312499 0.37287501
0.055875 -0.192625 0.37287501
0.058874998 -0.191625 0.374125
0.053874999 -0.19312499 0.37487501
0.055125002 -0.192875 0.37487501
0.055875 -0.192375 0.37487501
0.057124998 -0.19212499 0.37487501
0.057624999 -0.19212499 0.37487501
0.055875 -0.192375 0.37612501
0.057124998 -0.19212499 0.37612501
0.057875 -0.19212499 0.37287501
0.056875002 -0.192375 0.37287501
0.055125002 -0.192875 0.374125
0.055875 -0.192625 0.374125
0.057124998 -0.19212499 0.374125
0.057624999 -0.19212499 0.37387499
0.055125002 -0.192375 0.379875
0.055875 -0.191625 0.379875
0.056875002 -0.191375 0.379875
0.053624999 -0.19212499 0.38087499
0.055125002 -0.191625 0.381125
0.055875 -0.19112501 0.381125
0.057124998 -0.191375 0.381125
0.051125001 -0.194125 0.367125
0.051624998 -0.194125 0.367125
0.053125001 -0.193625 0.367125
0.053624999 -0.19337501 0.367125
0.051624998 -0.194125 0.367625
0.053125001 -0.193625 0.36787501
0.053624999 -0.19337501 0.36787501
0.051624998 -0.194125 0.36912501
0.053125001 -0.193625 0.36912501
0.053125001 -0.193625 0.36987501
0.053624999 -0.19337501 0.36912501
0.053624999 -0.19337501 0.36987501
0.053874999 -0.19312499 0.370875
0.055125002 -0.19312499 0.36787501
0.055125002 -0.19312499 0.36912501
0.054875001 -0.19312499 0.36987501
0.055875 -0.192875 0.36787501
0.056875002 -0.192375 0.36787501
0.055875 -0.192625 0.36912501
0.054875001 -0.19312499 0.370875
0.056875002 -0.192375 0.36912501
0.055875 -0.192625 0.36987501
0.056875002 -0.192375 0.36987501
0.055875 -0.192625 0.370875
0.056875002 -0.192375 0.370875
0.055125002 -0.19312499 0.36587501
0.055875 -0.192875 0.36587501
0.055125002 -0.19312499 0.367125
0.055875 -0.192875 0.367125
0.056875002 -0.192625 0.367125
0.055624999 -0.19312499 0.363875
0.055875 -0.192875 0.365125
0.053125001 -0.19212499 0.381125
0.073875003 -0.17487501 0.337125
0.072624996 -0.17487501 0.33612499
0.074124999 -0.176875 0.33687499
0.074375004 -0.176125 0.33787501
0.073624998 -0.174125 0.337125
0.074124999 -0.17012499 0.33987501
0.074124999 -0.17012499 0.33912501
0.074124999 -0.170875 0.33987501
0.073875003 -0.17012499 0.337125
0.074375004 -0.17487501 0.33912501
0.074874997 -0.176125 0.33987501
0.074375004 -0.17487501 0.33987501
0.074625 -0.17487501 0.34112501
0.073875003 -0.174125 0.33787501
0.074124999 -0.17487501 0.33787501
0.074625 -0.176125 0.33912501
0.074124999 -0.174125 0.33912501
0.074124999 -0.174125 0.33987501
0.074124999 -0.172875 0.33987501
0.074375004 -0.174125 0.34112501
0.074375004 -0.172875 0.34112501
0.074874997 -0.176125 0.34112501
0.074874997 -0.176125 0.342125
0.074625 -0.17487501 0.34187499
0.075125001 -0.176875 0.342875
0.074874997 -0.176375 0.34262499
0.074874997 -0.176875 0.33912501
0.074874997 -0.176875 0.33987501
0.074874997 -0.176875 0.34112501
0.074874997 -0.176875 0.342125
0.074124999 -0.176125 0.33687499
0.074625 -0.176875 0.33787501
0.074874997 -0.177875 0.33787501
0.074874997 -0.17937499 0.33912501
0.074874997 -0.177875 0.33912501
0.074874997 -0.179125 0.33787501
0.075125001 -0.179875 0.33987501
0.069124997 -0.18412501 0.337625
0.068875 -0.18512499 0.33912501
0.067874998 -0.184875 0.33787501
0.069875002 -0.183375 0.337625
0.065875001 -0.186875 0.33912501
0.067125 -0.186125 0.338875
0.067874998 -0.185625 0.33912501
0.069875002 -0.18412501 0.338875
0.068875 -0.185875 0.33987501
0.071125001 -0.183125 0.33787501
0.071125001 -0.18412501 0.338875
0.071874999 -0.18412501 0.338875
0.072875001 -0.18387499 0.33912501
0.069875002 -0.18512499 0.33987501
0.071125001 -0.18512499 0.33987501
0.071874999 -0.18512499 0.33987501
0.070874996 -0.185875 0.34112501
0.072875001 -0.18512499 0.33987501
0.069875002 -0.186125 0.340875
0.071874999 -0.185875 0.34112501
0.069624998 -0.187125 0.342125
0.048625 -0.19437499 0.374125
0.046875 -0.194875 0.37487501
0.048124999 -0.19462501 0.37487501
0.046875 -0.194875 0.37387499
0.046875 -0.195125 0.37287501
0.048124999 -0.194875 0.37287501
0.048625 -0.19462501 0.37287501
0.046124998 -0.195125 0.374125
0.048124999 -0.19462501 0.374125
0.047874998 -0.194875 0.36912501
0.046124998 -0.19562501 0.367125
0.046875 -0.195375 0.367125
0.048124999 -0.195125 0.367125
0.044875 -0.195875 0.36787501
0.046124998 -0.19562501 0.36787501
0.046875 -0.195375 0.36787501
0.044875 -0.19562501 0.36912501
0.046124998 -0.195375 0.36912501
0.046875 -0.195125 0.36912501
0.048875 -0.194875 0.36912501
0.047874998 -0.194875 0.36987501
0.044875 -0.19562501 0.36987501
0.046124998 -0.195375 0.36987501
0.046875 -0.195125 0.36987501
0.044875 -0.19562501 0.370875
0.046124998 -0.195375 0.370875
0.046875 -0.195125 0.370875
0.046124998 -0.195375 0.372125
0.047874998 -0.194875 0.370875
0.048625 -0.19462501 0.36987501
0.048625 -0.19462501 0.370875
0.046875 -0.195125 0.372125
0.047874998 -0.194875 0.372125
0.048625 -0.19462501 0.372125
0.048124999 -0.195125 0.36587501
0.048875 -0.194875 0.36587501
0.048875 -0.194875 0.367125
0.050124999 -0.19437499 0.367125
0.048875 -0.194875 0.36787501
0.050124999 -0.19437499 0.36987501
0.051125001 -0.194125 0.36987501
0.050124999 -0.19437499 0.370875
0.051125001 -0.194125 0.370875
0.051624998 -0.194125 0.370875
0.050124999 -0.19437499 0.372125
0.051125001 -0.19437499 0.372125
0.050124999 -0.19437499 0.36787501
0.051125001 -0.194125 0.36787501
0.050124999 -0.19437499 0.36912501
0.051125001 -0.194125 0.36912501
0.051624998 -0.194125 0.36987501
0.048124999 -0.195125 0.365125
0.048875 -0.194875 0.365125
0.050124999 -0.19462501 0.365125
0.051125001 -0.19437499 0.365125
0.050124999 -0.19462501 0.36587501
0.050124999 -0.19462501 0.36287501
0.048625 -0.194875 0.363875
0.050124999 -0.19462501 0.363875
0.051125001 -0.19437499 0.363875
0.051874999 -0.194125 0.365125
0.051874999 -0.194125 0.36587501
0.051125001 -0.194125 0.36587501
0.053125001 -0.193625 0.36587501
0.053125001 -0.193875 0.365125
0.053624999 -0.19337501 0.365125
0.053624999 -0.19337501 0.36587501
0.074124999 -0.18512499 0.33987501
0.072875001 -0.185875 0.34112501
0.071125001 -0.186875 0.342125
0.071874999 -0.186875 0.342125
0.074874997 -0.179125 0.33987501
0.074874997 -0.177875 0.33987501
0.075125001 -0.179875 0.34112501
0.075125001 -0.179125 0.34112501
0.075125001 -0.177875 0.34112501
0.075125001 -0.179125 0.342125
0.075125001 -0.177875 0.342125
0.075125001 -0.177875 0.342875
0.075125001 -0.181125 0.342125
0.075125001 -0.179875 0.342125
0.075374998 -0.181125 0.342875
0.075125001 -0.179875 0.342875
0.075125001 -0.179125 0.342875
0.075374998 -0.181125 0.34387499
0.075374998 -0.179875 0.34387499
0.075374998 -0.179125 0.34387499
0.075374998 -0.177875 0.34387499
0.075374998 -0.18187501 0.34487501
0.075374998 -0.181125 0.34487501
0.075374998 -0.179875 0.34487501
0.075374998 -0.179125 0.34487501
0.075374998 -0.18187501 0.34587499
0.075374998 -0.181125 0.34587499
0.071874999 -0.183125 0.33787501
0.065375 -0.15387499 0.33412501
0.065624997 -0.15387499 0.335125
0.065624997 -0.15412501 0.342125
0.067125 -0.15387499 0.34387499
0.067874998 -0.155875 0.34187499
0.066875003 -0.15512501 0.342125
0.068875 -0.15612499 0.342875
0.067625001 -0.15512501 0.342875
0.068875 -0.155625 0.34387499
0.065375 -0.15387499 0.34112501
0.065125003 -0.15387499 0.33912501
0.065125003 -0.15387499 0.33987501
0.066124998 -0.155875 0.33787501
0.066875003 -0.15612499 0.33987501
0.067125 -0.155875 0.34112501
0.065875001 -0.154875 0.340875
0.068125002 -0.156875 0.34112501
0.066124998 -0.155875 0.33912501
0.065624997 -0.15512501 0.33987501
0.065375 -0.154875 0.33912501
0.065624997 -0.157875 0.335125
0.065875001 -0.157125 0.335125
0.065375 -0.15387499 0.33787501
0.065624997 -0.15387499 0.337125
0.065875001 -0.15387499 0.335875
0.065375 -0.154875 0.33787501
0.065875001 -0.155875 0.335875
0.065875001 -0.154875 0.335875
0.065875001 -0.154875 0.337125
0.065875001 -0.154875 0.335125
0.066124998 -0.157875 0.335875
0.065875001 -0.157125 0.33562499
0.066375002 -0.157125 0.337125
0.065875001 -0.155875 0.337125
0.065875001 -0.159125 0.33487499
0.066624999 -0.157875 0.337125
0.066624999 -0.157125 0.33787501
0.067125 -0.157125 0.338875
0.067625001 -0.157125 0.33987501
0.066875003 -0.15987501 0.335875
0.066375002 -0.159125 0.335875
0.066875003 -0.159125 0.337125
0.067125 -0.157875 0.337625
0.067625001 -0.158125 0.33912501
0.067125 -0.161125 0.335875
0.067874998 -0.161125 0.33687499
0.067874998 -0.160125 0.337125
0.068875 -0.160125 0.33787501
0.067625001 -0.159375 0.33787501
0.068875 -0.158125 0.33987501
0.067874998 -0.157875 0.339625
0.069624998 -0.159125 0.33987501
0.071125001 -0.159125 0.340875
0.069624998 -0.158125 0.34112501
0.068875 -0.159125 0.33912501
0.069875002 -0.15987501 0.338875
0.071125001 -0.15987501 0.339625
0.068875 -0.15737499 0.34112501
0.071874999 -0.15987501 0.340875
0.069124997 -0.16187499 0.33687499
0.069875002 -0.16212501 0.337125
0.067625001 -0.16212501 0.335875
0.068875 -0.161125 0.33737499
0.069875002 -0.161125 0.337625
0.072624996 -0.161375 0.33987501
0.072624996 -0.15987501 0.34112501
0.071874999 -0.16087499 0.339625
0.071125001 -0.16187499 0.337625
0.071125001 -0.161125 0.338875
0.071874999 -0.16187499 0.338875
0.072875001 -0.16312499 0.338875
0.072875001 -0.16187499 0.339625
0.073624998 -0.16187499 0.342875
0.073624998 -0.163875 0.34387499
0.073624998 -0.16312499 0.34387499
0.073624998 -0.16187499 0.34387499
0.073624998 -0.165125 0.34487501
0.073624998 -0.163875 0.34487501
0.073624998 -0.16312499 0.34487501
0.073624998 -0.16187499 0.34487501
0.073624998 -0.165125 0.34587499
0.073624998 -0.163875 0.34587499
0.073624998 -0.16312499 0.34587499
0.073875003 -0.163875 0.34687501
0.073875003 -0.16312499 0.34687501
0.073875003 -0.163875 0.34812501
0.073875003 -0.16312499 0.34812501
0.073875003 -0.16312499 0.349125
0.073624998 -0.16312499 0.34112501
0.073624998 -0.16312499 0.34187499
0.073875003 -0.16187499 0.342125
0.073624998 -0.163875 0.342875
0.073624998 -0.16312499 0.342875
0.073375002 -0.163875 0.33912501
0.073624998 -0.16312499 0.33987501
0.073875003 -0.165875 0.33912501
0.074124999 -0.168125 0.33987501
0.074124999 -0.168125 0.34112501
0.073875003 -0.166875 0.34112501
0.073875003 -0.165875 0.34112501
0.073875003 -0.165125 0.34112501
0.073624998 -0.163875 0.34112501
0.074124999 -0.168125 0.342125
0.073875003 -0.166875 0.342125
0.073875003 -0.165875 0.342125
0.073875003 -0.165125 0.342125
0.073624998 -0.163875 0.34187499
0.073875003 -0.166875 0.342875
0.073875003 -0.165875 0.342875
0.073624998 -0.165125 0.342875
0.073624998 -0.165875 0.34387499
0.073624998 -0.165125 0.34387499
0.073624998 -0.165875 0.34487501
0.073875003 -0.165125 0.33912501
0.073875003 -0.166875 0.33987501
0.073875003 -0.165875 0.33987501
0.073875003 -0.165125 0.33987501
0.073624998 -0.163875 0.33987501
0.074124999 -0.16887499 0.34112501
0.072125003 -0.15387499 0.36912501
0.072125003 -0.15387499 0.36787501
0.071874999 -0.15387499 0.363875
0.071874999 -0.15387499 0.365125
0.071874999 -0.15387499 0.36587501
0.071874999 -0.15387499 0.367125
0.073375002 -0.157125 0.36587501
0.072875001 -0.15612499 0.36587501
0.072624996 -0.154875 0.36587501
0.072875001 -0.155875 0.367125
0.072875001 -0.15612499 0.365125
0.072375 -0.154875 0.365125
0.071625002 -0.15412501 0.35587499
0.071874999 -0.15412501 0.356875
0.071874999 -0.15412501 0.35787499
0.071625002 -0.15412501 0.35387501
0.071625002 -0.15412501 0.35512501
0.072875001 -0.15512501 0.35387501
0.072624996 -0.15512501 0.35587499
0.072624996 -0.15512501 0.356875
0.072875001 -0.15512501 0.35312501
0.072624996 -0.15512501 0.35512501
0.072375 -0.154875 0.358125
0.072375 -0.154875 0.35887501
0.071874999 -0.15412501 0.35887501
0.072875001 -0.15612499 0.36012501
0.072375 -0.154875 0.36012501
0.071874999 -0.15412501 0.36012501
0.072624996 -0.154875 0.36087501
0.071874999 -0.15412501 0.36087501
0.071874999 -0.15387499 0.36212501
0.071874999 -0.15387499 0.36287501
0.073875003 -0.157125 0.35787499
0.072875001 -0.155875 0.358125
0.072875001 -0.155875 0.35887501
0.074375004 -0.157875 0.35887501
0.074874997 -0.159125 0.36012501
0.074124999 -0.157875 0.36012501
0.073875003 -0.15737499 0.35887501
0.073875003 -0.15637501 0.35587499
0.074124999 -0.157125 0.356875
0.073375002 -0.155875 0.356875
0.073875003 -0.15612499 0.35387501
0.073875003 -0.15612499 0.35512501
0.074375004 -0.157125 0.35512501
0.074375004 -0.157125 0.35587499
0.074375004 -0.157875 0.35387501
0.074625 -0.159125 0.35512501
0.074625 -0.157875 0.35512501
0.074874997 -0.161125 0.35587499
0.074874997 -0.15987501 0.35587499
0.074625 -0.159125 0.35587499
0.074625 -0.157875 0.35587499
0.071125001 -0.15387499 0.34962499
0.070874996 -0.15512501 0.34687501
0.069624998 -0.15412501 0.34687501
0.069875002 -0.15387499 0.347875
0.070874996 -0.15412501 0.349125
0.066875003 -0.15412501 0.342875
0.068125002 -0.154875 0.34387499
0.069124997 -0.154875 0.344625
0.067874998 -0.15387499 0.344625
0.069624998 -0.15512501 0.34612501
0.068875 -0.15412501 0.34612501
0.071874999 -0.157125 0.344125
0.068875 -0.156625 0.34187499
0.069624998 -0.157125 0.342125
0.069875002 -0.156625 0.342875
0.070874996 -0.157125 0.342875
0.071874999 -0.157625 0.342875
0.069624998 -0.15612499 0.344125
0.071125001 -0.156625 0.34387499
0.069875002 -0.155625 0.34487501
0.070874996 -0.15612499 0.34487501
0.071125001 -0.157875 0.34187499
0.071874999 -0.158875 0.34187499
0.071874999 -0.157875 0.34237501
0.071374997 -0.15387499 0.351125
0.071374997 -0.15387499 0.35187501
0.071625002 -0.15412501 0.35312501
0.072125003 -0.154875 0.351125
0.071874999 -0.154625 0.35187501
0.072875001 -0.155375 0.351125
0.072624996 -0.15512501 0.351625
0.071125001 -0.15512501 0.347875
0.071625002 -0.15512501 0.349125
0.071874999 -0.154875 0.34962499
0.072875001 -0.155625 0.349875
0.072125003 -0.155875 0.347875
0.072875001 -0.155875 0.34887499
0.072875001 -0.156625 0.347875
0.073624998 -0.155875 0.351125
0.073875003 -0.15637501 0.35187501
0.073875003 -0.15612499 0.35312501
0.073624998 -0.155875 0.349875
0.071874999 -0.15612499 0.34687501
0.073124997 -0.156875 0.34687501
0.072875001 -0.157125 0.34612501
0.071125001 -0.155875 0.34612501
0.071874999 -0.156625 0.34587499
0.072875001 -0.157875 0.344125
0.071874999 -0.157125 0.34487501
0.072875001 -0.157625 0.34487501
0.073875003 -0.159125 0.34687501
0.073875003 -0.157875 0.34687501
0.073875003 -0.159125 0.34612501
0.073624998 -0.157875 0.34587499
0.073624998 -0.157125 0.347875
0.073875003 -0.157125 0.349125
0.073624998 -0.157875 0.34487501
0.073875003 -0.159125 0.34812501
0.073875003 -0.157875 0.349125
0.074124999 -0.157875 0.349875
0.074124999 -0.157875 0.351125
0.074375004 -0.157125 0.35312501
0.074375004 -0.157125 0.35387501
0.073875003 -0.157125 0.349875
0.074124999 -0.157125 0.351125
0.074124999 -0.157125 0.35187501
0.073875003 -0.161125 0.34812501
0.074124999 -0.160125 0.347875
0.073875003 -0.16187499 0.349125
0.074124999 -0.161125 0.349125
0.073875003 -0.16312499 0.349875
0.074124999 -0.16187499 0.349875
0.074124999 -0.161125 0.349875
0.074124999 -0.16312499 0.351125
0.074124999 -0.16187499 0.351125
0.074375004 -0.161125 0.351125
0.074375004 -0.16187499 0.35187501
0.074375004 -0.161125 0.35187501
0.074375004 -0.16187499 0.35312501
0.074625 -0.161125 0.35312501
0.074625 -0.16187499 0.35387501
0.074124999 -0.15987501 0.349125
0.074124999 -0.159125 0.349125
0.074124999 -0.15987501 0.349875
0.074124999 -0.159125 0.349875
0.074375004 -0.15987501 0.351125
0.074375004 -0.159125 0.351125
0.074375004 -0.15987501 0.35187501
0.074375004 -0.159125 0.35187501
0.074375004 -0.157875 0.35187501
0.074625 -0.15987501 0.35312501
0.074375004 -0.159125 0.35312501
0.074375004 -0.157875 0.35312501
0.074625 -0.161125 0.35387501
0.074625 -0.15987501 0.35387501
0.074625 -0.159125 0.35387501
0.074874997 -0.161125 0.35512501
0.074625 -0.15987501 0.35512501
0.073875003 -0.157875 0.34812501
0.073624998 -0.16187499 0.34587499
0.073875003 -0.161125 0.34612501
0.073875003 -0.16187499 0.34687501
0.073875003 -0.161125 0.34687501
0.073875003 -0.15987501 0.34687501
0.073875003 -0.16187499 0.34812501
0.073875003 -0.15987501 0.344125
0.073875003 -0.15987501 0.34487501
0.073875003 -0.159125 0.34487501
0.072624996 -0.159125 0.34187499
0.072875001 -0.159125 0.342875
0.072875001 -0.157875 0.342875
0.072875001 -0.15987501 0.34187499
0.073624998 -0.159125 0.34387499
0.073624998 -0.161125 0.34187499
0.073624998 -0.15987501 0.342875
0.073124997 -0.16087499 0.34112501
0.073624998 -0.16187499 0.34112501
0.073875003 -0.161125 0.342875
0.073875003 -0.161125 0.344125
0.073875003 -0.161125 0.34487501
0.073875003 -0.15987501 0.34612501
0.072624996 -0.154875 0.379125
0.072875001 -0.155875 0.379875
0.072624996 -0.154875 0.379875
0.072875001 -0.15612499 0.381125
0.072624996 -0.154875 0.381125
0.072125003 -0.154875 0.37487501
0.072375 -0.155875 0.37612501
0.072875001 -0.15737499 0.37387499
0.072624996 -0.155875 0.374125
0.071874999 -0.154875 0.37387499
0.072375 -0.155875 0.37487501
0.072875001 -0.157125 0.37812501
0.072875001 -0.157125 0.379125
0.072624996 -0.155875 0.379125
0.072875001 -0.157125 0.379875
0.073124997 -0.157125 0.381125
0.072624996 -0.155875 0.37687501
0.072875001 -0.157125 0.37612501
0.072875001 -0.157125 0.37687501
0.072624996 -0.155875 0.37812501
0.073875003 -0.159125 0.379875
0.074124999 -0.159125 0.38087499
0.073624998 -0.157875 0.381125
0.072875001 -0.157875 0.37812501
0.073624998 -0.159125 0.379125
0.073375002 -0.157875 0.379125
0.073375002 -0.157875 0.379875
0.073624998 -0.159125 0.37812501
0.072875001 -0.157875 0.37687501
0.073624998 -0.159125 0.374125
0.073375002 -0.157875 0.374125
0.073124997 -0.157875 0.37487501
0.072875001 -0.15737499 0.37487501
0.074124999 -0.159125 0.372125
0.073875003 -0.159375 0.37287501
0.073375002 -0.157875 0.37287501
0.074124999 -0.15987501 0.37487501
0.073624998 -0.159125 0.37487501
0.074375004 -0.161125 0.37612501
0.074124999 -0.15987501 0.37612501
0.073624998 -0.159125 0.37612501
0.072875001 -0.157875 0.37612501
0.073875003 -0.160125 0.37687501
0.073624998 -0.159125 0.37687501
0.073875003 -0.160125 0.37812501
0.074375004 -0.15987501 0.37287501
0.074124999 -0.15987501 0.374125
0.074375004 -0.161125 0.37487501
0.074625 -0.15987501 0.372125
0.074874997 -0.161125 0.37262499
0.074625 -0.161375 0.374125
0.074874997 -0.16187499 0.37487501
0.073875003 -0.15987501 0.379875
0.074124999 -0.161125 0.381125
0.074124999 -0.15987501 0.38087499
0.073875003 -0.15987501 0.379125
0.073875003 -0.161125 0.379875
0.074124999 -0.161125 0.379125
0.074375004 -0.16187499 0.379875
0.074375004 -0.16187499 0.381125
0.074874997 -0.16312499 0.381125
0.075374998 -0.163875 0.379125
0.074874997 -0.16312499 0.379125
0.075374998 -0.163875 0.379875
0.074874997 -0.16312499 0.379875
0.074874997 -0.16312499 0.37812501
0.074375004 -0.161125 0.37687501
0.074124999 -0.161125 0.37812501
0.074874997 -0.16312499 0.37687501
0.074625 -0.16187499 0.37687501
0.074625 -0.16187499 0.37812501
0.074375004 -0.16187499 0.379125
0.075374998 -0.16187499 0.374125
0.075125001 -0.16312499 0.37612501
0.074874997 -0.16212501 0.37612501
0.075874999 -0.166125 0.37487501
0.075874999 -0.166125 0.37612501
0.075374998 -0.165125 0.37612501
0.075374998 -0.163875 0.37612501
0.075874999 -0.166125 0.37687501
0.075374998 -0.165125 0.37687501
0.076624997 -0.168125 0.379875
0.076875001 -0.168125 0.381125
0.076375 -0.166875 0.381125
0.076375 -0.168125 0.37612501
0.076375 -0.168125 0.37687501
0.076375 -0.168125 0.37812501
0.076125003 -0.166875 0.37812501
0.076624997 -0.168125 0.379125
0.076375 -0.16887499 0.37487501
0.076624997 -0.17012499 0.37612501
0.076624997 -0.16887499 0.37612501
0.076624997 -0.17012499 0.37687501
0.076624997 -0.16887499 0.37687501
0.076624997 -0.16887499 0.37812501
0.075374998 -0.165125 0.381125
0.075374998 -0.163875 0.381125
0.075874999 -0.166125 0.37812501
0.075374998 -0.165125 0.379125
0.075374998 -0.165125 0.379875
0.076375 -0.166875 0.379875
0.075874999 -0.166125 0.381125
0.075374998 -0.163875 0.37687501
0.075374998 -0.165125 0.37812501
0.075374998 -0.163875 0.37812501
0.076125003 -0.166875 0.379125
0.075874999 -0.166125 0.379125
0.075874999 -0.166125 0.379875
0.076375 -0.168125 0.37487501
0.076125003 -0.166875 0.37487501
0.076125003 -0.166875 0.37612501
0.076125003 -0.166875 0.37687501
0.060874999 -0.18962499 0.381125
0.062125001 -0.189375 0.381125
0.067125 -0.187125 0.381125
0.069875002 -0.18412501 0.381125
0.071125001 -0.183125 0.379875
0.071125001 -0.183125 0.381125
0.071874999 -0.182125 0.381125
0.071874999 -0.182125 0.379875
0.072875001 -0.18162499 0.379875
0.073124997 -0.181375 0.381125
0.075374998 -0.179125 0.381125
0.073875003 -0.181125 0.379875
0.074124999 -0.18062501 0.381125
0.074625 -0.179875 0.379875
0.074625 -0.179875 0.381125
0.074874997 -0.17937499 0.381125
0.077124998 -0.174125 0.379875
0.077124998 -0.17487501 0.381125
0.077124998 -0.17487501 0.379875
0.076875001 -0.176125 0.379875
0.076624997 -0.176875 0.381125
0.076875001 -0.176125 0.381125
0.075374998 -0.179125 0.379875
0.076875001 -0.176125 0.379125
0.076125003 -0.17812499 0.379875
0.076624997 -0.176875 0.379875
0.076125003 -0.17812499 0.381125
0.077124998 -0.17012499 0.379875
0.076875001 -0.16912501 0.379875
0.076875001 -0.16887499 0.381125
0.077375002 -0.170875 0.381125
0.077124998 -0.17012499 0.381125
0.076875001 -0.17012499 0.37812501
0.076875001 -0.170375 0.379125
0.076875001 -0.16887499 0.379125
0.076875001 -0.170875 0.37687501
0.076875001 -0.172125 0.37812501
0.076875001 -0.17112499 0.37812501
0.077124998 -0.172125 0.379125
0.077124998 -0.170875 0.379125
0.077124998 -0.170875 0.379875
0.077375002 -0.172125 0.381125
0.077375002 -0.172875 0.379875
0.077375002 -0.172125 0.379875
0.077375002 -0.172875 0.381125
0.077124998 -0.174125 0.381125
0.058874998 -0.19212499 0.36087501
0.058874998 -0.19212499 0.36212501
0.060125001 -0.191625 0.358125
0.060874999 -0.19112501 0.358125
0.060125001 -0.191625 0.35887501
0.060874999 -0.19112501 0.35887501
0.060125001 -0.191625 0.36012501
0.060874999 -0.19112501 0.36012501
0.060125001 -0.191625 0.36087501
0.060874999 -0.19112501 0.36087501
0.062125001 -0.190625 0.36087501
0.060125001 -0.191625 0.36212501
0.056875002 -0.192625 0.35512501
0.056875002 -0.192625 0.35587499
0.056875002 -0.192625 0.356875
0.056875002 -0.192625 0.358125
0.058874998 -0.19212499 0.358125
0.058874998 -0.19212499 0.35887501
0.058874998 -0.19212499 0.36012501
0.060125001 -0.191625 0.356875
0.057875 -0.192375 0.35887501
0.057875 -0.192375 0.36012501
0.057875 -0.192375 0.36087501
0.058874998 -0.19212499 0.35512501
0.058874998 -0.19212499 0.35587499
0.058874998 -0.19212499 0.356875
0.057875 -0.192375 0.35512501
0.057875 -0.192375 0.35587499
0.060125001 -0.191625 0.35587499
0.057875 -0.192375 0.356875
0.057875 -0.192375 0.358125
0.058874998 -0.19212499 0.35312501
0.058874998 -0.19212499 0.35387501
0.060125001 -0.191625 0.35312501
0.057875 -0.192375 0.35387501
0.060125001 -0.191625 0.35387501
0.060125001 -0.191625 0.35512501
0.062624998 -0.19112501 0.35587499
0.062875003 -0.19112501 0.35512501
0.060874999 -0.191375 0.35587499
0.062125001 -0.19112501 0.35587499
0.062125001 -0.191375 0.356875
0.062875003 -0.19087499 0.356875
0.062875003 -0.190625 0.358125
0.057124998 -0.192875 0.349875
0.056875002 -0.192625 0.351125
0.055875 -0.19312499 0.34812501
0.055125002 -0.19312499 0.34687501
0.056875002 -0.192625 0.347875
0.056875002 -0.192625 0.349125
0.058874998 -0.19212499 0.349875
0.057875 -0.192375 0.349875
0.060125001 -0.191625 0.349875
0.057875 -0.192625 0.351125
0.058874998 -0.19212499 0.349125
0.057875 -0.192375 0.347875
0.057875 -0.192375 0.349125
0.058874998 -0.19212499 0.34812501
0.060125001 -0.191625 0.34687501
0.060125001 -0.191625 0.347875
0.060125001 -0.191625 0.349125
0.055875 -0.19312499 0.35387501
0.052875001 -0.194125 0.35512501
0.055875 -0.19312499 0.35512501
0.056875002 -0.192625 0.35387501
0.053624999 -0.193625 0.35512501
0.055125002 -0.19337501 0.35512501
0.055125002 -0.19337501 0.35587499
0.055875 -0.19312499 0.35587499
0.058874998 -0.19212499 0.35187501
0.057875 -0.192375 0.35187501
0.057875 -0.192375 0.35312501
0.058874998 -0.19212499 0.351125
0.060125001 -0.191625 0.351125
0.060125001 -0.191625 0.35187501
0.060874999 -0.191375 0.349875
0.060874999 -0.191375 0.351125
0.062125001 -0.191375 0.351125
0.060874999 -0.191375 0.35187501
0.062125001 -0.191375 0.35187501
0.062875003 -0.19112501 0.35187501
0.060874999 -0.191375 0.35312501
0.062125001 -0.191375 0.35312501
0.060874999 -0.191375 0.35387501
0.062125001 -0.191375 0.35387501
0.060874999 -0.191375 0.35512501
0.062875003 -0.19112501 0.35312501
0.062875003 -0.19112501 0.35387501
0.062125001 -0.191375 0.35512501
0.064125001 -0.19112501 0.35312501
0.064874999 -0.19112501 0.35312501
0.062875003 -0.19112501 0.349875
0.062875003 -0.190625 0.347875
0.062125001 -0.19112501 0.34887499
0.062875003 -0.19087499 0.349125
0.062125001 -0.19112501 0.349875
0.062875003 -0.19112501 0.351125
0.061875001 -0.19112501 0.34687501
0.062125001 -0.19112501 0.34812501
0.060874999 -0.19112501 0.34687501
0.062875003 -0.190625 0.34687501
0.060874999 -0.191375 0.347875
0.060874999 -0.191375 0.349125
0.064874999 -0.190375 0.347875
0.065875001 -0.190375 0.347875
0.064125001 -0.190625 0.347875
0.064125001 -0.190625 0.349125
0.064874999 -0.190625 0.349125
0.065875001 -0.190625 0.349125
0.064125001 -0.19087499 0.349875
0.064874999 -0.190625 0.349875
0.065875001 -0.190625 0.349875
0.064125001 -0.19112501 0.351125
0.067125 -0.18987501 0.34687501
0.067125 -0.190375 0.347875
0.067874998 -0.190375 0.347875
0.069124997 -0.190125 0.347875
0.066875003 -0.190375 0.349125
0.073875003 -0.158125 0.36987501
0.074375004 -0.159125 0.370875
0.073875003 -0.158125 0.370875
0.073624998 -0.157875 0.372125
0.074375004 -0.159125 0.36987501
0.074124999 -0.159125 0.36912501
0.074124999 -0.159125 0.365125
0.074625 -0.161125 0.36587501
0.074375004 -0.15987501 0.36587501
0.073875003 -0.159125 0.36587501
0.074124999 -0.15987501 0.367125
0.074625 -0.161125 0.36787501
0.074375004 -0.15987501 0.36787501
0.074625 -0.15987501 0.36912501
0.074874997 -0.161125 0.36912501
0.074874997 -0.161125 0.36987501
0.074625 -0.15987501 0.36987501
0.074874997 -0.16212501 0.36787501
0.074874997 -0.16187499 0.36912501
0.075125001 -0.16187499 0.36987501
0.075374998 -0.16312499 0.370875
0.074625 -0.15987501 0.370875
0.074874997 -0.161125 0.372125
0.074874997 -0.161125 0.370875
0.074874997 -0.16212501 0.367125
0.074625 -0.161125 0.367125
0.074874997 -0.16212501 0.365125
0.074874997 -0.16212501 0.36587501
0.075374998 -0.165125 0.36587501
0.075374998 -0.165125 0.367125
0.075874999 -0.165875 0.36787501
0.075374998 -0.165125 0.36787501
0.076125003 -0.165875 0.36587501
0.075874999 -0.166125 0.367125
0.075125001 -0.16312499 0.36787501
0.075125001 -0.16312499 0.36912501
0.075374998 -0.16312499 0.36987501
0.075125001 -0.16312499 0.36587501
0.075125001 -0.16312499 0.367125
0.075125001 -0.16312499 0.363875
0.075374998 -0.163875 0.365125
0.075125001 -0.16312499 0.365125
0.075374998 -0.163875 0.36587501
0.075374998 -0.163875 0.367125
0.075374998 -0.163875 0.36787501
0.074874997 -0.161125 0.36287501
0.074874997 -0.16187499 0.363875
0.074874997 -0.161125 0.363875
0.075125001 -0.16187499 0.36087501
0.075125001 -0.16187499 0.36212501
0.075125001 -0.161125 0.36212501
0.075125001 -0.16187499 0.36287501
0.074874997 -0.16187499 0.356875
0.074874997 -0.161125 0.356875
0.075125001 -0.16312499 0.358125
0.074874997 -0.16187499 0.358125
0.074874997 -0.161125 0.358125
0.074874997 -0.15987501 0.358125
0.075125001 -0.165125 0.35887501
0.075125001 -0.163875 0.35887501
0.075125001 -0.16312499 0.35887501
0.074874997 -0.16187499 0.35887501
0.074874997 -0.161125 0.35887501
0.075374998 -0.16312499 0.36012501
0.075125001 -0.165875 0.35512501
0.075125001 -0.165125 0.35512501
0.075125001 -0.165875 0.35587499
0.075125001 -0.165125 0.35587499
0.075125001 -0.163875 0.35587499
0.075125001 -0.16312499 0.35587499
0.074874997 -0.16187499 0.35587499
0.075125001 -0.165875 0.356875
0.075125001 -0.165125 0.356875
0.075125001 -0.163875 0.356875
0.075125001 -0.16312499 0.356875
0.075125001 -0.165125 0.358125
0.075125001 -0.163875 0.358125
0.075374998 -0.16312499 0.36087501
0.075374998 -0.163875 0.36212501
0.075125001 -0.16312499 0.36212501
0.075125001 -0.16312499 0.36287501
0.075374998 -0.165125 0.363875
0.075374998 -0.165125 0.365125
0.075374998 -0.165875 0.36287501
0.075374998 -0.165125 0.36287501
0.075874999 -0.165875 0.363875
0.075874999 -0.166125 0.365125
0.075374998 -0.163875 0.36287501
0.075374998 -0.163875 0.363875
0.075125001 -0.165125 0.36012501
0.075374998 -0.163875 0.36012501
0.075374998 -0.165125 0.36087501
0.075374998 -0.163875 0.36087501
0.075374998 -0.165875 0.36087501
0.075374998 -0.165875 0.36212501
0.075374998 -0.165125 0.36212501
0.075374998 -0.166875 0.35512501
0.075374998 -0.166875 0.35587499
0.075374998 -0.166875 0.356875
0.075374998 -0.166875 0.358125
0.075125001 -0.165875 0.358125
0.075374998 -0.165875 0.35887501
0.075374998 -0.165875 0.36012501
0.075374998 -0.168125 0.35587499
0.075374998 -0.168125 0.356875
0.075374998 -0.168125 0.358125
0.075374998 -0.16887499 0.35887501
0.075374998 -0.168125 0.35887501
0.075374998 -0.166875 0.35887501
0.075374998 -0.16887499 0.36012501
0.075374998 -0.168125 0.36012501
0.075374998 -0.166875 0.36012501
0.075374998 -0.17012499 0.36087501
0.075374998 -0.16887499 0.36087501
0.075374998 -0.168125 0.36087501
0.075374998 -0.166875 0.36087501
0.075374998 -0.166875 0.36212501
0.076125003 -0.165125 0.37287501
0.075874999 -0.163875 0.37287501
0.075374998 -0.163875 0.374125
0.075374998 -0.16312499 0.374125
0.075374998 -0.163875 0.37487501
0.075374998 -0.16312499 0.37487501
0.075374998 -0.163875 0.36912501
0.075374998 -0.165125 0.36987501
0.075374998 -0.163875 0.36987501
0.075874999 -0.16537499 0.370875
0.075374998 -0.163875 0.370875
0.075874999 -0.163875 0.372125
0.075374998 -0.16312499 0.372125
0.075374998 -0.16187499 0.372125
0.075374998 -0.16312499 0.37287501
0.075374998 -0.16187499 0.37287501
0.075374998 -0.16187499 0.370875
0.076125003 -0.165125 0.37187499
0.075874999 -0.165125 0.374125
0.075874999 -0.165125 0.37487501
0.076125003 -0.165875 0.374125
0.076125003 -0.165875 0.37287501
0.076125003 -0.166875 0.374125
0.076125003 -0.165875 0.370875
0.076375 -0.168125 0.372125
0.076375 -0.166875 0.372125
0.076125003 -0.165875 0.372125
0.076375 -0.168125 0.37287501
0.076375 -0.166875 0.37287501
0.076375 -0.168125 0.374125
0.075874999 -0.165875 0.36912501
0.075374998 -0.165125 0.36912501
0.075874999 -0.165875 0.36987501
0.076125003 -0.166875 0.367125
0.076125003 -0.16887499 0.36987501
0.076125003 -0.168125 0.36987501
0.076375 -0.16887499 0.370875
0.076125003 -0.168125 0.370875
0.076125003 -0.166875 0.370875
0.076125003 -0.168125 0.36912501
0.075874999 -0.166875 0.36912501
0.076125003 -0.166875 0.36987501
0.076125003 -0.168125 0.36787501
0.076125003 -0.166875 0.36787501
0.076125003 -0.16887499 0.36912501
0.076624997 -0.170875 0.37487501
0.076624997 -0.17012499 0.37487501
0.076624997 -0.170875 0.37612501
0.076375 -0.170875 0.37287501
0.076375 -0.17012499 0.37287501
0.076375 -0.16887499 0.37287501
0.076375 -0.16887499 0.374125
0.076375 -0.172125 0.37287501
0.076624997 -0.172125 0.374125
0.076375 -0.170875 0.374125
0.076375 -0.17012499 0.374125
0.076375 -0.172125 0.36987501
0.076375 -0.170875 0.36987501
0.076375 -0.172125 0.370875
0.076375 -0.170875 0.36912501
0.076375 -0.172875 0.370875
0.076125003 -0.174125 0.36987501
0.076375 -0.172875 0.36987501
0.076125003 -0.17012499 0.36987501
0.076375 -0.170875 0.370875
0.076375 -0.17012499 0.370875
0.076375 -0.172125 0.372125
0.076375 -0.170875 0.372125
0.076375 -0.17012499 0.372125
0.076375 -0.16887499 0.372125
0.076624997 -0.174125 0.36787501
0.076375 -0.172125 0.36912501
0.076125003 -0.168125 0.36587501
0.076125003 -0.168125 0.367125
0.076125003 -0.16887499 0.36787501
0.076125003 -0.168125 0.365125
0.076375 -0.16887499 0.36587501
0.076125003 -0.16887499 0.367125
0.076375 -0.17012499 0.36787501
0.076375 -0.17012499 0.36912501
0.075874999 -0.17012499 0.36212501
0.075874999 -0.17012499 0.36287501
0.075874999 -0.16887499 0.36287501
0.076125003 -0.17012499 0.363875
0.076125003 -0.16887499 0.363875
0.076125003 -0.168125 0.363875
0.076125003 -0.17012499 0.365125
0.076125003 -0.16887499 0.365125
0.076375 -0.17012499 0.36587501
0.076375 -0.17012499 0.367125
0.076624997 -0.170875 0.36787501
0.075374998 -0.172125 0.358125
0.075374998 -0.172125 0.35887501
0.075374998 -0.172125 0.36012501
0.075374998 -0.170875 0.36012501
0.075374998 -0.170875 0.36087501
0.075874999 -0.166875 0.36287501
0.075874999 -0.167125 0.363875
0.076125003 -0.166875 0.365125
0.076125003 -0.166875 0.36587501
0.075874999 -0.16887499 0.36212501
0.075374998 -0.168125 0.36212501
0.075874999 -0.168125 0.36287501
0.075874999 -0.170875 0.36287501
0.076125003 -0.170875 0.363875
0.076125003 -0.172125 0.365125
0.076125003 -0.170875 0.365125
0.076375 -0.172875 0.36587501
0.076375 -0.172125 0.36587501
0.076375 -0.170875 0.36587501
0.076375 -0.172875 0.367125
0.076375 -0.172125 0.367125
0.076375 -0.170875 0.367125
0.076624997 -0.172875 0.36787501
0.076624997 -0.172125 0.36787501
0.075374998 -0.172125 0.36087501
0.075374998 -0.172125 0.36212501
0.075874999 -0.170875 0.36212501
0.075874999 -0.172125 0.36287501
0.075874999 -0.172875 0.363875
0.076125003 -0.172125 0.36362499
0.076125003 -0.172875 0.365125
0.076375 -0.17487501 0.36912501
0.076375 -0.174125 0.36912501
0.076375 -0.172875 0.36912501
0.075374998 -0.172875 0.36212501
0.075874999 -0.172875 0.36287501
0.076125003 -0.174125 0.36362499
0.076375 -0.17487501 0.365125
0.076125003 -0.174125 0.365125
0.076624997 -0.176125 0.36587501
0.076375 -0.17487501 0.36587501
0.076375 -0.174125 0.36587501
0.076624997 -0.17487501 0.367125
0.076375 -0.174125 0.367125
0.075374998 -0.17487501 0.36012501
0.075374998 -0.174125 0.36012501
0.075874999 -0.176125 0.36087501
0.075374998 -0.17487501 0.36087501
0.075374998 -0.174125 0.36087501
0.075374998 -0.172875 0.36087501
0.076125003 -0.176875 0.361875
0.075874999 -0.176125 0.36212501
0.075874999 -0.17487501 0.36212501
0.075374998 -0.174125 0.36212501
0.076125003 -0.176875 0.36287501
0.076125003 -0.176125 0.36287501
0.075874999 -0.17487501 0.36287501
0.075874999 -0.174125 0.36287501
0.076375 -0.176875 0.363875
0.076375 -0.176125 0.363875
0.076125003 -0.17487501 0.363875
0.076375 -0.176125 0.365125
0.074124999 -0.163875 0.351125
0.074625 -0.165125 0.35187501
0.074375004 -0.163875 0.35187501
0.074375004 -0.16312499 0.35187501
0.074874997 -0.165875 0.35312501
0.074874997 -0.165125 0.35312501
0.074625 -0.163875 0.35312501
0.074625 -0.16312499 0.35312501
0.075374998 -0.166875 0.35387501
0.075125001 -0.165875 0.35387501
0.074874997 -0.165125 0.35387501
0.074874997 -0.163875 0.35387501
0.074625 -0.16312499 0.35387501
0.074874997 -0.163875 0.354875
0.074874997 -0.16312499 0.35512501
0.074874997 -0.16187499 0.35512501
0.073875003 -0.166125 0.34687501
0.073875003 -0.165125 0.34687501
0.074124999 -0.165875 0.34812501
0.073875003 -0.16537499 0.34812501
0.074375004 -0.165875 0.349125
0.074124999 -0.165125 0.34887499
0.073875003 -0.163875 0.349125
0.074375004 -0.165875 0.349875
0.074124999 -0.165125 0.349875
0.074124999 -0.163875 0.34962499
0.074625 -0.165875 0.351125
0.074375004 -0.165125 0.351125
0.074625 -0.165875 0.35187501
0.074874997 -0.166875 0.35312501
0.073875003 -0.165875 0.34612501
0.074375004 -0.166875 0.347875
0.074874997 -0.168125 0.349125
0.074625 -0.166875 0.349125
0.074874997 -0.168125 0.349875
0.074625 -0.166875 0.349875
0.074874997 -0.166875 0.351125
0.074874997 -0.167125 0.35187501
0.074874997 -0.172875 0.35312501
0.074874997 -0.172125 0.35312501
0.074874997 -0.170875 0.35312501
0.074874997 -0.172875 0.35387501
0.074874997 -0.172125 0.35387501
0.075125001 -0.170875 0.35387501
0.075125001 -0.17012499 0.35387501
0.075125001 -0.16887499 0.35387501
0.075374998 -0.168125 0.35387501
0.075125001 -0.172875 0.35512501
0.075125001 -0.172125 0.35512501
0.075125001 -0.170875 0.35512501
0.075125001 -0.17012499 0.35512501
0.075374998 -0.16887499 0.35512501
0.075125001 -0.172125 0.35587499
0.075374998 -0.170875 0.35587499
0.075374998 -0.172125 0.356875
0.074874997 -0.172875 0.351125
0.074874997 -0.172125 0.351125
0.074874997 -0.17112499 0.351125
0.074625 -0.172875 0.35187501
0.074874997 -0.172125 0.35187501
0.074874997 -0.170875 0.35187501
0.075125001 -0.17012499 0.35187501
0.075125001 -0.17012499 0.35312501
0.075125001 -0.16887499 0.35312501
0.075374998 -0.168125 0.35512501
0.075374998 -0.17012499 0.35587499
0.075374998 -0.16887499 0.35587499
0.075374998 -0.170875 0.356875
0.075374998 -0.17012499 0.356875
0.075374998 -0.16887499 0.356875
0.075374998 -0.170875 0.358125
0.075374998 -0.17012499 0.358125
0.075374998 -0.16887499 0.358125
0.075374998 -0.170875 0.35887501
0.075374998 -0.17012499 0.35887501
0.075374998 -0.17012499 0.36012501
0.074874997 -0.172125 0.349875
0.074874997 -0.170875 0.349875
0.074874997 -0.17012499 0.349875
0.075125001 -0.16887499 0.349875
0.075125001 -0.17012499 0.351125
0.075125001 -0.16887499 0.351125
0.074874997 -0.168125 0.351125
0.075125001 -0.16887499 0.35187501
0.075125001 -0.168125 0.35187501
0.075125001 -0.168125 0.35312501
0.074124999 -0.170875 0.342125
0.073875003 -0.17012499 0.34187499
0.074124999 -0.170875 0.342875
0.074124999 -0.17012499 0.34262499
0.073875003 -0.16887499 0.342875
0.074375004 -0.170875 0.34387499
0.074124999 -0.17012499 0.344125
0.074124999 -0.16912501 0.34387499
0.073875003 -0.168125 0.344125
0.074375004 -0.170875 0.34487501
0.074375004 -0.17012499 0.34487501
0.074124999 -0.16887499 0.34487501
0.073875003 -0.168125 0.34487501
0.073875003 -0.166875 0.34487501
0.074375004 -0.17012499 0.34587499
0.074124999 -0.16887499 0.34612501
0.074124999 -0.170875 0.34112501
0.074124999 -0.17012499 0.34112501
0.073875003 -0.16887499 0.34187499
0.073875003 -0.168125 0.342875
0.073875003 -0.166875 0.344125
0.074124999 -0.168125 0.34612501
0.073875003 -0.167125 0.34587499
0.074625 -0.17012499 0.34687501
0.074375004 -0.16887499 0.34687501
0.074375004 -0.168125 0.34687501
0.074124999 -0.166875 0.34687501
0.074625 -0.16887499 0.347875
0.074625 -0.168125 0.347875
0.074625 -0.174125 0.34687501
0.074625 -0.174125 0.347875
0.074874997 -0.172875 0.349125
0.074625 -0.172875 0.34687501
0.074625 -0.172125 0.34687501
0.074625 -0.170875 0.34687501
0.074874997 -0.172875 0.34812501
0.074874997 -0.172125 0.34812501
0.074124999 -0.172125 0.342125
0.074375004 -0.172125 0.342875
0.074375004 -0.172125 0.34387499
0.074625 -0.172875 0.34487501
0.074375004 -0.172125 0.34487501
0.074625 -0.172875 0.34587499
0.074625 -0.172125 0.34587499
0.074625 -0.170875 0.34587499
0.074625 -0.172875 0.342875
0.074625 -0.172875 0.34387499
0.074874997 -0.174125 0.34487501
0.074874997 -0.174125 0.34612501
0.074124999 -0.172125 0.34112501
0.074625 -0.174125 0.34187499
0.074375004 -0.172875 0.34187499
0.074874997 -0.174125 0.342875
0.074874997 -0.174125 0.344125
0.074375004 -0.17487501 0.347875
0.074874997 -0.17487501 0.342875
0.075125001 -0.176875 0.344125
0.074874997 -0.176125 0.34387499
0.074874997 -0.17487501 0.34387499
0.075374998 -0.17487501 0.34487501
0.074874997 -0.170875 0.34812501
0.074874997 -0.17012499 0.34812501
0.074874997 -0.172125 0.349125
0.074874997 -0.170875 0.349125
0.074874997 -0.17012499 0.349125
0.074874997 -0.16887499 0.349125
0.076125003 -0.179125 0.358125
0.076375 -0.181125 0.35887501
0.076375 -0.179875 0.35887501
0.076125003 -0.179125 0.35887501
0.075874999 -0.176875 0.35512501
0.075874999 -0.176875 0.35587499
0.075874999 -0.181125 0.35512501
0.076125003 -0.181125 0.355625
0.076125003 -0.179875 0.35587499
0.075874999 -0.179125 0.35587499
0.076125003 -0.181125 0.356875
0.076125003 -0.179875 0.356875
0.076125003 -0.179125 0.356875
0.076375 -0.181125 0.358125
0.076125003 -0.179875 0.358125
0.075874999 -0.181125 0.35387501
0.075874999 -0.179875 0.35387501
0.075874999 -0.179875 0.35512501
0.075874999 -0.179125 0.35512501
0.075874999 -0.177875 0.35512501
0.076125003 -0.177875 0.35587499
0.074625 -0.176125 0.349125
0.075125001 -0.179125 0.349875
0.074874997 -0.17812499 0.349875
0.074874997 -0.176875 0.349875
0.075374998 -0.181125 0.351125
0.075374998 -0.179875 0.351125
0.075125001 -0.179125 0.351125
0.074874997 -0.17812499 0.351125
0.075374998 -0.179125 0.347875
0.075125001 -0.177875 0.34812501
0.074874997 -0.17712501 0.347875
0.074625 -0.176125 0.347875
0.075374998 -0.179875 0.349125
0.075374998 -0.179125 0.349125
0.074874997 -0.177875 0.349125
0.074874997 -0.176875 0.349125
0.075374998 -0.181125 0.349875
0.075374998 -0.179875 0.349875
0.075374998 -0.18187501 0.351125
0.075374998 -0.177875 0.34487501
0.075374998 -0.179875 0.34587499
0.075374998 -0.179125 0.34587499
0.075874999 -0.183125 0.34687501
0.075374998 -0.18187501 0.34687501
0.075374998 -0.181125 0.34687501
0.075374998 -0.179875 0.34687501
0.075374998 -0.179125 0.34687501
0.075374998 -0.179875 0.35312501
0.075374998 -0.179125 0.35312501
0.075374998 -0.177875 0.35312501
0.075874999 -0.179125 0.35387501
0.075874999 -0.177875 0.35387501
0.075374998 -0.18187501 0.35187501
0.075374998 -0.181125 0.35187501
0.075374998 -0.179875 0.35187501
0.075125001 -0.179125 0.35187501
0.075874999 -0.18187501 0.35312501
0.075374998 -0.181125 0.35312501
0.075874999 -0.183125 0.34812501
0.075874999 -0.18187501 0.34812501
0.075374998 -0.181125 0.347875
0.075374998 -0.179875 0.347875
0.075874999 -0.183125 0.349125
0.075874999 -0.18187501 0.349125
0.075374998 -0.181125 0.349125
0.075874999 -0.183125 0.349875
0.075874999 -0.18187501 0.349875
0.075874999 -0.183125 0.351125
0.075874999 -0.18387499 0.34812501
0.075874999 -0.18512499 0.349125
0.075874999 -0.18387499 0.349125
0.075874999 -0.18387499 0.349875
0.075374998 -0.18512499 0.34487501
0.075874999 -0.18512499 0.34612501
0.075874999 -0.18512499 0.34687501
0.075874999 -0.18387499 0.34687501
0.075874999 -0.18512499 0.34812501
0.075374998 -0.174125 0.35887501
0.075374998 -0.172875 0.35887501
0.075374998 -0.172875 0.36012501
0.075374998 -0.174125 0.356875
0.075374998 -0.172875 0.356875
0.075374998 -0.174125 0.358125
0.075374998 -0.172875 0.358125
0.075374998 -0.174125 0.35512501
0.075374998 -0.174125 0.35587499
0.075874999 -0.17487501 0.35587499
0.075874999 -0.17487501 0.356875
0.075874999 -0.17487501 0.358125
0.075125001 -0.172875 0.35587499
0.075874999 -0.176125 0.35512501
0.075374998 -0.17487501 0.35512501
0.074625 -0.174125 0.35187501
0.075125001 -0.17487501 0.35312501
0.074874997 -0.174375 0.35312501
0.075374998 -0.176125 0.35387501
0.075374998 -0.17487501 0.35387501
0.074874997 -0.174125 0.353625
0.075125001 -0.177875 0.35187501
0.074874997 -0.176875 0.35187501
0.074874997 -0.176125 0.35187501
0.074874997 -0.17487501 0.35187501
0.075374998 -0.176875 0.35312501
0.075374998 -0.176125 0.35312501
0.075874999 -0.176875 0.35387501
0.075874999 -0.17712501 0.36012501
0.075874999 -0.176125 0.36012501
0.076125003 -0.177875 0.36087501
0.075874999 -0.17712501 0.36087501
0.075874999 -0.176125 0.35587499
0.075874999 -0.176875 0.356875
0.075874999 -0.176125 0.356875
0.075874999 -0.176125 0.358125
0.075374998 -0.17487501 0.35887501
0.076125003 -0.177875 0.356875
0.076125003 -0.177875 0.35787499
0.075874999 -0.176875 0.358125
0.075874999 -0.17712501 0.35887501
0.075874999 -0.176125 0.35887501
0.074625 -0.174125 0.349125
0.074625 -0.174125 0.349875
0.074874997 -0.172875 0.349875
0.074625 -0.174125 0.351125
0.074625 -0.17487501 0.349125
0.074625 -0.176125 0.349875
0.074625 -0.17487501 0.349875
0.074874997 -0.176875 0.351125
0.074874997 -0.176125 0.351125
0.074625 -0.17487501 0.351125
0.075374998 -0.176875 0.34487501
0.075374998 -0.176125 0.34487501
0.075374998 -0.177875 0.34587499
0.075374998 -0.176875 0.34587499
0.075374998 -0.176125 0.34587499
0.074874997 -0.17487501 0.34612501
0.075374998 -0.177875 0.34687501
0.075125001 -0.176875 0.34687501
0.074874997 -0.176125 0.34687501
0.074874997 -0.17487501 0.34687501
0.057875 -0.191375 0.379875
0.057875 -0.190625 0.381125
0.060125001 -0.190375 0.381125
0.058874998 -0.190625 0.379875
0.060125001 -0.190375 0.379875
0.058874998 -0.190375 0.381125
0.058874998 -0.191375 0.379125
0.060874999 -0.190625 0.37687501
0.059875 -0.19112501 0.37812501
0.060874999 -0.190375 0.37812501
0.057875 -0.191375 0.379125
0.060125001 -0.190625 0.379125
0.060874999 -0.190375 0.379125
0.060874999 -0.190125 0.379875
0.061875001 -0.190125 0.37887499
0.062125001 -0.190125 0.37812501
0.062624998 -0.190125 0.37812501
0.058874998 -0.191375 0.37487501
0.057875 -0.191875 0.37612501
0.057875 -0.191625 0.37687501
0.057875 -0.191375 0.37812501
0.059875 -0.19112501 0.37687501
0.060125001 -0.19112501 0.37487501
0.058874998 -0.191375 0.37612501
0.060125001 -0.19112501 0.37612501
0.058874998 -0.191375 0.37687501
0.058874998 -0.19112501 0.37812501
0.060125001 -0.191375 0.374125
0.060625002 -0.19112501 0.37387499
0.062125001 -0.190625 0.374125
0.060625002 -0.19112501 0.37487501
0.062125001 -0.190375 0.37487501
0.060874999 -0.19087499 0.37612501
0.063874997 -0.188875 0.379875
0.062875003 -0.189125 0.381125
0.064874999 -0.18862499 0.379875
0.064125001 -0.18862499 0.381125
0.064874999 -0.188125 0.381125
0.062875003 -0.18962499 0.379125
0.064125001 -0.189375 0.379125
0.062125001 -0.18987501 0.379875
0.062875003 -0.189375 0.379875
0.064625002 -0.188875 0.377875
0.065875001 -0.18862499 0.37687501
0.064125001 -0.18962499 0.37812501
0.065875001 -0.188375 0.37812501
0.064625002 -0.188875 0.379125
0.062875003 -0.190125 0.37612501
0.062875003 -0.190125 0.37687501
0.062875003 -0.190125 0.374125
0.062875003 -0.190375 0.37487501
0.062125001 -0.190375 0.37612501
0.062125001 -0.190375 0.37687501
0.064874999 -0.189125 0.37687501
0.064874999 -0.18962499 0.372125
0.064874999 -0.189375 0.37287501
0.064874999 -0.189375 0.374125
0.064874999 -0.189375 0.37487501
0.065624997 -0.188875 0.37487501
0.064125001 -0.18962499 0.37612501
0.064874999 -0.189125 0.37612501
0.065875001 -0.18862499 0.37612501
0.064125001 -0.18962499 0.37687501
0.064874999 -0.18962499 0.370875
0.063874997 -0.190125 0.37287501
0.063874997 -0.190125 0.37387499
0.064125001 -0.18987501 0.37487501
0.057875 -0.19212499 0.372125
0.058874998 -0.191625 0.372125
0.058874998 -0.191625 0.37287501
0.060125001 -0.191375 0.36787501
0.058874998 -0.191625 0.36987501
0.058874998 -0.191625 0.370875
0.057875 -0.19212499 0.36987501
0.057875 -0.19212499 0.370875
0.057875 -0.19212499 0.367625
0.058874998 -0.191875 0.36787501
0.057875 -0.19212499 0.36912501
0.058874998 -0.191875 0.36912501
0.062125001 -0.19087499 0.36987501
0.060125001 -0.191375 0.370875
0.060874999 -0.19112501 0.370875
0.060125001 -0.191375 0.372125
0.060125001 -0.191375 0.37287501
0.060125001 -0.191375 0.36912501
0.060874999 -0.19112501 0.36912501
0.062125001 -0.19087499 0.36912501
0.060125001 -0.191375 0.36987501
0.060874999 -0.19112501 0.36987501
0.057875 -0.192375 0.36287501
0.056875002 -0.192625 0.36587501
0.058874998 -0.19212499 0.365125
0.057875 -0.192375 0.363875
0.057875 -0.192375 0.365125
0.057875 -0.19212499 0.36587501
0.058625001 -0.19212499 0.36587501
0.057875 -0.19212499 0.367125
0.058625001 -0.19212499 0.367125
0.058874998 -0.19212499 0.36287501
0.058874998 -0.19212499 0.363875
0.060125001 -0.191625 0.363875
0.060874999 -0.19112501 0.363875
0.060125001 -0.191625 0.365125
0.060874999 -0.19112501 0.365125
0.060125001 -0.191625 0.36587501
0.060125001 -0.191375 0.367125
0.060874999 -0.19112501 0.36587501
0.062125001 -0.19087499 0.36587501
0.060874999 -0.19112501 0.367125
0.062125001 -0.19087499 0.367125
0.060874999 -0.19112501 0.36787501
0.061875001 -0.19112501 0.367625
0.063874997 -0.190125 0.363875
0.063874997 -0.190125 0.365125
0.062875003 -0.190375 0.363875
0.062125001 -0.19087499 0.365125
0.062875003 -0.190375 0.365125
0.062875003 -0.190375 0.36587501
0.062875003 -0.190375 0.367125
0.062875003 -0.190625 0.36787501
0.064125001 -0.190125 0.36912501
0.064874999 -0.18962499 0.36912501
0.064874999 -0.18962499 0.36987501
0.064125001 -0.190125 0.36587501
0.064125001 -0.190125 0.367125
0.064125001 -0.190125 0.36787501
0.064874999 -0.18962499 0.36587501
0.064874999 -0.18962499 0.367125
0.064874999 -0.18962499 0.36787501
0.060874999 -0.19112501 0.372125
0.060874999 -0.19112501 0.37287501
0.062125001 -0.19087499 0.370875
0.062875003 -0.190375 0.370875
0.062125001 -0.190625 0.372125
0.062875003 -0.190375 0.372125
0.062125001 -0.190625 0.37287501
0.062875003 -0.190375 0.37287501
0.064125001 -0.190125 0.36987501
0.064125001 -0.190125 0.370875
0.063874997 -0.190125 0.372125
0.062875003 -0.190625 0.36912501
0.062875003 -0.190375 0.36987501
0.065875001 -0.188125 0.379875
0.066875003 -0.18762501 0.379875
0.065624997 -0.188125 0.381125
0.066875003 -0.187875 0.37812501
0.066875003 -0.187875 0.379125
0.065875001 -0.188375 0.379125
0.068875 -0.185875 0.379125
0.067625001 -0.186875 0.379875
0.068625003 -0.185875 0.379875
0.068125002 -0.186125 0.381125
0.067874998 -0.186875 0.379125
0.068875 -0.185875 0.37812501
0.069124997 -0.18537501 0.379875
0.069124997 -0.18512499 0.381125
0.066875003 -0.187875 0.37687501
0.067874998 -0.186875 0.37812501
0.067125 -0.188125 0.374125
0.067125 -0.188125 0.37487501
0.067125 -0.188125 0.37612501
0.067874998 -0.187125 0.37612501
0.067874998 -0.186875 0.376625
0.065875001 -0.189125 0.372125
0.065875001 -0.188875 0.37287501
0.067125 -0.188125 0.37287501
0.065624997 -0.188875 0.37387499
0.068125002 -0.187125 0.374125
0.069124997 -0.186125 0.374125
0.067874998 -0.187125 0.37487501
0.069124997 -0.186125 0.37487501
0.069124997 -0.186125 0.37612501
0.069624998 -0.18512499 0.37812501
0.070124999 -0.18412501 0.37812501
0.069375001 -0.18512499 0.379125
0.070124999 -0.18412501 0.379125
0.069875002 -0.18412501 0.379875
0.069875002 -0.18512499 0.37487501
0.069624998 -0.18512499 0.37612501
0.068875 -0.185875 0.37687501
0.069624998 -0.184875 0.37687501
0.070375003 -0.18387499 0.37687501
0.071125001 -0.183375 0.379125
0.071125001 -0.183375 0.37812501
0.071625002 -0.18287501 0.37687501
0.069875002 -0.18512499 0.374125
0.071125001 -0.18412501 0.37487501
0.071874999 -0.183125 0.375875
0.070874996 -0.18387499 0.37612501
0.071125001 -0.183625 0.37687501
0.071125001 -0.18412501 0.374125
0.066875003 -0.187875 0.365125
0.067125 -0.188125 0.36587501
0.067125 -0.188125 0.367125
0.067125 -0.188125 0.36787501
0.065875001 -0.188875 0.36587501
0.065875001 -0.188875 0.367125
0.065875001 -0.189125 0.36787501
0.064874999 -0.189375 0.363875
0.065624997 -0.188875 0.363875
0.064874999 -0.189375 0.365125
0.065624997 -0.188875 0.365125
0.068875 -0.186875 0.367125
0.067874998 -0.18762501 0.36587501
0.067874998 -0.18737499 0.367125
0.067874998 -0.18737499 0.36787501
0.067874998 -0.18762501 0.365125
0.068875 -0.18737499 0.365125
0.069124997 -0.187125 0.36587501
0.065875001 -0.189125 0.36912501
0.065875001 -0.189125 0.36987501
0.065875001 -0.189125 0.370875
0.067125 -0.188125 0.36912501
0.067125 -0.188125 0.36987501
0.067625001 -0.187875 0.370875
0.067874998 -0.18762501 0.36912501
0.066875003 -0.188375 0.370875
0.066875003 -0.188375 0.372125
0.068374999 -0.187125 0.36987501
0.068374999 -0.187125 0.370875
0.067625001 -0.187875 0.372125
0.068125002 -0.187125 0.372125
0.068125002 -0.187125 0.37287501
0.069124997 -0.186125 0.37287501
0.067874998 -0.18762501 0.36987501
0.069124997 -0.186125 0.372125
0.068875 -0.186875 0.36912501
0.069875002 -0.185875 0.36912501
0.069624998 -0.185875 0.370875
0.068875 -0.186625 0.36987501
0.069624998 -0.185875 0.36987501
0.068875 -0.18637501 0.370875
0.068875 -0.186875 0.36787501
0.069875002 -0.186125 0.36787501
0.070874996 -0.18512499 0.369625
0.070874996 -0.18512499 0.370875
0.070874996 -0.184875 0.372125
0.070124999 -0.18537501 0.37287501
0.071125001 -0.18512499 0.36912501
0.069875002 -0.18537501 0.372125
0.071125001 -0.184375 0.37287501
0.072624996 -0.18287501 0.372125
0.072624996 -0.18287501 0.37287501
0.072624996 -0.18287501 0.370875
0.071625002 -0.18387499 0.37287501
0.071874999 -0.18387499 0.36912501
0.071874999 -0.18387499 0.36987501
0.072875001 -0.183125 0.36987501
0.071625002 -0.18387499 0.370875
0.071625002 -0.18387499 0.372125
0.072624996 -0.18387499 0.367625
0.072875001 -0.183125 0.36912501
0.071874999 -0.184375 0.36787501
0.070874996 -0.185875 0.367125
0.069875002 -0.186625 0.36587501
0.069875002 -0.18637501 0.367125
0.071125001 -0.186125 0.36587501
0.071874999 -0.18512499 0.36687499
0.071874999 -0.18537501 0.36587501
0.071125001 -0.18537501 0.36787501
0.071874999 -0.186125 0.365125
0.055875 -0.19312499 0.36287501
0.056875002 -0.192625 0.36287501
0.056875002 -0.192625 0.363875
0.056875002 -0.192625 0.365125
0.060874999 -0.19112501 0.36212501
0.062125001 -0.190625 0.36212501
0.060125001 -0.191625 0.36287501
0.060874999 -0.19112501 0.36287501
0.062125001 -0.190625 0.36287501
0.062875003 -0.190375 0.36287501
0.062125001 -0.190625 0.363875
0.062875003 -0.190375 0.36212501
0.063874997 -0.190125 0.36287501
0.064874999 -0.18962499 0.36287501
0.064125001 -0.190375 0.36087501
0.064874999 -0.18987501 0.36087501
0.063874997 -0.190125 0.361875
0.064874999 -0.18962499 0.36212501
0.064874999 -0.190125 0.36012501
0.062875003 -0.190625 0.35887501
0.062875003 -0.190625 0.36012501
0.064125001 -0.190375 0.36012501
0.062875003 -0.190375 0.36087501
0.060874999 -0.191375 0.356875
0.061875001 -0.19112501 0.35787499
0.062125001 -0.19087499 0.35887501
0.062125001 -0.190625 0.36012501
0.064125001 -0.19087499 0.35587499
0.064125001 -0.190625 0.356875
0.064874999 -0.190625 0.356875
0.064125001 -0.190625 0.358125
0.064125001 -0.19112501 0.35387501
0.064874999 -0.19112501 0.35387501
0.065624997 -0.19112501 0.353625
0.064125001 -0.19112501 0.35512501
0.064874999 -0.19087499 0.35512501
0.065875001 -0.19087499 0.35512501
0.064874999 -0.19087499 0.35587499
0.065875001 -0.190625 0.35587499
0.065875001 -0.190625 0.356875
0.065624997 -0.188875 0.36287501
0.067125 -0.188125 0.363875
0.065875001 -0.18962499 0.36087501
0.066875003 -0.189375 0.36087501
0.065875001 -0.189375 0.36212501
0.067125 -0.189125 0.36212501
0.066875003 -0.18862499 0.36287501
0.067625001 -0.187875 0.36362499
0.067874998 -0.188875 0.361875
0.068875 -0.18862499 0.36212501
0.067874998 -0.188375 0.36287501
0.069875002 -0.189125 0.36087501
0.064874999 -0.190625 0.358125
0.064125001 -0.190375 0.35887501
0.064874999 -0.190125 0.35887501
0.065875001 -0.190375 0.358125
0.065624997 -0.190375 0.35887501
0.067125 -0.190125 0.35887501
0.067874998 -0.190125 0.35887501
0.065875001 -0.18987501 0.36012501
0.066875003 -0.18962499 0.36012501
0.067874998 -0.18962499 0.36012501
0.067874998 -0.189375 0.36087501
0.066875003 -0.190625 0.356875
0.067874998 -0.190375 0.356875
0.066875003 -0.190375 0.358125
0.067874998 -0.190125 0.358125
0.068875 -0.18962499 0.36012501
0.068875 -0.189125 0.36087501
0.068875 -0.190375 0.356875
0.069875002 -0.190375 0.356875
0.071125001 -0.190125 0.356875
0.069124997 -0.190125 0.358125
0.069875002 -0.190125 0.358125
0.069875002 -0.187125 0.365125
0.068875 -0.18762501 0.363875
0.069875002 -0.18737499 0.363875
0.071125001 -0.187125 0.363875
0.069624998 -0.187875 0.36287501
0.069875002 -0.18862499 0.36212501
0.071125001 -0.188375 0.36212501
0.068875 -0.188125 0.36287501
0.071125001 -0.187875 0.362625
0.071874999 -0.18737499 0.36287501
0.071874999 -0.190125 0.356875
0.071125001 -0.190125 0.35787499
0.071874999 -0.18987501 0.358125
0.068875 -0.190125 0.35862499
0.071874999 -0.188125 0.361875
0.071125001 -0.188875 0.360625
0.071874999 -0.18862499 0.36087501
0.071874999 -0.186875 0.363875
0.071125001 -0.187125 0.36487499
0.069875002 -0.18987501 0.35887501
0.071125001 -0.18962499 0.35887501
0.071874999 -0.189375 0.35887501
0.069875002 -0.189375 0.36012501
0.071125001 -0.189375 0.36012501
0.071874999 -0.189125 0.36012501
0.072875001 -0.189375 0.35887501
0.072875001 -0.188875 0.35987499
0.074124999 -0.188875 0.35987499
0.072875001 -0.18987501 0.356875
0.074124999 -0.189375 0.356875
0.072875001 -0.18962499 0.358125
0.067125 -0.19087499 0.35387501
0.067125 -0.19087499 0.35512501
0.066875003 -0.190625 0.35587499
0.067874998 -0.190625 0.35587499
0.064125001 -0.19112501 0.35187501
0.064874999 -0.19112501 0.35187501
0.065875001 -0.19087499 0.35187501
0.067125 -0.19087499 0.35187501
0.067874998 -0.19087499 0.35187501
0.068875 -0.190625 0.35187501
0.065875001 -0.19087499 0.35312501
0.067125 -0.19087499 0.35312501
0.069875002 -0.190625 0.35187501
0.067874998 -0.19087499 0.35312501
0.068875 -0.190625 0.35312501
0.069875002 -0.190625 0.35312501
0.068875 -0.190625 0.35387501
0.069875002 -0.190625 0.35387501
0.067874998 -0.19087499 0.35387501
0.067874998 -0.19087499 0.35512501
0.068875 -0.190625 0.35512501
0.066875003 -0.190625 0.349875
0.064874999 -0.19087499 0.351125
0.065875001 -0.19087499 0.351125
0.067125 -0.19087499 0.351125
0.067874998 -0.190625 0.351125
0.068875 -0.190625 0.351125
0.069875002 -0.190625 0.35512501
0.068875 -0.190625 0.35587499
0.069875002 -0.190375 0.35587499
0.071125001 -0.190375 0.35587499
0.071125001 -0.190625 0.35387501
0.071125001 -0.190375 0.35512501
0.071874999 -0.190125 0.35387501
0.072624996 -0.190125 0.35387501
0.074124999 -0.189375 0.35387501
0.071874999 -0.190125 0.35512501
0.072624996 -0.190125 0.35512501
0.071874999 -0.190125 0.35587499
0.071874999 -0.190375 0.351125
0.071874999 -0.190125 0.35187501
0.071125001 -0.190625 0.35312501
0.072624996 -0.190125 0.351625
0.071874999 -0.190125 0.35312501
0.072624996 -0.190125 0.35312501
0.074124999 -0.189375 0.35312501
0.069875002 -0.190125 0.34812501
0.067874998 -0.190375 0.349125
0.068875 -0.190375 0.349125
0.069875002 -0.190125 0.349125
0.067874998 -0.190625 0.349875
0.068875 -0.190375 0.349875
0.069875002 -0.190375 0.349875
0.069875002 -0.190625 0.351125
0.071125001 -0.190125 0.349875
0.071125001 -0.190125 0.349125
0.071874999 -0.190125 0.349125
0.071874999 -0.190125 0.349875
0.071125001 -0.190375 0.351125
0.071125001 -0.190625 0.35187501
0.072875001 -0.190125 0.349125
0.072624996 -0.190125 0.349875
0.072875001 -0.18987501 0.351125
0.074874997 -0.189125 0.35512501
0.074874997 -0.189125 0.35587499
0.074874997 -0.189125 0.356875
0.074874997 -0.189125 0.35387501
0.074124999 -0.189375 0.35512501
0.072624996 -0.190125 0.35587499
0.074124999 -0.189375 0.35587499
0.076375 -0.176125 0.374125
0.075874999 -0.176875 0.36987501
0.076125003 -0.176125 0.36987501
0.076125003 -0.176125 0.370875
0.075374998 -0.179125 0.370875
0.074874997 -0.180125 0.372125
0.075374998 -0.179125 0.372125
0.076375 -0.176125 0.37287501
0.075874999 -0.17812499 0.37287501
0.076125003 -0.179125 0.374125
0.075874999 -0.177875 0.372125
0.076125003 -0.17712501 0.37187499
0.076125003 -0.176125 0.372125
0.076125003 -0.176875 0.37287501
0.075874999 -0.177875 0.36987501
0.075874999 -0.177875 0.370875
0.075874999 -0.176875 0.370875
0.072875001 -0.182125 0.37612501
0.074124999 -0.181125 0.37612501
0.074124999 -0.181125 0.37687501
0.074124999 -0.181125 0.37812501
0.072875001 -0.182125 0.37687501
0.072875001 -0.18187501 0.37812501
0.072125003 -0.182125 0.379125
0.073875003 -0.181125 0.379125
0.071874999 -0.182625 0.37812501
0.072875001 -0.18162499 0.379125
0.074874997 -0.180125 0.37687501
0.076125003 -0.179125 0.37687501
0.074874997 -0.180125 0.37812501
0.072125003 -0.183375 0.374125
0.071874999 -0.183125 0.37487501
0.073124997 -0.182125 0.374125
0.074124999 -0.181375 0.37487501
0.072875001 -0.182125 0.37487501
0.075125001 -0.18037499 0.37612501
0.074874997 -0.181125 0.374125
0.074124999 -0.18162499 0.374125
0.074874997 -0.18062501 0.37487501
0.073875003 -0.18187501 0.370875
0.073875003 -0.18187501 0.372125
0.073875003 -0.18187501 0.37287501
0.074874997 -0.180125 0.370875
0.074625 -0.181125 0.372125
0.074625 -0.180875 0.37287501
0.076125003 -0.17937499 0.37612501
0.076875001 -0.176125 0.37687501
0.077124998 -0.176125 0.37812501
0.076624997 -0.177875 0.37812501
0.076875001 -0.176875 0.37812501
0.076375 -0.177875 0.379125
0.076624997 -0.176875 0.379125
0.076624997 -0.177875 0.37687501
0.076624997 -0.176875 0.37487501
0.076624997 -0.176875 0.37612501
0.076624997 -0.176125 0.37487501
0.076875001 -0.176125 0.37612501
0.076875001 -0.176875 0.37687501
0.076624997 -0.177875 0.37612501
0.075874999 -0.179125 0.37812501
0.074874997 -0.179875 0.379125
0.075874999 -0.179125 0.379125
0.075625002 -0.179875 0.37487501
0.076375 -0.179125 0.37487501
0.075874999 -0.179875 0.37387499
0.075374998 -0.179875 0.37287501
0.075874999 -0.179125 0.37287501
0.076375 -0.177875 0.374125
0.076375 -0.176875 0.374125
0.076624997 -0.177875 0.37487501
0.074874997 -0.181125 0.36912501
0.076375 -0.176875 0.36787501
0.076375 -0.176125 0.36787501
0.076624997 -0.176875 0.367125
0.076375 -0.177875 0.36787501
0.076875001 -0.177875 0.36587501
0.076624997 -0.177875 0.367125
0.075374998 -0.179125 0.36987501
0.074375004 -0.181125 0.370875
0.074874997 -0.180125 0.36987501
0.075374998 -0.179875 0.36912501
0.076125003 -0.179875 0.36812499
0.075874999 -0.179125 0.368875
0.076125003 -0.177875 0.36912501
0.076125003 -0.176875 0.36912501
0.076125003 -0.176125 0.36912501
0.076375 -0.179125 0.36287501
0.076624997 -0.179875 0.363875
0.076624997 -0.179125 0.363875
0.076624997 -0.179125 0.365125
0.076125003 -0.177875 0.36212501
0.076375 -0.177875 0.36287501
0.076375 -0.177875 0.363875
0.076624997 -0.177875 0.365125
0.076624997 -0.176875 0.365125
0.076624997 -0.176875 0.36587501
0.076875001 -0.181125 0.36587501
0.076875001 -0.181125 0.365125
0.076624997 -0.18187501 0.36212501
0.076875001 -0.183125 0.36287501
0.076875001 -0.18187501 0.36287501
0.076875001 -0.18187501 0.363875
0.076624997 -0.181125 0.36287501
0.076875001 -0.181125 0.363875
0.076875001 -0.179875 0.365125
0.076624997 -0.179875 0.36587501
0.076875001 -0.179125 0.36587501
0.076624997 -0.179875 0.367125
0.076624997 -0.179125 0.367125
0.076375 -0.179125 0.36787501
0.073875003 -0.18387499 0.36687499
0.073875003 -0.18187501 0.36987501
0.074375004 -0.181125 0.36987501
0.073875003 -0.183125 0.36787501
0.074124999 -0.182125 0.36912501
0.074874997 -0.182125 0.36787501
0.075874999 -0.183125 0.36687499
0.072875001 -0.184375 0.367125
0.072875001 -0.18512499 0.36587501
0.072875001 -0.185875 0.36487499
0.074124999 -0.184875 0.36562499
0.074124999 -0.185625 0.365125
0.074874997 -0.18537501 0.365125
0.074124999 -0.186125 0.36412501
0.074874997 -0.186125 0.36412501
0.074874997 -0.183375 0.367125
0.074874997 -0.18412501 0.36612499
0.075874999 -0.18387499 0.36587501
0.076125003 -0.18512499 0.365125
0.076624997 -0.18387499 0.365125
0.075874999 -0.181125 0.36787501
0.076125003 -0.18187501 0.367125
0.076624997 -0.181125 0.367125
0.076624997 -0.183125 0.36587501
0.076875001 -0.183125 0.36487499
0.076875001 -0.18187501 0.365125
0.076875001 -0.18187501 0.36587501
0.077124998 -0.183125 0.363875
0.076624997 -0.172875 0.37487501
0.076875001 -0.174125 0.37612501
0.076875001 -0.172875 0.37612501
0.076875001 -0.174125 0.37687501
0.076875001 -0.174125 0.37487501
0.076624997 -0.172125 0.37487501
0.076624997 -0.172125 0.37612501
0.076875001 -0.172875 0.37687501
0.076875001 -0.172125 0.37687501
0.076875001 -0.172875 0.377875
0.077124998 -0.172875 0.379125
0.076624997 -0.17487501 0.37487501
0.076875001 -0.17487501 0.37612501
0.076375 -0.174125 0.372125
0.076375 -0.172875 0.372125
0.076125003 -0.174125 0.370875
0.076375 -0.17487501 0.372125
0.076624997 -0.172875 0.37287501
0.076624997 -0.174125 0.374125
0.076624997 -0.172875 0.374125
0.076624997 -0.174125 0.37287501
0.076375 -0.17487501 0.37287501
0.076624997 -0.17487501 0.374125
0.076125003 -0.17487501 0.36987501
0.076125003 -0.17487501 0.370875
0.077124998 -0.17487501 0.37812501
0.077124998 -0.174125 0.37812501
0.077124998 -0.17487501 0.379125
0.077124998 -0.174125 0.379125
0.077124998 -0.17487501 0.37687501
0.076375 -0.17487501 0.36787501
0.076624997 -0.176125 0.367125
0.076375 -0.185875 0.35512501
0.076375 -0.18512499 0.35512501
0.076624997 -0.185875 0.35587499
0.076375 -0.18512499 0.35587499
0.076624997 -0.185875 0.356875
0.076624997 -0.18512499 0.356875
0.076624997 -0.185875 0.358125
0.076375 -0.181125 0.36087501
0.076125003 -0.177875 0.36012501
0.076125003 -0.179125 0.36087501
0.076125003 -0.177875 0.35887501
0.076375 -0.181125 0.36012501
0.076375 -0.179875 0.36012501
0.076125003 -0.179125 0.36012501
0.076375 -0.179875 0.36087501
0.076375 -0.179875 0.36212501
0.076375 -0.179125 0.36212501
0.076624997 -0.179875 0.36287501
0.076375 -0.181125 0.36212501
0.076624997 -0.18187501 0.36012501
0.076624997 -0.18187501 0.36087501
0.076624997 -0.183125 0.36012501
0.076624997 -0.183125 0.36087501
0.076875001 -0.183125 0.36212501
0.076375 -0.183125 0.358125
0.075874999 -0.18187501 0.35387501
0.076125003 -0.183125 0.35512501
0.075874999 -0.182125 0.35512501
0.076125003 -0.183125 0.35587499
0.076125003 -0.18187501 0.35587499
0.076375 -0.183125 0.356875
0.076125003 -0.18187501 0.356875
0.076375 -0.18187501 0.358125
0.076375 -0.18187501 0.35887501
0.076624997 -0.183125 0.35887501
0.076375 -0.18387499 0.35587499
0.072875001 -0.187125 0.36287501
0.072875001 -0.186625 0.363875
0.074124999 -0.187125 0.36287501
0.074874997 -0.187125 0.36287501
0.074874997 -0.188125 0.36112499
0.074124999 -0.188125 0.361875
0.074874997 -0.18762501 0.36212501
0.072875001 -0.188375 0.36087501
0.074124999 -0.188375 0.36087501
0.072875001 -0.188125 0.361875
0.076875001 -0.18512499 0.362625
0.076875001 -0.18512499 0.363875
0.076875001 -0.18412501 0.363875
0.076875001 -0.185875 0.36212501
0.076875001 -0.185875 0.36012501
0.076875001 -0.18512499 0.36012501
0.076875001 -0.18537501 0.36087501
0.076875001 -0.185875 0.36087501
0.076125003 -0.187125 0.36212501
0.075874999 -0.187875 0.360625
0.076125003 -0.186125 0.363875
0.075874999 -0.186875 0.362625
0.076624997 -0.185875 0.36287501
0.076875001 -0.186875 0.36087501
0.074874997 -0.188875 0.35787499
0.074124999 -0.189375 0.358125
0.074124999 -0.189125 0.35887501
0.074625 -0.188875 0.35887501
0.074874997 -0.18862499 0.36012501
0.076375 -0.18387499 0.356875
0.076624997 -0.18512499 0.358125
0.076624997 -0.18387499 0.358125
0.076875001 -0.185875 0.35887501
0.076624997 -0.18512499 0.35887501
0.076624997 -0.18387499 0.35887501
0.076624997 -0.187125 0.35887501
0.076875001 -0.186875 0.36012501
0.076375 -0.187125 0.35387501
0.076375 -0.187125 0.35512501
0.076624997 -0.187125 0.35587499
0.076624997 -0.187125 0.356875
0.076624997 -0.187125 0.358125
0.076125003 -0.188125 0.36012501
0.076125003 -0.188125 0.35887501
0.077124998 -0.18512499 0.36212501
0.077124998 -0.18387499 0.36287501
0.076624997 -0.18387499 0.36012501
0.076875001 -0.18387499 0.36087501
0.076875001 -0.18412501 0.36212501
0.074874997 -0.188875 0.351125
0.074874997 -0.188875 0.35187501
0.074874997 -0.189125 0.35312501
0.074124999 -0.189375 0.35187501
0.076125003 -0.188125 0.35312501
0.076375 -0.187125 0.35187501
0.076375 -0.187125 0.35312501
0.074124999 -0.18962499 0.34687501
0.074124999 -0.189375 0.347875
0.076125003 -0.185875 0.349125
0.076125003 -0.186875 0.349875
0.076125003 -0.186875 0.351125
0.075874999 -0.187875 0.34687501
0.075874999 -0.187875 0.34812501
0.076125003 -0.186875 0.349125
0.074124999 -0.189375 0.349875
0.074124999 -0.189375 0.351125
0.074124999 -0.189375 0.349125
0.074874997 -0.188875 0.349125
0.074874997 -0.189125 0.349875
0.074874997 -0.188875 0.34812501
0.076125003 -0.188125 0.35187501
0.075874999 -0.187875 0.34887499
0.075874999 -0.187875 0.349875
0.075874999 -0.187875 0.351125
0.075874999 -0.183125 0.35187501
0.075874999 -0.183125 0.35312501
0.076125003 -0.183125 0.35387501
0.076125003 -0.18512499 0.35312501
0.076125003 -0.18387499 0.35312501
0.076375 -0.185875 0.35387501
0.076375 -0.18512499 0.35387501
0.076125003 -0.18387499 0.35387501
0.076375 -0.18387499 0.35512501
0.076125003 -0.185875 0.349875
0.075874999 -0.18512499 0.349875
0.076125003 -0.185875 0.351125
0.076125003 -0.18512499 0.351125
0.075874999 -0.18387499 0.351125
0.076125003 -0.185875 0.35187501
0.076125003 -0.18512499 0.35187501
0.076125003 -0.18387499 0.35187501
0.076375 -0.185875 0.35312501
0.076125003 -0.188125 0.35512501
0.076125003 -0.188125 0.35587499
0.076125003 -0.188125 0.356875
0.076125003 -0.188125 0.358125
0.076125003 -0.188125 0.35387501
0.072375 -0.15387499 0.379875
0.072624996 -0.15387499 0.381125
0.071874999 -0.15387499 0.374125
0.071874999 -0.15412501 0.37487501
0.072125003 -0.15387499 0.37612501
0.072125003 -0.154875 0.37612501
0.071874999 -0.15387499 0.37687501
0.072125003 -0.15387499 0.37812501
0.072375 -0.15387499 0.379125
0.072375 -0.154875 0.37812501
0.072375 -0.154875 0.37687501
0.071874999 -0.15387499 0.36987501
0.072375 -0.154875 0.370875
0.071874999 -0.15387499 0.370875
0.072375 -0.154875 0.372125
0.071874999 -0.15387499 0.37187499
0.071874999 -0.15412501 0.37287501
0.072624996 -0.155875 0.372125
0.072875001 -0.157125 0.37287501
0.072624996 -0.155875 0.37287501
0.072125003 -0.154875 0.37287501
0.073375002 -0.157125 0.36987501
0.073375002 -0.157125 0.370875
0.072875001 -0.15612499 0.370875
0.072875001 -0.157125 0.372125
0.072875001 -0.155875 0.36912501
0.072624996 -0.154875 0.36912501
0.072624996 -0.154875 0.36987501
0.072624996 -0.154875 0.367125
0.072875001 -0.155875 0.367625
0.072624996 -0.154875 0.36787501
0.073624998 -0.157125 0.36912501
0.072875001 -0.155875 0.36987501
0.073375002 -0.157125 0.367125
0.073624998 -0.157125 0.36787501
0.073624998 -0.157875 0.365125
0.072875001 -0.15612499 0.363875
0.072375 -0.154875 0.363875
0.073375002 -0.157125 0.365125
0.072875001 -0.155875 0.36087501
0.073375002 -0.157125 0.36212501
0.072875001 -0.15612499 0.36212501
0.072624996 -0.154875 0.36212501
0.073375002 -0.157125 0.36287501
0.072875001 -0.15612499 0.36287501
0.072624996 -0.154875 0.36287501
0.073375002 -0.157125 0.363875
0.073624998 -0.157875 0.36587501
0.073875003 -0.159375 0.367125
0.073624998 -0.157875 0.367125
0.074124999 -0.159125 0.36787501
0.073875003 -0.157875 0.36787501
0.073875003 -0.158125 0.36912501
0.073624998 -0.157125 0.36012501
0.074625 -0.159125 0.36087501
0.074124999 -0.157875 0.36087501
0.073375002 -0.157125 0.36087501
0.073875003 -0.158125 0.36212501
0.073875003 -0.158125 0.36287501
0.074625 -0.159125 0.35887501
0.074874997 -0.15987501 0.35887501
0.075125001 -0.16187499 0.36012501
0.074874997 -0.161125 0.36012501
0.074874997 -0.15987501 0.36012501
0.074874997 -0.160125 0.36212501
0.074625 -0.159125 0.36212501
0.074375004 -0.159125 0.36287501
0.073875003 -0.158125 0.363875
0.074625 -0.15987501 0.36287501
0.074625 -0.15987501 0.363875
0.074124999 -0.159125 0.363875
0.074874997 -0.161125 0.365125
0.074375004 -0.15987501 0.365125
0.075125001 -0.161125 0.36087501
0.074874997 -0.160125 0.36087501
0.074874997 -0.159125 0.358125
0.074625 -0.157875 0.358125
0.074874997 -0.15987501 0.356875
0.074874997 -0.159125 0.356875
0.074625 -0.157875 0.356875
0.074124999 -0.18387499 0.33912501
0.072875001 -0.183125 0.338375
0.074124999 -0.183125 0.33862501
0.072875001 -0.182125 0.337625
0.071874999 -0.18187501 0.33737499
0.071874999 -0.181375 0.33687499
0.073875003 -0.18187501 0.33787501
0.072624996 -0.181125 0.337125
0.074874997 -0.181125 0.33787501
0.075125001 -0.181125 0.33912501
0.075125001 -0.179875 0.33912501
0.075125001 -0.181125 0.33987501
0.074874997 -0.180125 0.33787501
0.075125001 -0.18187501 0.338875
0.074124999 -0.181125 0.33737499
0.073875003 -0.179875 0.337125
0.074874997 -0.183125 0.33912501
0.074874997 -0.18412501 0.339625
0.075125001 -0.183125 0.33987501
0.075125001 -0.18187501 0.33987501
0.075125001 -0.181125 0.34112501
0.069875002 -0.187875 0.34312499
0.069875002 -0.188375 0.34387499
0.071125001 -0.188375 0.34387499
0.071874999 -0.188375 0.34387499
0.072875001 -0.188375 0.34387499
0.071125001 -0.189125 0.34487501
0.071125001 -0.187875 0.34312499
0.072875001 -0.187125 0.34187499
0.071874999 -0.188125 0.342875
0.072875001 -0.188125 0.342875
0.074124999 -0.188125 0.342875
0.074124999 -0.188375 0.34387499
0.071874999 -0.189125 0.34487501
0.072875001 -0.189125 0.34487501
0.074874997 -0.187875 0.34312499
0.076125003 -0.187125 0.34387499
0.075874999 -0.186875 0.342875
0.074124999 -0.185875 0.34112501
0.074874997 -0.185875 0.34112501
0.073875003 -0.187125 0.342125
0.074874997 -0.186875 0.342125
0.075374998 -0.18187501 0.342875
0.075374998 -0.18387499 0.34387499
0.075374998 -0.183125 0.34387499
0.075374998 -0.18187501 0.34387499
0.075374998 -0.18387499 0.34487501
0.075374998 -0.183125 0.34487501
0.075374998 -0.18387499 0.34587499
0.075374998 -0.183125 0.34587499
0.075374998 -0.18387499 0.34187499
0.075374998 -0.183125 0.34187499
0.075374998 -0.18187501 0.34187499
0.075374998 -0.18512499 0.342875
0.075374998 -0.18387499 0.342875
0.075374998 -0.183125 0.342875
0.075374998 -0.18512499 0.34387499
0.075374998 -0.18387499 0.34112501
0.075374998 -0.183125 0.34112501
0.075125001 -0.18187501 0.34112501
0.075374998 -0.18512499 0.34187499
0.075874999 -0.185875 0.342875
0.075874999 -0.185875 0.344125
0.075374998 -0.18512499 0.34112501
0.074874997 -0.18512499 0.34037501
0.075374998 -0.185875 0.34187499
0.071874999 -0.18962499 0.34687501
0.071125001 -0.18987501 0.34812501
0.071874999 -0.190125 0.34812501
0.072875001 -0.189375 0.34587499
0.072875001 -0.18962499 0.34687501
0.072875001 -0.18987501 0.34812501
0.074124999 -0.189375 0.34587499
0.074874997 -0.189125 0.34612501
0.074874997 -0.189125 0.34687501
0.074124999 -0.189125 0.34487501
0.074874997 -0.189125 0.344625
0.075874999 -0.187125 0.34487501
0.075874999 -0.185875 0.34487501
0.075874999 -0.185875 0.34612501
0.075874999 -0.185875 0.34687501
0.075874999 -0.185875 0.34812501
0.076125003 -0.186875 0.34612501
0.075874999 -0.187875 0.34612501
0.076125003 -0.186875 0.34687501
0.075874999 -0.187125 0.34812501
0.074874997 -0.188375 0.34387499
0.076125003 -0.188125 0.34487501
0.075374998 -0.187875 0.34387499
0.063124999 -0.14687499 0.330125
0.064374998 -0.145125 0.33212501
0.064374998 -0.145125 0.332625
0.064125001 -0.145125 0.330125
0.063625 -0.14587501 0.330625
0.063375004 -0.14587501 0.330125
0.064125001 -0.145125 0.33087501
0.065375 -0.142875 0.330125
0.065624997 -0.142875 0.33087501
0.064625002 -0.142875 0.328125
0.064874999 -0.144125 0.33212501
0.064874999 -0.144125 0.33287501
0.064874999 -0.144125 0.33412501
0.065875001 -0.142875 0.33212501
0.064874999 -0.144125 0.33087501
0.065624997 -0.142875 0.332625
0.066124998 -0.14137501 0.32862499
0.065875001 -0.142125 0.32987499
0.066624999 -0.14137501 0.330125
0.066375002 -0.14237501 0.330625
0.066875003 -0.14112499 0.33087501
0.067125 -0.14137501 0.33212501
0.064625002 -0.14587501 0.33787501
0.064874999 -0.145125 0.337625
0.064625002 -0.14687499 0.33912501
0.064874999 -0.14587501 0.33912501
0.065125003 -0.145125 0.33912501
0.064874999 -0.14687499 0.33987501
0.064874999 -0.146125 0.339625
0.065375 -0.145125 0.33987501
0.064625002 -0.14687499 0.34112501
0.065125003 -0.14587501 0.34112501
0.065375 -0.14587501 0.34187499
0.065125003 -0.144125 0.33787501
0.065875001 -0.142125 0.337625
0.065624997 -0.142875 0.34112501
0.065875001 -0.144125 0.342125
0.065875001 -0.145125 0.342875
0.065875001 -0.144375 0.34262499
0.065375 -0.144375 0.33912501
0.065624997 -0.144375 0.33987501
0.065375 -0.145125 0.34112501
0.065624997 -0.144375 0.34112501
0.065624997 -0.145125 0.34187499
0.065624997 -0.145125 0.344125
0.065875001 -0.146125 0.344625
0.066124998 -0.145125 0.34487501
0.065875001 -0.14687499 0.34587499
0.066375002 -0.14687499 0.34687501
0.066375002 -0.14587501 0.34687501
0.066624999 -0.145125 0.34687501
0.066624999 -0.14687499 0.347875
0.066624999 -0.14587501 0.347875
0.066875003 -0.14587501 0.349125
0.067125 -0.14587501 0.349875
0.067874998 -0.145125 0.35187501
0.065125003 -0.14912499 0.344125
0.065375 -0.14812499 0.34387499
0.065624997 -0.14687499 0.34387499
0.065875001 -0.14587501 0.344125
0.065624997 -0.14812499 0.34487501
0.065875001 -0.14687499 0.34487501
0.065624997 -0.14812499 0.34587499
0.064374998 -0.14812499 0.33987501
0.064625002 -0.14812499 0.34112501
0.064625002 -0.14912499 0.34187499
0.064625002 -0.14812499 0.342125
0.065125003 -0.14687499 0.342125
0.064625002 -0.14912499 0.342875
0.065125003 -0.14812499 0.342875
0.065375 -0.14687499 0.342875
0.065624997 -0.14587501 0.342875
0.064374998 -0.149875 0.33987501
0.064374998 -0.14912499 0.33987501
0.064374998 -0.149875 0.34112501
0.064625002 -0.14912499 0.34112501
0.064625002 -0.149875 0.34187499
0.064874999 -0.149875 0.342875
0.066375002 -0.144375 0.34387499
0.066375002 -0.144375 0.34487501
0.067125 -0.143125 0.34587499
0.063874997 -0.14687499 0.335125
0.064374998 -0.14587501 0.335125
0.064125001 -0.14712501 0.335875
0.064374998 -0.14587501 0.335875
0.064874999 -0.145125 0.337125
0.064625002 -0.145125 0.335125
0.064625002 -0.145125 0.335875
0.064874999 -0.144125 0.335125
0.063874997 -0.14812499 0.335125
0.064125001 -0.14687499 0.337125
0.064625002 -0.14587501 0.337125
0.064374998 -0.14687499 0.33787501
0.064374998 -0.14812499 0.33912501
0.063375004 -0.14812499 0.330625
0.063625 -0.14812499 0.33212501
0.063874997 -0.14812499 0.33287501
0.063375004 -0.14687499 0.330625
0.063625 -0.14687499 0.33212501
0.063874997 -0.14937501 0.33212501
0.064125001 -0.146125 0.33287501
0.063874997 -0.14687499 0.33412501
0.064125001 -0.14587501 0.33412501
0.064625002 -0.145125 0.33412501
0.063874997 -0.14587501 0.33212501
0.063874997 -0.14687499 0.33287501
0.063874997 -0.14812499 0.33412501
0.064125001 -0.14912499 0.33412501
0.064125001 -0.14912499 0.335125
0.064125001 -0.14912499 0.332625
0.064874999 -0.150875 0.33287501
0.064625002 -0.149875 0.332625
0.063874997 -0.150125 0.33087501
0.064374998 -0.150875 0.33212501
0.064125001 -0.149875 0.33212501
0.064874999 -0.144375 0.335875
0.064874999 -0.144375 0.337125
0.065375 -0.142875 0.337125
0.065624997 -0.142875 0.33787501
0.065624997 -0.142875 0.33912501
0.065624997 -0.142875 0.33987501
0.064125001 -0.14812499 0.337125
0.064374998 -0.14912499 0.33787501
0.064125001 -0.14812499 0.33787501
0.064374998 -0.14912499 0.33912501
0.064374998 -0.149875 0.33912501
0.063874997 -0.14812499 0.335875
0.064125001 -0.14912499 0.337125
0.064625002 -0.149875 0.335875
0.064125001 -0.14912499 0.335875
0.064625002 -0.149875 0.337125
0.064374998 -0.149875 0.33787501
0.064874999 -0.151125 0.337125
0.064874999 -0.150125 0.33412501
0.064625002 -0.150125 0.335125
0.065125003 -0.150875 0.335125
0.065624997 -0.152125 0.335875
0.064874999 -0.150875 0.335875
0.065624997 -0.152125 0.335125
0.064874999 -0.152125 0.332625
0.065375 -0.152125 0.33412501
0.065125003 -0.150875 0.33412501
0.069124997 -0.144125 0.35887501
0.069375001 -0.144375 0.36012501
0.069624998 -0.14587501 0.358125
0.069124997 -0.145125 0.358125
0.069375001 -0.145125 0.35887501
0.069624998 -0.14687499 0.36087501
0.069624998 -0.14812499 0.36212501
0.069624998 -0.14687499 0.36212501
0.069875002 -0.14912499 0.36087501
0.069875002 -0.14812499 0.36087501
0.069624998 -0.14937501 0.36212501
0.069875002 -0.14812499 0.35987499
0.069875002 -0.14687499 0.36012501
0.070375003 -0.14912499 0.35887501
0.070124999 -0.14912499 0.36012501
0.069875002 -0.144125 0.36362499
0.069624998 -0.145125 0.36212501
0.069624998 -0.144375 0.36212501
0.069875002 -0.145125 0.36287501
0.069875002 -0.145125 0.363875
0.069375001 -0.145125 0.36012501
0.069624998 -0.145125 0.36087501
0.069624998 -0.144375 0.36087501
0.069624998 -0.14687499 0.36287501
0.069624998 -0.14587501 0.36287501
0.069624998 -0.14587501 0.363875
0.069624998 -0.14587501 0.36087501
0.069624998 -0.14587501 0.36212501
0.069624998 -0.14587501 0.36012501
0.069875002 -0.14712501 0.358125
0.069624998 -0.14712501 0.35887501
0.069624998 -0.14587501 0.35887501
0.068875 -0.14912499 0.35287499
0.068875 -0.14812499 0.35312501
0.068625003 -0.14687499 0.35312501
0.068374999 -0.14587501 0.35312501
0.069375001 -0.14812499 0.35387501
0.068875 -0.14687499 0.353625
0.068625003 -0.144375 0.35512501
0.069375001 -0.14587501 0.35587499
0.068875 -0.145375 0.35587499
0.069875002 -0.14712501 0.356875
0.069624998 -0.14587501 0.356875
0.069124997 -0.145125 0.35662499
0.069624998 -0.14687499 0.35512501
0.069124997 -0.14587501 0.354875
0.068625003 -0.145125 0.35512501
0.069624998 -0.14687499 0.35587499
0.067874998 -0.145125 0.35287499
0.068875 -0.146125 0.35387501
0.068374999 -0.145125 0.35387501
0.069875002 -0.14812499 0.355625
0.069375001 -0.149875 0.35312501
0.069624998 -0.14912499 0.35387501
0.069624998 -0.14912499 0.35512501
0.069875002 -0.14812499 0.35512501
0.070124999 -0.14912499 0.35587499
0.070375003 -0.14912499 0.358125
0.070124999 -0.14812499 0.358125
0.070124999 -0.14812499 0.35887501
0.070375003 -0.14912499 0.356875
0.070124999 -0.14812499 0.356875
0.069624998 -0.151125 0.35312501
0.069624998 -0.150125 0.35387501
0.069875002 -0.149875 0.354875
0.070375003 -0.150875 0.35387501
0.070625 -0.150875 0.35512501
0.070375003 -0.149875 0.35587499
0.070375003 -0.152125 0.35312501
0.071125001 -0.153125 0.35387501
0.070625 -0.152125 0.35387501
0.069624998 -0.14687499 0.363875
0.070124999 -0.14812499 0.365125
0.070124999 -0.14687499 0.365125
0.070124999 -0.14587501 0.365125
0.070375003 -0.14812499 0.36587501
0.070375003 -0.14687499 0.36587501
0.070625 -0.14912499 0.367125
0.070124999 -0.14912499 0.363875
0.069624998 -0.14812499 0.363875
0.070375003 -0.14912499 0.365125
0.070375003 -0.14912499 0.36587501
0.069875002 -0.14937501 0.36287501
0.069875002 -0.14812499 0.36287501
0.070375003 -0.149875 0.363875
0.070874996 -0.151125 0.365125
0.070375003 -0.149875 0.365125
0.070874996 -0.151125 0.36587501
0.070625 -0.149875 0.36587501
0.070874996 -0.149875 0.367125
0.071125001 -0.152125 0.36212501
0.070124999 -0.149875 0.36287501
0.070375003 -0.149875 0.36087501
0.070625 -0.150875 0.36212501
0.070124999 -0.149875 0.36212501
0.070375003 -0.149875 0.35887501
0.070874996 -0.150875 0.36012501
0.070375003 -0.149875 0.36012501
0.070625 -0.150875 0.36087501
0.071625002 -0.153125 0.36287501
0.071625002 -0.153125 0.363875
0.071125001 -0.152125 0.363875
0.071125001 -0.152125 0.365125
0.071125001 -0.153125 0.35887501
0.071374997 -0.153125 0.36012501
0.071374997 -0.153125 0.36087501
0.071625002 -0.153125 0.36212501
0.071125001 -0.152125 0.36287501
0.070625 -0.150875 0.36287501
0.070625 -0.150875 0.363875
0.071374997 -0.152125 0.36587501
0.071874999 -0.153125 0.367125
0.071374997 -0.152125 0.367125
0.071874999 -0.153375 0.367625
0.071874999 -0.153375 0.36912501
0.071625002 -0.153125 0.365125
0.071125001 -0.150875 0.367125
0.071374997 -0.152125 0.36787501
0.071125001 -0.150875 0.36787501
0.071374997 -0.152125 0.36912501
0.071625002 -0.153125 0.36587501
0.070874996 -0.152125 0.35887501
0.070625 -0.150875 0.35887501
0.071125001 -0.152125 0.36012501
0.071125001 -0.152125 0.36087501
0.070375003 -0.149875 0.356875
0.070874996 -0.152125 0.358125
0.070625 -0.150875 0.358125
0.070375003 -0.149875 0.358125
0.070874996 -0.152375 0.35587499
0.070625 -0.150875 0.35587499
0.070874996 -0.152375 0.356875
0.070625 -0.150875 0.356875
0.071125001 -0.153125 0.35512501
0.070874996 -0.152375 0.35512501
0.071125001 -0.153125 0.35587499
0.071125001 -0.153125 0.356875
0.071125001 -0.153125 0.358125
0.070874996 -0.153125 0.35312501
0.063124999 -0.153125 0.32887501
0.064125001 -0.150875 0.330625
0.064625002 -0.152125 0.33212501
0.066375002 -0.14912499 0.34687501
0.066375002 -0.14812499 0.34687501
0.066624999 -0.14812499 0.347875
0.067125 -0.14812499 0.34887499
0.066875003 -0.14687499 0.349125
0.067374997 -0.14687499 0.349875
0.067625001 -0.14587501 0.351125
0.065375 -0.14912499 0.34487501
0.065875001 -0.14912499 0.34612501
0.066875003 -0.14912499 0.34812501
0.067374997 -0.14912499 0.349125
0.067874998 -0.149875 0.34962499
0.067874998 -0.14912499 0.349875
0.067625001 -0.14812499 0.349875
0.068625003 -0.149875 0.351125
0.068374999 -0.14912499 0.351125
0.067874998 -0.14812499 0.35087499
0.067874998 -0.14687499 0.351125
0.069124997 -0.149875 0.35187501
0.068625003 -0.14912499 0.35187501
0.068374999 -0.14812499 0.35187501
0.067874998 -0.14687499 0.351625
0.067625001 -0.146125 0.35187501
0.068374999 -0.152125 0.347875
0.067874998 -0.151125 0.34812501
0.067125 -0.149875 0.347875
0.067874998 -0.150875 0.34887499
0.067625001 -0.149875 0.349125
0.068625003 -0.150875 0.349875
0.065375 -0.152125 0.342875
0.065624997 -0.152125 0.344125
0.066624999 -0.152125 0.34487501
0.065624997 -0.151125 0.34487501
0.067125 -0.152125 0.34587499
0.066624999 -0.150875 0.34587499
0.067874998 -0.152375 0.34687501
0.067125 -0.150875 0.346625
0.066624999 -0.149875 0.34687501
0.065375 -0.150875 0.34387499
0.064874999 -0.149875 0.34387499
0.065624997 -0.149875 0.34487501
0.065875001 -0.149875 0.34587499
0.068875 -0.152125 0.349125
0.069124997 -0.151875 0.349875
0.069624998 -0.152375 0.351125
0.069124997 -0.150875 0.35087499
0.069875002 -0.152125 0.351625
0.069624998 -0.150875 0.35187501
0.069624998 -0.153375 0.349125
0.069875002 -0.153125 0.34962499
0.070874996 -0.153375 0.351125
0.062875003 -0.152125 0.32862499
0.063625 -0.153125 0.330125
0.063625 -0.152125 0.330125
0.063625 -0.150875 0.330125
0.069124997 -0.153125 0.347875
0.064125001 -0.153125 0.330625
0.067625001 -0.153125 0.34612501
0.068875 -0.153375 0.34687501
0.070874996 -0.153375 0.351625
0.063375004 -0.14912499 0.330125
0.063375004 -0.14812499 0.330125
0.063625 -0.14912499 0.330625
0.063124999 -0.14912499 0.328125
0.063375004 -0.149875 0.32862499
0.063375004 -0.14912499 0.32862499
0.063625 -0.149875 0.330125
0.064125001 -0.152125 0.330625
0.064625002 -0.153125 0.33212501
0.062624998 -0.153125 0.328125
0.062875003 -0.152125 0.328125
0.062624998 -0.150875 0.328125
0.062875003 -0.149875 0.32787499
0.063375004 -0.150875 0.32862499
0.063124999 -0.14687499 0.328125
0.063124999 -0.14687499 0.32887501
0.062875003 -0.14812499 0.32787499
0.063124999 -0.14812499 0.32887501
0.063375004 -0.14587501 0.32862499
0.063375004 -0.14587501 0.328125
0.063874997 -0.145125 0.32887501
0.064874999 -0.150875 0.342125
0.064874999 -0.150875 0.34262499
0.064625002 -0.152125 0.34112501
0.064374998 -0.150875 0.34112501
0.064625002 -0.152125 0.342125
0.064625002 -0.150875 0.33787501
0.064625002 -0.150875 0.33912501
0.064874999 -0.153125 0.33912501
0.064625002 -0.152125 0.33987501
0.064874999 -0.152125 0.33787501
0.064874999 -0.152125 0.33912501
0.064625002 -0.150875 0.33987501
0.065125003 -0.152125 0.337125
0.065375 -0.153125 0.33787501
0.064874999 -0.153125 0.332625
0.065375 -0.153125 0.33412501
0.065624997 -0.153125 0.335125
0.064625002 -0.153125 0.34112501
0.065624997 -0.153125 0.342875
0.066624999 -0.153125 0.34387499
0.067125 -0.153125 0.344625
0.064625002 -0.153125 0.339625
0.065375 -0.153125 0.34187499
0.063874997 -0.145125 0.328125
0.064125001 -0.144125 0.328125
0.064625002 -0.144375 0.32862499
0.065624997 -0.153125 0.337125
0.065875001 -0.153125 0.335875
0.070124999 -0.144125 0.365125
0.070124999 -0.144125 0.36587501
0.070124999 -0.145125 0.36587501
0.070375003 -0.145125 0.367125
0.070375003 -0.144375 0.367125
0.070625 -0.14587501 0.36787501
0.070375003 -0.145125 0.36787501
0.070375003 -0.144375 0.36787501
0.072125003 -0.144125 0.379875
0.072375 -0.142875 0.379875
0.071374997 -0.145125 0.37612501
0.071625002 -0.145125 0.37687501
0.071625002 -0.145125 0.37812501
0.071874999 -0.145125 0.379125
0.071625002 -0.144375 0.37612501
0.071625002 -0.144375 0.37687501
0.071874999 -0.144125 0.37812501
0.071374997 -0.14587501 0.37612501
0.071625002 -0.14587501 0.37687501
0.071625002 -0.14587501 0.37812501
0.071625002 -0.14687499 0.37812501
0.071625002 -0.14687499 0.379125
0.071625002 -0.14587501 0.379125
0.071625002 -0.14912499 0.37812501
0.071625002 -0.14812499 0.37812501
0.071625002 -0.14812499 0.379125
0.071874999 -0.14812499 0.379875
0.071874999 -0.14912499 0.379125
0.071874999 -0.14912499 0.379875
0.072125003 -0.149875 0.381125
0.072125003 -0.14912499 0.381125
0.072125003 -0.14812499 0.381125
0.071874999 -0.145125 0.379875
0.072125003 -0.144125 0.381125
0.072375 -0.142875 0.381125
0.071874999 -0.14587501 0.381125
0.071874999 -0.145125 0.38087499
0.071874999 -0.14687499 0.38087499
0.071874999 -0.14687499 0.379875
0.071874999 -0.14587501 0.379875
0.070874996 -0.14687499 0.372125
0.070874996 -0.14587501 0.372125
0.071125001 -0.14812499 0.37287501
0.071125001 -0.14687499 0.37262499
0.071125001 -0.14587501 0.37287501
0.071125001 -0.14687499 0.374125
0.071125001 -0.14587501 0.374125
0.070375003 -0.14587501 0.36587501
0.070625 -0.14812499 0.367125
0.070625 -0.14687499 0.367125
0.070625 -0.14587501 0.367125
0.070874996 -0.14812499 0.36787501
0.070625 -0.14687499 0.36787501
0.070874996 -0.14912499 0.36787501
0.070874996 -0.14812499 0.36912501
0.070874996 -0.14687499 0.36912501
0.070874996 -0.14812499 0.36987501
0.070874996 -0.14812499 0.370875
0.070874996 -0.14687499 0.370875
0.070874996 -0.148375 0.372125
0.070874996 -0.14912499 0.36912501
0.071374997 -0.144375 0.37487501
0.070874996 -0.145125 0.370875
0.070874996 -0.145125 0.372125
0.071125001 -0.145125 0.37287501
0.071125001 -0.145125 0.374125
0.071374997 -0.144375 0.374125
0.071374997 -0.145125 0.37487501
0.070874996 -0.14587501 0.36912501
0.070625 -0.145125 0.36987501
0.070874996 -0.14687499 0.36987501
0.070874996 -0.14587501 0.36987501
0.071125001 -0.14812499 0.374125
0.071125001 -0.14812499 0.37487501
0.071374997 -0.14687499 0.37487501
0.071374997 -0.14587501 0.37487501
0.071374997 -0.14687499 0.37612501
0.071374997 -0.14687499 0.37687501
0.071125001 -0.14912499 0.374125
0.071125001 -0.149875 0.37487501
0.071374997 -0.149875 0.37612501
0.071374997 -0.14912499 0.37487501
0.071374997 -0.14912499 0.37612501
0.071374997 -0.14812499 0.37612501
0.071625002 -0.14912499 0.37687501
0.071625002 -0.14812499 0.37687501
0.071125001 -0.14912499 0.372125
0.071125001 -0.14912499 0.37287501
0.071374997 -0.149875 0.374125
0.071625002 -0.150875 0.37687501
0.071625002 -0.149875 0.37687501
0.071374997 -0.150875 0.37612501
0.071874999 -0.152125 0.37612501
0.071874999 -0.152125 0.37687501
0.071374997 -0.150875 0.37487501
0.071625002 -0.150875 0.37287501
0.071625002 -0.150875 0.374125
0.071874999 -0.152125 0.37487501
0.071625002 -0.152125 0.36987501
0.071374997 -0.150875 0.36987501
0.071125001 -0.149875 0.36987501
0.071625002 -0.152125 0.370875
0.071374997 -0.150875 0.370875
0.070874996 -0.14912499 0.36987501
0.071125001 -0.14912499 0.370875
0.071374997 -0.149875 0.37287501
0.071125001 -0.149875 0.370875
0.071625002 -0.150875 0.372125
0.071374997 -0.149875 0.372125
0.070874996 -0.150125 0.367625
0.071125001 -0.150875 0.36912501
0.071125001 -0.149875 0.36912501
0.071874999 -0.153125 0.37287501
0.071874999 -0.152125 0.37287501
0.071874999 -0.152125 0.374125
0.071625002 -0.153125 0.370875
0.071874999 -0.153125 0.372125
0.071874999 -0.152125 0.372125
0.071874999 -0.153125 0.36987501
0.071874999 -0.149875 0.379125
0.071874999 -0.150875 0.379875
0.071874999 -0.149875 0.379875
0.072125003 -0.150875 0.381125
0.071874999 -0.150875 0.37812501
0.071625002 -0.149875 0.37812501
0.071874999 -0.150875 0.379125
0.071874999 -0.152125 0.37812501
0.071874999 -0.152125 0.379125
0.072125003 -0.152125 0.379875
0.072125003 -0.152125 0.381125
0.072375 -0.153125 0.381125
0.071874999 -0.153125 0.37812501
0.071874999 -0.153125 0.379125
0.072125003 -0.153125 0.379875
0.071874999 -0.153375 0.37612501
0.071874999 -0.153125 0.37687501
0.071874999 -0.153125 0.374125
0.071874999 -0.153125 0.37487501
0.067874998 -0.144125 0.35287499
0.067625001 -0.142875 0.349875
0.066624999 -0.144375 0.34587499
0.066624999 -0.144375 0.34687501
0.067374997 -0.142875 0.349125
