# .PCD v0.7 - Point Cloud Data file format
VERSION 0.7
FIELDS x y z
SIZE 4 4 4
TYPE F F F
COUNT 1 1 1
WIDTH 3561
HEIGHT 1
VIEWPOINT 0 0 0 1 0 0 0
POINTS 3561
DATA ascii
0.046124998 -0.19337501 0.38312501
0.046875 -0.19312499 0.38312501
0.048124999 -0.19312499 0.382875
0.051125001 -0.192375 0.38312501
0.048625 -0.192625 0.38312501
0.050124999 -0.192375 0.38312501
0.053874999 -0.191375 0.38312501
0.051624998 -0.191625 0.38312501
0.053125001 -0.191375 0.38312501
0.055125002 -0.190625 0.38312501
0.072875001 -0.154875 0.38312501
0.072875001 -0.155875 0.38312501
0.073375002 -0.157125 0.38312501
0.074625 -0.161125 0.38312501
0.074375004 -0.15987501 0.38312501
0.073875003 -0.157875 0.38312501
0.074124999 -0.159125 0.38312501
0.074625 -0.16187499 0.38312501
0.074874997 -0.16312499 0.382875
0.076125003 -0.165125 0.382875
0.075374998 -0.163875 0.38312501
0.076375 -0.166875 0.38312501
0.076125003 -0.165875 0.38312501
0.058874998 -0.189375 0.38312501
0.057124998 -0.190375 0.38312501
0.055875 -0.190375 0.38312501
0.057875 -0.18987501 0.382875
0.060125001 -0.189125 0.38312501
0.064874999 -0.18762501 0.38312501
0.060625002 -0.188875 0.382875
0.062125001 -0.18862499 0.38312501
0.062875003 -0.188375 0.38312501
0.063874997 -0.187875 0.382875
0.065624997 -0.186875 0.382875
0.069875002 -0.18387499 0.38312501
0.070874996 -0.183125 0.38312501
0.071874999 -0.18187501 0.38312501
0.067125 -0.186125 0.38312501
0.068875 -0.18512499 0.38312501
0.067874998 -0.185625 0.38312501
0.072875001 -0.181125 0.382875
0.074124999 -0.180125 0.38312501
0.074874997 -0.179125 0.382875
0.076375 -0.176125 0.38312501
0.076624997 -0.17487501 0.38312501
0.075374998 -0.177875 0.38312501
0.075874999 -0.17712501 0.382875
0.076624997 -0.168125 0.38312501
0.076875001 -0.17012499 0.38312501
0.076875001 -0.16887499 0.382875
0.076875001 -0.172125 0.38312501
0.076875001 -0.170875 0.38312501
0.076875001 -0.172875 0.38312501
0.076875001 -0.174125 0.382875
0.072875001 -0.15387499 0.38312501
0.072125003 -0.14687499 0.38312501
0.072375 -0.14912499 0.38312501
0.072125003 -0.14812499 0.38312501
0.072375 -0.149875 0.38312501
0.072624996 -0.152125 0.38312501
0.072624996 -0.150875 0.38312501
0.072624996 -0.153125 0.38312501
0.051125001 -0.174125 0.43487501
0.049874999 -0.174125 0.435875
0.048625 -0.17462499 0.43487501
0.050124999 -0.174375 0.43487501
0.051125001 -0.17362501 0.43612501
0.046124998 -0.185625 0.416875
0.046124998 -0.184875 0.41787499
0.046124998 -0.18387499 0.418625
0.046124998 -0.18287501 0.419875
0.046875 -0.183375 0.41912499
0.046875 -0.184625 0.418125
0.048124999 -0.18412501 0.418125
0.046875 -0.18387499 0.41837499
0.046124998 -0.186125 0.416125
0.044875 -0.185875 0.41662499
0.046124998 -0.187125 0.414875
0.046875 -0.18537501 0.41712499
0.048124999 -0.18537501 0.41712499
0.046124998 -0.179125 0.42587501
0.046875 -0.17812499 0.42787501
0.046624999 -0.179125 0.425625
0.046124998 -0.178875 0.42712501
0.046875 -0.17837501 0.42712501
0.048124999 -0.177625 0.42787501
0.048124999 -0.178625 0.42587501
0.048875 -0.17812499 0.42587501
0.048124999 -0.17812499 0.42712501
0.045875002 -0.179875 0.423875
0.046875 -0.179875 0.42362499
0.046875 -0.17937499 0.425125
0.046124998 -0.18062501 0.423125
0.046875 -0.18062501 0.423125
0.048124999 -0.179125 0.425125
0.048124999 -0.179625 0.423875
0.048625 -0.178625 0.425125
0.046124998 -0.181125 0.42212501
0.046875 -0.181125 0.42212501
0.048124999 -0.181125 0.421875
0.048124999 -0.180125 0.423125
0.048875 -0.179875 0.42287499
0.048625 -0.180875 0.421875
0.050124999 -0.179875 0.42287499
0.051125001 -0.179625 0.423125
0.049874999 -0.177875 0.42587501
0.048875 -0.177875 0.426875
0.050124999 -0.177625 0.42712501
0.048625 -0.177375 0.42787501
0.050124999 -0.17837501 0.425125
0.051125001 -0.17812499 0.425125
0.051125001 -0.177625 0.42587501
0.050124999 -0.179125 0.423875
0.048625 -0.17937499 0.42412499
0.046875 -0.182375 0.42012501
0.046124998 -0.18187501 0.42087501
0.046875 -0.18187501 0.420625
0.048124999 -0.18187501 0.420625
0.048124999 -0.182375 0.42012501
0.048625 -0.182125 0.42012501
0.050124999 -0.182125 0.42012501
0.048625 -0.18162499 0.42087501
0.051125001 -0.17712501 0.42712501
0.050124999 -0.17712501 0.42787501
0.050875001 -0.176875 0.427625
0.050124999 -0.176875 0.42912501
0.051125001 -0.176625 0.42912501
0.051624998 -0.17937499 0.423125
0.051125001 -0.179125 0.42362499
0.050124999 -0.18162499 0.42087501
0.051125001 -0.181375 0.42112499
0.050124999 -0.180875 0.421875
0.051125001 -0.18037499 0.42212501
0.052875001 -0.179875 0.421875
0.051874999 -0.181125 0.42087501
0.051624998 -0.18037499 0.42212501
0.051874999 -0.177875 0.42487499
0.053125001 -0.17812499 0.423875
0.053624999 -0.177875 0.42362499
0.053125001 -0.177625 0.425125
0.053624999 -0.177375 0.425125
0.051624998 -0.177375 0.42587501
0.051624998 -0.178625 0.423875
0.052875001 -0.179125 0.42287499
0.053624999 -0.178875 0.42287499
0.051125001 -0.18412501 0.418125
0.048625 -0.183375 0.41912499
0.050124999 -0.183125 0.41887501
0.051125001 -0.183125 0.41887501
0.051125001 -0.182125 0.42012501
0.050124999 -0.18412501 0.418125
0.048124999 -0.183375 0.41912499
0.051874999 -0.18412501 0.418125
0.051874999 -0.183125 0.41887501
0.053125001 -0.183125 0.41887501
0.051874999 -0.182125 0.42012501
0.048625 -0.18412501 0.418125
0.048124999 -0.186125 0.416125
0.048875 -0.18537501 0.416875
0.050124999 -0.18512499 0.416875
0.051125001 -0.18512499 0.416875
0.048625 -0.18762501 0.41387501
0.048124999 -0.186875 0.414875
0.048875 -0.187125 0.41462499
0.050124999 -0.186875 0.41462499
0.048875 -0.186125 0.416125
0.050124999 -0.185875 0.41587499
0.048625 -0.188125 0.41312501
0.053125001 -0.185625 0.416125
0.051874999 -0.18512499 0.416875
0.053125001 -0.186125 0.41512501
0.053125001 -0.18512499 0.416875
0.053125001 -0.18412501 0.418125
0.053125001 -0.182125 0.42012501
0.053874999 -0.182125 0.42012501
0.053874999 -0.183125 0.41887501
0.053125001 -0.181125 0.42087501
0.053874999 -0.181125 0.42087501
0.053624999 -0.186125 0.414875
0.055125002 -0.186125 0.414875
0.053624999 -0.185625 0.416125
0.053874999 -0.18512499 0.416875
0.053874999 -0.18412501 0.418125
0.055125002 -0.18387499 0.41787499
0.055875 -0.18387499 0.41787499
0.055875 -0.186125 0.414875
0.055125002 -0.185625 0.416125
0.055875 -0.18537501 0.416125
0.055125002 -0.18512499 0.416875
0.055875 -0.18512499 0.41662499
0.056875002 -0.18537501 0.416125
0.057875 -0.18537501 0.416125
0.058874998 -0.18537501 0.416125
0.056875002 -0.184875 0.41662499
0.057875 -0.184875 0.41662499
0.058874998 -0.184625 0.416875
0.057124998 -0.186125 0.414875
0.060125001 -0.18537501 0.416125
0.044124998 -0.19212499 0.41087499
0.046124998 -0.19437499 0.40687501
0.044875 -0.194125 0.40762499
0.045875002 -0.19312499 0.40887499
0.046124998 -0.193625 0.407875
0.046875 -0.19337501 0.407875
0.044875 -0.19312499 0.409125
0.046875 -0.192625 0.409125
0.048124999 -0.188375 0.41312501
0.046124998 -0.190375 0.41187501
0.046875 -0.188875 0.412875
0.046124998 -0.187875 0.41387501
0.046875 -0.188125 0.413625
0.048124999 -0.187875 0.413625
0.046624999 -0.187125 0.414875
0.048625 -0.19112501 0.41087499
0.046875 -0.190375 0.41187501
0.048124999 -0.190125 0.41187501
0.048625 -0.189125 0.41187501
0.048625 -0.190125 0.411625
0.050124999 -0.190375 0.411125
0.048124999 -0.189125 0.41262501
0.050124999 -0.189125 0.41187501
0.051125001 -0.188875 0.411625
0.044875 -0.191875 0.41087499
0.046124998 -0.191375 0.411125
0.046875 -0.19112501 0.411125
0.047874998 -0.19112501 0.41087499
0.046124998 -0.192375 0.40987501
0.050124999 -0.191375 0.40987501
0.046875 -0.192375 0.40987501
0.044124998 -0.19312499 0.40962499
0.044875 -0.192625 0.40987501
0.048124999 -0.19212499 0.40962499
0.048625 -0.191625 0.40987501
0.048625 -0.192375 0.409125
0.050124999 -0.19212499 0.409125
0.048124999 -0.19312499 0.407875
0.048124999 -0.192625 0.409125
0.048875 -0.19312499 0.40762499
0.050124999 -0.192625 0.407875
0.051125001 -0.192375 0.407875
0.051874999 -0.19212499 0.407875
0.053125001 -0.19212499 0.40762499
0.044124998 -0.19462501 0.405875
0.044124998 -0.19437499 0.40687501
0.044875 -0.194125 0.40687501
0.046124998 -0.19462501 0.40487501
0.044875 -0.19462501 0.405875
0.044875 -0.19462501 0.40287501
0.044875 -0.19462501 0.40387499
0.044124998 -0.194875 0.40487501
0.044875 -0.19462501 0.40487501
0.046124998 -0.19437499 0.405875
0.046124998 -0.19462501 0.40287501
0.046875 -0.19437499 0.40287501
0.046124998 -0.19462501 0.40387499
0.046875 -0.19437499 0.39987499
0.046875 -0.19437499 0.400875
0.046875 -0.19437499 0.40187499
0.046875 -0.194125 0.405875
0.046875 -0.19437499 0.40487501
0.048124999 -0.193875 0.40612501
0.046875 -0.193625 0.40687501
0.050124999 -0.19337501 0.40687501
0.048625 -0.193625 0.405875
0.048124999 -0.19337501 0.40687501
0.048875 -0.19312499 0.40687501
0.048124999 -0.194125 0.40287501
0.046875 -0.19437499 0.40387499
0.048124999 -0.194125 0.40412501
0.048124999 -0.194125 0.40487501
0.048875 -0.193875 0.40487501
0.050124999 -0.19337501 0.405875
0.051125001 -0.19312499 0.40612501
0.048124999 -0.19437499 0.39987499
0.048124999 -0.19437499 0.400875
0.048875 -0.193875 0.400875
0.048124999 -0.194125 0.402125
0.050124999 -0.193875 0.39912501
0.048875 -0.193875 0.39987499
0.050124999 -0.193625 0.40187499
0.048625 -0.194125 0.40262499
0.050124999 -0.193625 0.40287501
0.048625 -0.194125 0.40412501
0.050124999 -0.193625 0.400875
0.048625 -0.194125 0.402125
0.051125001 -0.19337501 0.40187499
0.051874999 -0.19312499 0.402125
0.052875001 -0.19312499 0.402125
0.051125001 -0.19337501 0.40287501
0.051874999 -0.19312499 0.40287501
0.052875001 -0.19312499 0.40262499
0.050124999 -0.193625 0.40387499
0.051125001 -0.19337501 0.40387499
0.050124999 -0.193625 0.40487501
0.050124999 -0.193625 0.39987499
0.051125001 -0.19337501 0.39987499
0.051125001 -0.19337501 0.400875
0.052875001 -0.186875 0.413625
0.050124999 -0.18737499 0.41387501
0.051125001 -0.187125 0.41387501
0.051874999 -0.187125 0.41387501
0.051125001 -0.186625 0.414875
0.051624998 -0.18637501 0.414875
0.051125001 -0.185875 0.41587499
0.051624998 -0.185875 0.41587499
0.050124999 -0.188125 0.41312501
0.051624998 -0.188375 0.41187501
0.053125001 -0.188125 0.41187501
0.053874999 -0.188125 0.41187501
0.050875001 -0.187875 0.412875
0.051874999 -0.188125 0.412875
0.053125001 -0.18762501 0.41312501
0.053624999 -0.18737499 0.41312501
0.050875001 -0.190125 0.41087499
0.051624998 -0.18987501 0.41087499
0.053125001 -0.189125 0.411125
0.053624999 -0.188875 0.41087499
0.051624998 -0.189125 0.41137499
0.051125001 -0.191375 0.40987501
0.050875001 -0.19212499 0.40887499
0.051624998 -0.19112501 0.40962499
0.051624998 -0.191625 0.409125
0.053125001 -0.19112501 0.409125
0.053624999 -0.19112501 0.40887499
0.053874999 -0.190125 0.40962499
0.053125001 -0.190375 0.40987501
0.053624999 -0.191625 0.407875
0.055125002 -0.19112501 0.407875
0.055624999 -0.19112501 0.40762499
0.055125002 -0.187875 0.41187501
0.055875 -0.187875 0.411625
0.055125002 -0.18737499 0.41312501
0.053624999 -0.187125 0.413625
0.055875 -0.187125 0.41312501
0.055125002 -0.187125 0.413625
0.055875 -0.186625 0.41387501
0.056875002 -0.18762501 0.41187501
0.057124998 -0.187125 0.41312501
0.057875 -0.187125 0.41312501
0.056875002 -0.186625 0.41387501
0.057875 -0.186625 0.41387501
0.058874998 -0.186625 0.41387501
0.060125001 -0.18637501 0.41387501
0.056875002 -0.190625 0.407875
0.055875 -0.189125 0.40987501
0.055125002 -0.18987501 0.40962499
0.056875002 -0.188875 0.40962499
0.055125002 -0.189125 0.410375
0.055875 -0.190375 0.409125
0.057875 -0.190375 0.407875
0.055125002 -0.190625 0.409125
0.056875002 -0.18987501 0.40887499
0.057875 -0.189125 0.409125
0.057875 -0.188375 0.40987501
0.055125002 -0.188375 0.411125
0.055875 -0.188375 0.411125
0.057124998 -0.188125 0.411125
0.058874998 -0.188375 0.40987501
0.057875 -0.187875 0.41087499
0.058874998 -0.188125 0.41087499
0.060125001 -0.187875 0.411125
0.051874999 -0.19312499 0.40412501
0.052875001 -0.19312499 0.40412501
0.051125001 -0.19337501 0.40487501
0.051874999 -0.19312499 0.40487501
0.051125001 -0.193625 0.39912501
0.051874999 -0.19312499 0.39987499
0.052875001 -0.19312499 0.39987499
0.053874999 -0.192875 0.39987499
0.051874999 -0.19312499 0.400875
0.052875001 -0.19312499 0.400875
0.053624999 -0.192625 0.400875
0.053624999 -0.192625 0.40187499
0.055125002 -0.192375 0.39987499
0.055125002 -0.192375 0.400875
0.051874999 -0.19337501 0.40612501
0.051125001 -0.19312499 0.406625
0.051624998 -0.192625 0.40687501
0.053125001 -0.192375 0.40687501
0.053874999 -0.19212499 0.406625
0.053624999 -0.192625 0.40487501
0.053125001 -0.192625 0.405875
0.053624999 -0.192375 0.405875
0.055125002 -0.19212499 0.40612501
0.055125002 -0.19212499 0.406625
0.055875 -0.192375 0.40387499
0.055125002 -0.192375 0.40487501
0.055624999 -0.19212499 0.405875
0.055875 -0.19212499 0.40487501
0.056875002 -0.19212499 0.40487501
0.052875001 -0.19312499 0.40487501
0.053624999 -0.192625 0.40287501
0.053624999 -0.192625 0.40387499
0.055125002 -0.192375 0.40287501
0.055125002 -0.192625 0.40387499
0.056875002 -0.191625 0.405875
0.055875 -0.191375 0.40687501
0.056875002 -0.19212499 0.40412501
0.057875 -0.191875 0.40412501
0.057124998 -0.191375 0.40687501
0.057875 -0.190625 0.40687501
0.058874998 -0.18987501 0.40762499
0.058874998 -0.188875 0.40887499
0.057875 -0.191375 0.40612501
0.058874998 -0.19112501 0.405875
0.058874998 -0.190375 0.40687501
0.058874998 -0.191375 0.40387499
0.057875 -0.191625 0.40487501
0.058874998 -0.19112501 0.40487501
0.059875 -0.18987501 0.40687501
0.060125001 -0.190375 0.40612501
0.055875 -0.19212499 0.402125
0.056875002 -0.19212499 0.402125
0.055875 -0.192375 0.40287501
0.056875002 -0.19212499 0.40262499
0.057875 -0.191625 0.40187499
0.057875 -0.191875 0.40287501
0.055875 -0.19212499 0.400875
0.057124998 -0.191875 0.400875
0.057875 -0.191625 0.400875
0.055125002 -0.192375 0.40187499
0.058874998 -0.191375 0.40187499
0.059875 -0.19112501 0.402125
0.058874998 -0.191375 0.40287501
0.058874998 -0.19112501 0.400875
0.059875 -0.19112501 0.400875
0.060874999 -0.190625 0.400875
0.059875 -0.19112501 0.40262499
0.059875 -0.19112501 0.40412501
0.059875 -0.19112501 0.40487501
0.046124998 -0.19462501 0.39712501
0.046875 -0.193875 0.393125
0.048124999 -0.193625 0.393125
0.048875 -0.194125 0.39712501
0.048124999 -0.194125 0.39587501
0.048625 -0.194125 0.39587501
0.048124999 -0.194125 0.39712501
0.048124999 -0.194125 0.39787501
0.048124999 -0.194125 0.39487499
0.048875 -0.193875 0.395125
0.046875 -0.192375 0.39012501
0.048124999 -0.19212499 0.39012501
0.046624999 -0.19312499 0.39087501
0.048124999 -0.192625 0.39087501
0.048124999 -0.19312499 0.391875
0.048625 -0.19337501 0.393125
0.046875 -0.194125 0.39362499
0.048124999 -0.193875 0.393875
0.048625 -0.193625 0.39362499
0.046875 -0.194125 0.395125
0.045875002 -0.19212499 0.388125
0.046124998 -0.191875 0.386875
0.044875 -0.19212499 0.388125
0.046875 -0.191625 0.388125
0.045875002 -0.19212499 0.38587499
0.046875 -0.191625 0.386875
0.048124999 -0.191375 0.386875
0.048124999 -0.191625 0.388125
0.046875 -0.191625 0.386125
0.046875 -0.192625 0.38387501
0.046124998 -0.192375 0.38512501
0.046875 -0.19212499 0.38512501
0.044875 -0.19312499 0.38387501
0.045875002 -0.19312499 0.383625
0.044875 -0.192625 0.38512501
0.048124999 -0.192375 0.38387501
0.048875 -0.19212499 0.38387501
0.049874999 -0.19212499 0.38387501
0.048875 -0.192375 0.38987499
0.048124999 -0.19212499 0.38887501
0.048625 -0.191625 0.38887501
0.050124999 -0.191375 0.38887501
0.050124999 -0.19212499 0.39012501
0.048625 -0.192375 0.39087501
0.048875 -0.19312499 0.39212501
0.051624998 -0.192625 0.393125
0.053125001 -0.192375 0.393125
0.050875001 -0.19212499 0.39087501
0.051125001 -0.191625 0.39012501
0.051624998 -0.191375 0.39012501
0.050124999 -0.19212499 0.39087501
0.050124999 -0.192625 0.39212501
0.050124999 -0.19312499 0.39287499
0.051874999 -0.191875 0.39087501
0.051125001 -0.192375 0.39212501
0.051874999 -0.19212499 0.391875
0.051125001 -0.19312499 0.393125
0.053125001 -0.192375 0.391875
0.053125001 -0.191625 0.39087501
0.053624999 -0.191625 0.39212501
0.055125002 -0.191375 0.39087501
0.053624999 -0.19112501 0.39012501
0.055125002 -0.190625 0.39012501
0.053624999 -0.191375 0.39087501
0.055125002 -0.191375 0.39212501
0.055875 -0.190375 0.39012501
0.055875 -0.19112501 0.39087501
0.056875002 -0.190625 0.39087501
0.055875 -0.19112501 0.39212501
0.048625 -0.191375 0.388125
0.048124999 -0.191625 0.386125
0.048625 -0.191375 0.386125
0.048625 -0.191375 0.386875
0.048124999 -0.19212499 0.384875
0.048625 -0.191625 0.38512501
0.050124999 -0.191625 0.38512501
0.051125001 -0.191375 0.386875
0.050124999 -0.19112501 0.388125
0.050124999 -0.191375 0.386125
0.050124999 -0.191375 0.386875
0.051125001 -0.191375 0.386125
0.051125001 -0.191375 0.38512501
0.051125001 -0.191625 0.38387501
0.053125001 -0.191375 0.38387501
0.051624998 -0.191375 0.38387501
0.051125001 -0.19112501 0.38887501
0.051874999 -0.19112501 0.38887501
0.051125001 -0.19112501 0.388125
0.051874999 -0.19112501 0.388125
0.053125001 -0.190625 0.388125
0.051874999 -0.19112501 0.386125
0.051874999 -0.19112501 0.386875
0.053125001 -0.190375 0.386875
0.051874999 -0.19112501 0.38512501
0.053125001 -0.190625 0.386125
0.053125001 -0.19087499 0.38887501
0.053624999 -0.190625 0.38887501
0.053125001 -0.191375 0.38987499
0.053624999 -0.190375 0.388125
0.055125002 -0.190125 0.388125
0.053624999 -0.190375 0.386125
0.053874999 -0.190125 0.386875
0.055125002 -0.190375 0.386875
0.055125002 -0.190375 0.386125
0.055875 -0.18987501 0.386125
0.055875 -0.18987501 0.386875
0.056875002 -0.189375 0.38512501
0.056875002 -0.18962499 0.386125
0.056875002 -0.18962499 0.386875
0.055624999 -0.190125 0.388125
0.056875002 -0.18962499 0.388125
0.055125002 -0.190375 0.38887501
0.056875002 -0.190125 0.38887501
0.055875 -0.190125 0.38887501
0.057124998 -0.190125 0.39012501
0.057875 -0.190375 0.38987499
0.053125001 -0.190625 0.38512501
0.053624999 -0.190375 0.38512501
0.053624999 -0.190625 0.38387501
0.055125002 -0.190375 0.38387501
0.055125002 -0.190125 0.38512501
0.055624999 -0.190125 0.38387501
0.055624999 -0.190125 0.38512501
0.056875002 -0.189375 0.38387501
0.046875 -0.19437499 0.395625
0.046875 -0.19437499 0.39712501
0.046124998 -0.19437499 0.397625
0.046875 -0.19437499 0.397625
0.046875 -0.19437499 0.39912501
0.048875 -0.194125 0.39787501
0.048875 -0.194125 0.39912501
0.050124999 -0.193875 0.39712501
0.050124999 -0.193875 0.39787501
0.048124999 -0.194125 0.39912501
0.051125001 -0.193625 0.39712501
0.051624998 -0.19337501 0.39712501
0.053125001 -0.19337501 0.39712501
0.053874999 -0.19312499 0.39712501
0.051125001 -0.193625 0.397625
0.051624998 -0.19337501 0.397625
0.051874999 -0.19337501 0.393875
0.050124999 -0.19337501 0.39362499
0.051125001 -0.19312499 0.393875
0.053125001 -0.192875 0.393875
0.050124999 -0.193625 0.395125
0.051125001 -0.19337501 0.395125
0.050124999 -0.193625 0.395625
0.051874999 -0.19312499 0.395125
0.052875001 -0.19312499 0.395125
0.051125001 -0.193625 0.395625
0.051624998 -0.19337501 0.395625
0.053125001 -0.19312499 0.39587501
0.053624999 -0.19312499 0.39587501
0.053874999 -0.19312499 0.39787501
0.053125001 -0.19312499 0.39787501
0.051624998 -0.19337501 0.39912501
0.053125001 -0.19312499 0.39912501
0.053874999 -0.192875 0.39912501
0.055125002 -0.192625 0.39912501
0.055125002 -0.192625 0.39712501
0.055875 -0.19212499 0.39712501
0.055125002 -0.192625 0.397625
0.053624999 -0.19212499 0.39287499
0.054875001 -0.19212499 0.393125
0.055875 -0.191625 0.393125
0.053624999 -0.192625 0.39362499
0.055125002 -0.19212499 0.393875
0.053624999 -0.192625 0.395125
0.055125002 -0.192375 0.395125
0.055875 -0.19212499 0.395125
0.055875 -0.191875 0.393875
0.055125002 -0.192625 0.395625
0.055875 -0.19212499 0.39587501
0.058874998 -0.19112501 0.39712501
0.055875 -0.19212499 0.39787501
0.055875 -0.19212499 0.39912501
0.056875002 -0.191625 0.39712501
0.057875 -0.191375 0.39712501
0.056875002 -0.191625 0.397625
0.057875 -0.191375 0.397625
0.058874998 -0.19112501 0.39587501
0.056875002 -0.191625 0.395125
0.057875 -0.191375 0.395125
0.056875002 -0.191625 0.395625
0.057875 -0.191375 0.395625
0.056875002 -0.191625 0.39362499
0.056875002 -0.191375 0.393125
0.057624999 -0.19112501 0.39287499
0.056875002 -0.19112501 0.39212501
0.057875 -0.190375 0.39087501
0.057875 -0.190625 0.39212501
0.058625001 -0.19112501 0.393125
0.058874998 -0.19112501 0.393875
0.058874998 -0.19112501 0.395125
0.057875 -0.19112501 0.393875
0.058874998 -0.19112501 0.39787501
0.055875 -0.19212499 0.39987499
0.056875002 -0.191625 0.39912501
0.057875 -0.191375 0.39912501
0.057124998 -0.191875 0.39987499
0.057875 -0.191375 0.39987499
0.060125001 -0.190625 0.397625
0.058874998 -0.19112501 0.39912501
0.060125001 -0.19087499 0.39912501
0.060874999 -0.190375 0.39912501
0.058874998 -0.19112501 0.39987499
0.060125001 -0.19087499 0.39987499
0.060874999 -0.190375 0.39987499
0.062125001 -0.190125 0.39987499
0.051874999 -0.173875 0.43487501
0.051624998 -0.173375 0.43612501
0.052875001 -0.174125 0.43387499
0.053624999 -0.17362501 0.43412501
0.053125001 -0.17362501 0.43487501
0.053624999 -0.173375 0.43487501
0.053125001 -0.173375 0.43612501
0.057124998 -0.172125 0.43612501
0.053874999 -0.173125 0.435875
0.055125002 -0.17362501 0.43412501
0.055125002 -0.173125 0.43487501
0.055875 -0.172875 0.434625
0.055125002 -0.17262501 0.43612501
0.055875 -0.17262501 0.43612501
0.055875 -0.173125 0.43412501
0.056875002 -0.17262501 0.43487501
0.051624998 -0.175625 0.430875
0.051874999 -0.175125 0.432125
0.053125001 -0.17487501 0.43187499
0.051624998 -0.17462499 0.43287501
0.053125001 -0.174375 0.43287501
0.053624999 -0.174125 0.43287501
0.051874999 -0.174125 0.43412501
0.053624999 -0.17462499 0.432125
0.054875001 -0.174125 0.432625
0.055875 -0.17362501 0.43287501
0.056875002 -0.175125 0.428875
0.053874999 -0.175125 0.430875
0.055624999 -0.174125 0.43187499
0.057875 -0.175125 0.42787501
0.055875 -0.175125 0.42912501
0.057875 -0.17462499 0.42912501
0.053125001 -0.175625 0.430125
0.053624999 -0.175375 0.430125
0.055125002 -0.175125 0.430125
0.055875 -0.17487501 0.42987499
0.056875002 -0.17462499 0.430125
0.053125001 -0.175375 0.430875
0.055125002 -0.17462499 0.430875
0.055875 -0.174375 0.430875
0.057124998 -0.174125 0.430875
0.055125002 -0.174375 0.432125
0.056875002 -0.17362501 0.432125
0.057875 -0.173125 0.43287501
0.056875002 -0.173375 0.43287501
0.056875002 -0.173125 0.43387499
0.057875 -0.17262501 0.43412501
0.057624999 -0.172125 0.435875
0.057875 -0.17262501 0.43487501
0.058625001 -0.172125 0.434625
0.058874998 -0.17137501 0.43612501
0.058874998 -0.17487501 0.427625
0.057875 -0.174125 0.430125
0.057624999 -0.174125 0.43062499
0.057875 -0.173375 0.432125
0.060625002 -0.172875 0.430875
0.062125001 -0.17262501 0.430875
0.060125001 -0.172875 0.43187499
0.060874999 -0.17262501 0.432125
0.058874998 -0.172875 0.43287501
0.058874998 -0.17262501 0.43412501
0.060125001 -0.171625 0.43487501
0.060125001 -0.17112499 0.43612501
0.060125001 -0.172125 0.43387499
0.060125001 -0.17262501 0.43287501
0.060874999 -0.172125 0.43287501
0.060874999 -0.171625 0.43412501
0.060874999 -0.17137501 0.43487501
0.060625002 -0.170875 0.435875
0.062875003 -0.17012499 0.435875
0.062125001 -0.17137501 0.43412501
0.061875001 -0.170875 0.434625
0.062875003 -0.170375 0.43487501
0.062125001 -0.170375 0.43612501
0.064125001 -0.169625 0.43612501
0.064125001 -0.17012499 0.43487501
0.062875003 -0.171625 0.432125
0.064125001 -0.17137501 0.432125
0.062125001 -0.171625 0.43287501
0.062875003 -0.17137501 0.43287501
0.063874997 -0.170875 0.432625
0.062624998 -0.170875 0.43387499
0.064125001 -0.170375 0.43412501
0.062125001 -0.172125 0.43187499
0.062875003 -0.17262501 0.430125
0.062875003 -0.172125 0.430875
0.064125001 -0.171625 0.430875
0.064625002 -0.170875 0.43187499
0.065875001 -0.170625 0.432125
0.064874999 -0.170625 0.43287501
0.065875001 -0.170375 0.43287501
0.064874999 -0.17012499 0.43412501
0.065875001 -0.169875 0.43412501
0.064874999 -0.169625 0.43487501
0.064874999 -0.169375 0.43612501
0.065624997 -0.16887499 0.43612501
0.067125 -0.168125 0.43612501
0.067874998 -0.167625 0.43612501
0.067625001 -0.168125 0.43487501
0.066875003 -0.168625 0.43487501
0.067625001 -0.16912501 0.43287501
0.067125 -0.16912501 0.43387499
0.066875003 -0.169625 0.43287501
0.067874998 -0.168625 0.43412501
0.068875 -0.168125 0.43387499
0.065875001 -0.16912501 0.43487501
0.064125001 -0.172125 0.430125
0.064874999 -0.17137501 0.430875
0.065875001 -0.17112499 0.430875
0.064625002 -0.172125 0.42987499
0.065875001 -0.171625 0.430125
0.067125 -0.17112499 0.430125
0.066875003 -0.170875 0.43062499
0.067874998 -0.17012499 0.430875
0.067125 -0.17012499 0.432125
0.068875 -0.16887499 0.432125
0.067874998 -0.169375 0.432125
0.051874999 -0.17712501 0.42712501
0.053125001 -0.17712501 0.42587501
0.053624999 -0.176875 0.42587501
0.053125001 -0.176875 0.42712501
0.051624998 -0.176625 0.42787501
0.053125001 -0.176625 0.42787501
0.051624998 -0.176625 0.42912501
0.055875 -0.176125 0.42712501
0.051874999 -0.176125 0.42987499
0.055125002 -0.176625 0.42587501
0.053624999 -0.176625 0.42712501
0.055125002 -0.176625 0.42712501
0.056875002 -0.175625 0.42712501
0.053624999 -0.176125 0.42787501
0.054875001 -0.176125 0.42787501
0.055875 -0.175625 0.42787501
0.056875002 -0.175375 0.42787501
0.053125001 -0.176125 0.42912501
0.053874999 -0.17587499 0.42912501
0.055125002 -0.175625 0.42912501
0.055125002 -0.177625 0.423875
0.055875 -0.177375 0.423875
0.055125002 -0.17712501 0.425125
0.055125002 -0.17937499 0.42212501
0.055125002 -0.17812499 0.423125
0.055875 -0.17812499 0.423125
0.053874999 -0.179875 0.421875
0.055875 -0.179125 0.42212501
0.055125002 -0.181125 0.42087501
0.055125002 -0.179875 0.42162499
0.057124998 -0.17712501 0.423875
0.057624999 -0.176875 0.42362499
0.055875 -0.176875 0.42487499
0.056875002 -0.177875 0.42287499
0.060125001 -0.175625 0.425125
0.060125001 -0.174125 0.42912501
0.058625001 -0.174125 0.42987499
0.061875001 -0.173125 0.42987499
0.060125001 -0.174375 0.42787501
0.058874998 -0.174375 0.42912501
0.060874999 -0.17362501 0.42912501
0.062125001 -0.173375 0.42912501
0.060125001 -0.17362501 0.430125
0.060874999 -0.173375 0.430125
0.058874998 -0.17362501 0.430875
0.060125001 -0.173125 0.430875
0.058874998 -0.173125 0.432125
0.062875003 -0.173125 0.42912501
0.060874999 -0.174125 0.42787501
0.062125001 -0.17362501 0.42787501
0.062875003 -0.173375 0.42787501
0.060874999 -0.175375 0.425125
0.062125001 -0.175125 0.425125
0.060125001 -0.175125 0.42587501
0.059875 -0.17487501 0.426875
0.058874998 -0.176125 0.425125
0.058874998 -0.176625 0.423875
0.056875002 -0.176625 0.425125
0.057875 -0.176625 0.425125
0.055875 -0.176625 0.42587501
0.057124998 -0.176125 0.42587501
0.057624999 -0.176125 0.425625
0.058874998 -0.175625 0.42587501
0.057875 -0.175375 0.42712501
0.058874998 -0.175125 0.42712501
0.057875 -0.177875 0.42287499
0.058874998 -0.17712501 0.423125
0.057124998 -0.179125 0.421875
0.057875 -0.179125 0.421875
0.058874998 -0.179125 0.421875
0.058874998 -0.177875 0.42262501
0.060125001 -0.176125 0.423875
0.060874999 -0.176125 0.423875
0.060125001 -0.178875 0.421875
0.060125001 -0.17712501 0.423125
0.060874999 -0.17712501 0.423125
0.060125001 -0.177875 0.42237499
0.060874999 -0.17812499 0.42212501
0.062125001 -0.176875 0.42287499
0.062125001 -0.17587499 0.42362499
0.055875 -0.18037499 0.42112499
0.056875002 -0.18037499 0.42112499
0.057875 -0.180125 0.42087501
0.055875 -0.181125 0.42037499
0.055125002 -0.183125 0.41887501
0.055875 -0.183125 0.41887501
0.057124998 -0.183125 0.41887501
0.055125002 -0.18187501 0.419875
0.057875 -0.18287501 0.418625
0.058874998 -0.18287501 0.418625
0.055875 -0.18187501 0.419875
0.056875002 -0.18187501 0.419875
0.057875 -0.181375 0.42012501
0.057875 -0.18187501 0.41962501
0.058874998 -0.18187501 0.419375
0.056875002 -0.181125 0.42037499
0.057124998 -0.18387499 0.41787499
0.057875 -0.18387499 0.41787499
0.060625002 -0.181125 0.419875
0.060125001 -0.182125 0.41912499
0.060874999 -0.182125 0.41887501
0.062125001 -0.182125 0.41887501
0.058874998 -0.181375 0.42012501
0.060125001 -0.181125 0.42012501
0.060125001 -0.183125 0.41837499
0.060125001 -0.184625 0.416875
0.058874998 -0.18387499 0.41787499
0.057875 -0.186125 0.414875
0.058874998 -0.185875 0.414875
0.060125001 -0.185875 0.414875
0.060874999 -0.185875 0.414875
0.060874999 -0.18412501 0.41712499
0.060125001 -0.18387499 0.41787499
0.060874999 -0.183375 0.418125
0.062125001 -0.18412501 0.41712499
0.062125001 -0.181125 0.419875
0.060125001 -0.179875 0.42087501
0.060874999 -0.179875 0.420625
0.058874998 -0.180125 0.42087501
0.060874999 -0.179125 0.42162499
0.062125001 -0.17812499 0.42212501
0.062875003 -0.17812499 0.421875
0.064125001 -0.177875 0.421875
0.062125001 -0.17937499 0.42112499
0.062875003 -0.180875 0.419875
0.064125001 -0.179125 0.42087501
0.062125001 -0.179875 0.42037499
0.062875003 -0.179875 0.42037499
0.062875003 -0.17937499 0.42087501
0.062875003 -0.183125 0.418125
0.062875003 -0.18187501 0.41887501
0.062125001 -0.183375 0.418125
0.063874997 -0.183125 0.41787499
0.064874999 -0.18187501 0.418625
0.064125001 -0.18187501 0.41887501
0.064874999 -0.181125 0.419375
0.065875001 -0.181375 0.41912499
0.060874999 -0.175125 0.42587501
0.062125001 -0.17462499 0.42587501
0.060874999 -0.17462499 0.42712501
0.062125001 -0.174125 0.42712501
0.062875003 -0.174125 0.426875
0.064125001 -0.173125 0.42787501
0.064874999 -0.17262501 0.42787501
0.064125001 -0.17262501 0.42912501
0.063874997 -0.174125 0.42587501
0.062875003 -0.17487501 0.42487499
0.062875003 -0.174375 0.42587501
0.064125001 -0.173375 0.42712501
0.064874999 -0.173125 0.42712501
0.065624997 -0.172875 0.426875
0.064874999 -0.17362501 0.42587501
0.065875001 -0.173375 0.42587501
0.062875003 -0.175375 0.423875
0.064125001 -0.175125 0.423875
0.062875003 -0.176125 0.42337501
0.064125001 -0.176125 0.423125
0.062875003 -0.176875 0.42287499
0.064125001 -0.176875 0.42262501
0.064874999 -0.174125 0.425125
0.064125001 -0.174375 0.425125
0.065875001 -0.17362501 0.425125
0.064874999 -0.17487501 0.42362499
0.065875001 -0.174375 0.42412499
0.067125 -0.174125 0.423875
0.064874999 -0.176125 0.42287499
0.065875001 -0.176125 0.42287499
0.064874999 -0.176875 0.42237499
0.066875003 -0.17487501 0.42337501
0.067874998 -0.175125 0.423125
0.065875001 -0.17487501 0.42337501
0.065875001 -0.17712501 0.42212501
0.067125 -0.17712501 0.421875
0.067125 -0.176125 0.42287499
0.067874998 -0.176125 0.42262501
0.068875 -0.176125 0.42262501
0.065875001 -0.172125 0.42912501
0.065875001 -0.17262501 0.42787501
0.064874999 -0.17262501 0.42912501
0.066875003 -0.171625 0.42912501
0.067125 -0.172125 0.42787501
0.067874998 -0.17137501 0.42787501
0.066875003 -0.172875 0.42587501
0.067874998 -0.172125 0.42587501
0.068875 -0.171625 0.42587501
0.066875003 -0.17262501 0.42712501
0.068875 -0.170875 0.427625
0.067874998 -0.17112499 0.42912501
0.069124997 -0.172125 0.425125
0.067125 -0.173125 0.425125
0.067874998 -0.172875 0.42462501
0.069875002 -0.171625 0.425125
0.069875002 -0.175125 0.423125
0.068875 -0.175125 0.423125
0.069875002 -0.172125 0.424375
0.067874998 -0.174125 0.423875
0.069124997 -0.173125 0.423875
0.068875 -0.174125 0.42362499
0.071125001 -0.172125 0.423875
0.069624998 -0.172875 0.42362499
0.071874999 -0.172125 0.42362499
0.069875002 -0.174125 0.42337501
0.071125001 -0.174125 0.423125
0.071125001 -0.172875 0.42362499
0.064125001 -0.18037499 0.42012501
0.065875001 -0.180125 0.42012501
0.064874999 -0.179125 0.42087501
0.064874999 -0.177875 0.421875
0.064125001 -0.181125 0.41962501
0.064874999 -0.180125 0.42012501
0.073624998 -0.155875 0.43412501
0.073624998 -0.154875 0.43412501
0.073624998 -0.154875 0.43487501
0.073624998 -0.15387499 0.43612501
0.073624998 -0.15387499 0.43412501
0.073624998 -0.15387499 0.43487501
0.073624998 -0.15387499 0.43287501
0.073875003 -0.15387499 0.42587501
0.074124999 -0.157125 0.42787501
0.074124999 -0.157125 0.42912501
0.074124999 -0.157125 0.430125
0.074625 -0.157125 0.42587501
0.074375004 -0.157125 0.42712501
0.073624998 -0.15387499 0.42787501
0.073875003 -0.15387499 0.42912501
0.073875003 -0.154875 0.42912501
0.073875003 -0.154875 0.430125
0.073875003 -0.15387499 0.430125
0.073875003 -0.155875 0.430875
0.073875003 -0.154875 0.430875
0.073875003 -0.15387499 0.430875
0.073875003 -0.154875 0.432125
0.073624998 -0.15387499 0.432125
0.073875003 -0.15387499 0.42712501
0.074124999 -0.154875 0.42712501
0.074124999 -0.155875 0.42712501
0.074124999 -0.155875 0.42787501
0.073875003 -0.154875 0.42787501
0.074124999 -0.154875 0.423875
0.074124999 -0.154875 0.425125
0.073875003 -0.15387499 0.425125
0.074124999 -0.154875 0.42587501
0.074625 -0.155875 0.423875
0.074375004 -0.155875 0.425125
0.073875003 -0.155875 0.42912501
0.073875003 -0.155875 0.430125
0.074874997 -0.157125 0.425125
0.074375004 -0.155875 0.42587501
0.068875 -0.166875 0.43612501
0.071625002 -0.16312499 0.43612501
0.071874999 -0.16212501 0.43612501
0.069124997 -0.168125 0.43287501
0.069875002 -0.166875 0.43387499
0.070874996 -0.165875 0.43412501
0.069124997 -0.167125 0.43487501
0.069875002 -0.166125 0.43487501
0.069624998 -0.165875 0.43612501
0.070625 -0.165125 0.43612501
0.071874999 -0.167125 0.42987499
0.071125001 -0.167125 0.430875
0.069624998 -0.168125 0.43187499
0.070874996 -0.166875 0.432125
0.069875002 -0.167125 0.43287501
0.071125001 -0.166125 0.43287501
0.070874996 -0.16887499 0.428875
0.071625002 -0.168125 0.42912501
0.071125001 -0.168125 0.42987499
0.070375003 -0.168125 0.430875
0.071125001 -0.16912501 0.42787501
0.069875002 -0.168625 0.430875
0.069624998 -0.169875 0.42912501
0.068875 -0.17012499 0.42987499
0.069875002 -0.16912501 0.42987499
0.069124997 -0.16912501 0.430875
0.069875002 -0.170375 0.42787501
0.068875 -0.170375 0.42912501
0.067874998 -0.170625 0.430125
0.072375 -0.16187499 0.43487501
0.071874999 -0.16312499 0.43487501
0.071874999 -0.163875 0.43387499
0.071625002 -0.163875 0.43487501
0.071125001 -0.16437501 0.43612501
0.070874996 -0.165125 0.43487501
0.071374997 -0.165125 0.43412501
0.072375 -0.16312499 0.43287501
0.072875001 -0.16187499 0.43287501
0.072375 -0.16312499 0.43412501
0.072624996 -0.16187499 0.43412501
0.072875001 -0.16212501 0.43187499
0.072375 -0.163875 0.432125
0.072624996 -0.16312499 0.432125
0.071874999 -0.164125 0.43287501
0.071625002 -0.165875 0.432125
0.071625002 -0.165125 0.43287501
0.071874999 -0.165125 0.432125
0.072375 -0.165875 0.430125
0.072875001 -0.165125 0.42987499
0.073375002 -0.163875 0.430125
0.072375 -0.165125 0.430875
0.072875001 -0.166125 0.42787501
0.072125003 -0.167125 0.42912501
0.072624996 -0.165875 0.42912501
0.072875001 -0.16537499 0.42912501
0.071874999 -0.165875 0.430875
0.072875001 -0.163875 0.43062499
0.072875001 -0.16337501 0.430875
0.073375002 -0.155875 0.43487501
0.073624998 -0.155875 0.43612501
0.073624998 -0.154875 0.43612501
0.073375002 -0.157125 0.43487501
0.073375002 -0.157875 0.43612501
0.073375002 -0.157125 0.43612501
0.073124997 -0.159125 0.43487501
0.073375002 -0.157875 0.43487501
0.073124997 -0.159125 0.43612501
0.073124997 -0.159125 0.43412501
0.073375002 -0.157875 0.43412501
0.072875001 -0.15987501 0.43612501
0.073875003 -0.157875 0.432125
0.073624998 -0.157875 0.43287501
0.073624998 -0.157125 0.43287501
0.073624998 -0.155875 0.43287501
0.073375002 -0.157125 0.43412501
0.073875003 -0.157125 0.432125
0.073875003 -0.155875 0.432125
0.073624998 -0.154875 0.43287501
0.073624998 -0.159125 0.432125
0.073375002 -0.159125 0.43287501
0.074124999 -0.157875 0.430125
0.073875003 -0.159125 0.430875
0.073875003 -0.157875 0.43062499
0.073875003 -0.157125 0.430875
0.072875001 -0.160125 0.43412501
0.072875001 -0.15987501 0.43487501
0.072875001 -0.161125 0.43287501
0.073124997 -0.15987501 0.43287501
0.072875001 -0.161125 0.43412501
0.072875001 -0.161125 0.43487501
0.072624996 -0.161125 0.43612501
0.074124999 -0.161125 0.42987499
0.073624998 -0.161125 0.430875
0.073375002 -0.161125 0.432125
0.074375004 -0.15987501 0.42912501
0.074124999 -0.15987501 0.430125
0.074375004 -0.159125 0.42787501
0.074124999 -0.157875 0.42787501
0.074124999 -0.157875 0.42912501
0.074625 -0.15987501 0.42787501
0.074375004 -0.159125 0.42912501
0.074124999 -0.159125 0.430125
0.073875003 -0.15987501 0.43062499
0.073624998 -0.15987501 0.432125
0.073624998 -0.16312499 0.430125
0.073875003 -0.16187499 0.42987499
0.073375002 -0.16187499 0.430875
0.074375004 -0.16187499 0.42787501
0.074625 -0.161125 0.42787501
0.074375004 -0.161125 0.42912501
0.073875003 -0.16312499 0.428875
0.074124999 -0.16187499 0.42912501
0.074375004 -0.154875 0.423125
0.074124999 -0.15387499 0.423125
0.073875003 -0.15412501 0.42362499
0.074375004 -0.15387499 0.42087501
0.074625 -0.154875 0.42212501
0.074124999 -0.15387499 0.421875
0.074874997 -0.15387499 0.41887501
0.074625 -0.15387499 0.42012501
0.076125003 -0.154875 0.418125
0.075374998 -0.15387499 0.418125
0.075625002 -0.15512501 0.41887501
0.075125001 -0.154875 0.42012501
0.076875001 -0.15512501 0.416125
0.076624997 -0.154875 0.416875
0.075874999 -0.15412501 0.41662499
0.077124998 -0.155875 0.416875
0.075125001 -0.156875 0.423125
0.074874997 -0.157125 0.423875
0.074874997 -0.15512501 0.420625
0.074874997 -0.155875 0.421875
0.074625 -0.155875 0.423125
0.074874997 -0.157875 0.425125
0.075374998 -0.157875 0.423875
0.076125003 -0.157875 0.42212501
0.075374998 -0.157875 0.423125
0.076875001 -0.15612499 0.41787499
0.076375 -0.155875 0.41887501
0.075874999 -0.15612499 0.419875
0.076125003 -0.157125 0.42087501
0.075374998 -0.155875 0.42087501
0.075374998 -0.157125 0.42212501
0.076624997 -0.157125 0.42012501
0.076624997 -0.157875 0.42087501
0.078125 -0.157125 0.416875
0.076875001 -0.157125 0.41887501
0.076875001 -0.157875 0.419875
0.077875003 -0.158125 0.418625
0.077875003 -0.15737499 0.418125
0.078874998 -0.15737499 0.41662499
0.078625001 -0.159125 0.41887501
0.078625001 -0.158125 0.41787499
0.080624998 -0.161125 0.411125
0.080624998 -0.16187499 0.41187501
0.080624998 -0.161125 0.41187501
0.080875002 -0.15987501 0.41312501
0.074625 -0.165875 0.425125
0.074874997 -0.165125 0.42487499
0.074874997 -0.164125 0.425125
0.071874999 -0.168125 0.427625
0.072624996 -0.166875 0.42787501
0.071625002 -0.16887499 0.42712501
0.071874999 -0.168375 0.42712501
0.071874999 -0.16912501 0.42587501
0.072875001 -0.16912501 0.425125
0.069875002 -0.17112499 0.42587501
0.067625001 -0.172125 0.426875
0.069124997 -0.17112499 0.42712501
0.069875002 -0.170625 0.42712501
0.071125001 -0.170375 0.42587501
0.070874996 -0.17012499 0.426875
0.070874996 -0.17112499 0.42487499
0.071874999 -0.17012499 0.42487499
0.071874999 -0.170875 0.424375
0.074124999 -0.17012499 0.423875
0.072875001 -0.17012499 0.424375
0.072875001 -0.17112499 0.423875
0.072875001 -0.168125 0.42587501
0.072875001 -0.167125 0.426875
0.073375002 -0.166875 0.42587501
0.073875003 -0.168125 0.42462501
0.073375002 -0.165125 0.42787501
0.073875003 -0.163875 0.42787501
0.074124999 -0.16337501 0.42787501
0.073624998 -0.163875 0.42912501
0.074375004 -0.163875 0.42587501
0.074874997 -0.16312499 0.425625
0.073375002 -0.165875 0.42712501
0.073624998 -0.165125 0.42712501
0.074124999 -0.164125 0.42712501
0.074375004 -0.16312499 0.42712501
0.075374998 -0.16312499 0.425125
0.073875003 -0.165875 0.425625
0.074124999 -0.16537499 0.42587501
0.074124999 -0.167125 0.425125
0.074874997 -0.166875 0.423875
0.074874997 -0.165875 0.424375
0.074124999 -0.16887499 0.424375
0.074874997 -0.17012499 0.423875
0.076125003 -0.17012499 0.42362499
0.076125003 -0.16887499 0.42362499
0.074625 -0.16887499 0.423875
0.074874997 -0.168125 0.423875
0.076125003 -0.168125 0.42362499
0.076125003 -0.166875 0.42362499
0.077875003 -0.17012499 0.42287499
0.076875001 -0.16887499 0.42337501
0.078125 -0.16887499 0.423125
0.074625 -0.157875 0.42587501
0.074874997 -0.160125 0.425625
0.074625 -0.159125 0.42587501
0.074625 -0.15987501 0.42712501
0.074625 -0.159125 0.42712501
0.074375004 -0.157875 0.42712501
0.074874997 -0.159125 0.425125
0.075125001 -0.15987501 0.425125
0.075374998 -0.161125 0.425125
0.075874999 -0.161125 0.423875
0.075874999 -0.15987501 0.423875
0.076624997 -0.161125 0.42287499
0.075374998 -0.159125 0.423875
0.074874997 -0.16187499 0.42587501
0.074874997 -0.161125 0.42587501
0.074625 -0.16187499 0.42712501
0.074625 -0.161125 0.42712501
0.075374998 -0.16187499 0.425125
0.075874999 -0.16337501 0.423875
0.076125003 -0.16187499 0.423875
0.076875001 -0.163875 0.423125
0.075874999 -0.163875 0.423875
0.076875001 -0.16212501 0.42287499
0.078125 -0.16312499 0.42212501
0.077875003 -0.16212501 0.421875
0.076875001 -0.16312499 0.423125
0.076875001 -0.160125 0.421875
0.076624997 -0.159125 0.42212501
0.076624997 -0.15987501 0.423125
0.076125003 -0.159125 0.423125
0.077375002 -0.15987501 0.42087501
0.076875001 -0.159125 0.42087501
0.077375002 -0.161125 0.42212501
0.077875003 -0.159375 0.419875
0.078125 -0.15987501 0.42012501
0.078125 -0.161125 0.42087501
0.078874998 -0.160375 0.419875
0.080124997 -0.15987501 0.41887501
0.080124997 -0.159125 0.418125
0.079875 -0.161125 0.419875
0.080875002 -0.160125 0.41787499
0.078874998 -0.16312499 0.42162499
0.078874998 -0.16187499 0.42087501
0.078874998 -0.161125 0.42037499
0.080875002 -0.161375 0.418625
0.075874999 -0.165125 0.42362499
0.078125 -0.163875 0.42237499
0.076875001 -0.165125 0.423125
0.075874999 -0.165875 0.42362499
0.078125 -0.165125 0.42262501
0.078874998 -0.164125 0.421875
0.076875001 -0.165875 0.423125
0.078125 -0.165875 0.42287499
0.078874998 -0.165875 0.42262501
0.078874998 -0.165125 0.42212501
0.080124997 -0.165875 0.42237499
0.076875001 -0.168125 0.42337501
0.078125 -0.168125 0.423125
0.076875001 -0.166875 0.42337501
0.077875003 -0.167125 0.42287499
0.078874998 -0.166875 0.42287499
0.080124997 -0.166875 0.42262501
0.080124997 -0.16312499 0.42087501
0.080124997 -0.16187499 0.42037499
0.080875002 -0.16312499 0.419875
0.080624998 -0.16187499 0.42012501
0.081124999 -0.16312499 0.41887501
0.081124999 -0.163875 0.42012501
0.079875 -0.165125 0.421875
0.080124997 -0.163875 0.42137501
0.080624998 -0.163875 0.42087501
0.080875002 -0.16537499 0.42087501
0.081124999 -0.165875 0.42087501
0.081375003 -0.168125 0.42087501
0.081375003 -0.166875 0.42087501
0.080875002 -0.16187499 0.416125
0.080875002 -0.161125 0.416125
0.080875002 -0.16187499 0.414875
0.080875002 -0.161125 0.414875
0.081124999 -0.16187499 0.41887501
0.081124999 -0.16187499 0.418125
0.081124999 -0.161125 0.418125
0.080875002 -0.163875 0.416125
0.080875002 -0.16312499 0.416125
0.080875002 -0.16312499 0.416875
0.081124999 -0.16312499 0.41787499
0.080875002 -0.163875 0.414875
0.080875002 -0.16312499 0.414875
0.080875002 -0.16187499 0.416875
0.081124999 -0.161125 0.416875
0.080875002 -0.161125 0.41387501
0.080624998 -0.16312499 0.41187501
0.080875002 -0.16187499 0.41312501
0.080875002 -0.161125 0.41312501
0.080875002 -0.16187499 0.41387501
0.080624998 -0.16312499 0.41312501
0.080624998 -0.16312499 0.411125
0.080624998 -0.16187499 0.411125
0.080624998 -0.163875 0.41312501
0.080875002 -0.165125 0.41187501
0.080624998 -0.163875 0.41187501
0.080875002 -0.165875 0.41312501
0.080875002 -0.165125 0.41312501
0.080875002 -0.165125 0.41387501
0.080875002 -0.163875 0.41387501
0.080624998 -0.16312499 0.41387501
0.080624998 -0.17012499 0.41312501
0.080624998 -0.16887499 0.41312501
0.080875002 -0.168125 0.41312501
0.080875002 -0.16887499 0.41387501
0.080875002 -0.168125 0.41387501
0.080875002 -0.168125 0.414875
0.081124999 -0.168125 0.416125
0.081124999 -0.168125 0.416875
0.080624998 -0.17012499 0.41387501
0.080875002 -0.170875 0.414875
0.080875002 -0.17012499 0.414875
0.080875002 -0.16887499 0.414875
0.080875002 -0.17112499 0.416125
0.080875002 -0.17012499 0.416125
0.081124999 -0.16887499 0.41587499
0.081124999 -0.165125 0.416875
0.081124999 -0.163875 0.416875
0.081124999 -0.165125 0.418125
0.081124999 -0.163875 0.418125
0.081375003 -0.165125 0.41887501
0.081124999 -0.163875 0.41887501
0.081375003 -0.165875 0.42012501
0.081375003 -0.165125 0.42012501
0.081124999 -0.165875 0.41587499
0.081124999 -0.166875 0.416875
0.081124999 -0.165875 0.416875
0.081375003 -0.168125 0.418125
0.081375003 -0.166875 0.418125
0.081375003 -0.168125 0.41887501
0.081625 -0.168125 0.42012501
0.080875002 -0.165125 0.416125
0.081124999 -0.165875 0.418125
0.081375003 -0.166875 0.41887501
0.081375003 -0.165875 0.41887501
0.081625 -0.166875 0.42012501
0.081124999 -0.166875 0.416125
0.080875002 -0.166875 0.41312501
0.080875002 -0.166875 0.41387501
0.080875002 -0.165875 0.41387501
0.080875002 -0.166875 0.414875
0.080875002 -0.165875 0.414875
0.080875002 -0.165125 0.414875
0.076125003 -0.15387499 0.416125
0.076875001 -0.15387499 0.41387501
0.076624997 -0.15412501 0.414875
0.078125 -0.155875 0.416125
0.077875003 -0.15512501 0.41462499
0.078125 -0.154875 0.41387501
0.078874998 -0.15512501 0.41312501
0.077875003 -0.15412501 0.412875
0.078125 -0.153625 0.411125
0.078625001 -0.15412501 0.411125
0.078125 -0.15387499 0.41187501
0.078874998 -0.154375 0.41187501
0.078874998 -0.15387499 0.40987501
0.078874998 -0.153625 0.407875
0.078874998 -0.153625 0.409125
0.079625003 -0.15412501 0.407875
0.079625003 -0.15412501 0.409125
0.079875 -0.15412501 0.40612501
0.079625003 -0.15412501 0.40687501
0.079875 -0.15512501 0.41187501
0.080124997 -0.154875 0.411125
0.080124997 -0.154875 0.40987501
0.080375001 -0.154875 0.407875
0.080375001 -0.154875 0.409125
0.080624998 -0.155875 0.407875
0.080624998 -0.155875 0.409125
0.080624998 -0.157875 0.407875
0.080624998 -0.157125 0.407875
0.080624998 -0.157125 0.409125
0.078874998 -0.155875 0.414875
0.078874998 -0.156625 0.416125
0.079875 -0.157125 0.41587499
0.078874998 -0.155375 0.41387501
0.079875 -0.15612499 0.413625
0.080124997 -0.155875 0.41312501
0.080124997 -0.156875 0.414875
0.080124997 -0.157875 0.416875
0.080624998 -0.157875 0.416125
0.080624998 -0.157125 0.41387501
0.080875002 -0.157875 0.414875
0.080875002 -0.157875 0.41312501
0.080875002 -0.157875 0.41387501
0.080875002 -0.159125 0.41312501
0.080875002 -0.157875 0.41187501
0.080875002 -0.157125 0.41312501
0.080624998 -0.157875 0.411125
0.080875002 -0.157125 0.41187501
0.080375001 -0.159125 0.407875
0.080624998 -0.159125 0.409125
0.080375001 -0.15987501 0.40987501
0.080624998 -0.159125 0.40987501
0.080624998 -0.155875 0.41187501
0.080624998 -0.155875 0.411125
0.080624998 -0.155875 0.40987501
0.080875002 -0.157125 0.411125
0.080624998 -0.157875 0.409125
0.080624998 -0.157875 0.40987501
0.080624998 -0.157125 0.40987501
0.080624998 -0.15987501 0.411125
0.080624998 -0.159125 0.411125
0.080624998 -0.15987501 0.41187501
0.080875002 -0.159125 0.41187501
0.080875002 -0.159375 0.416875
0.081124999 -0.15987501 0.416875
0.080875002 -0.15987501 0.414875
0.080875002 -0.159125 0.414875
0.081124999 -0.15987501 0.41587499
0.080875002 -0.159125 0.416125
0.080875002 -0.15987501 0.41387501
0.080875002 -0.159125 0.41387501
0.074124999 -0.155875 0.38887501
0.074375004 -0.155875 0.39012501
0.075125001 -0.156875 0.39087501
0.074625 -0.155875 0.39087501
0.073875003 -0.15612499 0.388125
0.075374998 -0.157125 0.39212501
0.076125003 -0.157875 0.39087501
0.075625002 -0.158125 0.39012501
0.073624998 -0.154875 0.388125
0.073875003 -0.154875 0.38887501
0.072875001 -0.15512501 0.38387501
0.073124997 -0.154875 0.38512501
0.073375002 -0.154875 0.386125
0.073624998 -0.154875 0.386875
0.073624998 -0.157125 0.38387501
0.073375002 -0.155875 0.38387501
0.074124999 -0.157875 0.384875
0.073875003 -0.157125 0.38512501
0.073375002 -0.155875 0.38512501
0.073875003 -0.15737499 0.386125
0.073624998 -0.155875 0.386125
0.073624998 -0.155875 0.386875
0.073875003 -0.158125 0.38387501
0.074375004 -0.157875 0.386125
0.074625 -0.157875 0.386875
0.074124999 -0.157125 0.386875
0.074625 -0.15987501 0.38512501
0.074375004 -0.159125 0.38512501
0.074874997 -0.159125 0.386125
0.074874997 -0.159125 0.38662499
0.074874997 -0.15737499 0.38887501
0.074874997 -0.157125 0.38987499
0.074874997 -0.157875 0.38787499
0.074625 -0.157125 0.388125
0.075374998 -0.157875 0.38887501
0.074625 -0.15987501 0.38387501
0.074375004 -0.159125 0.38387501
0.074625 -0.161125 0.38387501
0.076125003 -0.159125 0.388625
0.076624997 -0.159375 0.39012501
0.074874997 -0.15987501 0.38587499
0.075874999 -0.160125 0.386875
0.076375 -0.15987501 0.388125
0.075625002 -0.159375 0.388125
0.075874999 -0.16312499 0.38512501
0.075374998 -0.16187499 0.38512501
0.074874997 -0.161125 0.384875
0.076624997 -0.16312499 0.386125
0.076125003 -0.16187499 0.38587499
0.075374998 -0.161125 0.386125
0.076624997 -0.16187499 0.38712499
0.076125003 -0.161125 0.38662499
0.076875001 -0.161375 0.388125
0.076875001 -0.160125 0.38887501
0.076875001 -0.16312499 0.38662499
0.078125 -0.16312499 0.38787499
0.077375002 -0.16187499 0.388125
0.078125 -0.16187499 0.38887501
0.077375002 -0.161125 0.38887501
0.078874998 -0.16212501 0.39012501
0.078125 -0.161125 0.38987499
0.077875003 -0.15987501 0.39012501
0.076375 -0.163875 0.38512501
0.078874998 -0.16312499 0.38887501
0.076875001 -0.163875 0.386125
0.075374998 -0.16312499 0.38387501
0.074874997 -0.16187499 0.38387501
0.076125003 -0.163875 0.38387501
0.076875001 -0.165125 0.38587499
0.077624999 -0.165125 0.386875
0.077624999 -0.163875 0.386875
0.078125 -0.163875 0.38787499
0.077124998 -0.165875 0.386125
0.077875003 -0.165875 0.38712499
0.076375 -0.165875 0.38387501
0.076375 -0.165125 0.38387501
0.076875001 -0.165875 0.38512501
0.076624997 -0.165125 0.38512501
0.057875 -0.18762501 0.41187501
0.058874998 -0.18737499 0.41187501
0.060125001 -0.18737499 0.41187501
0.060874999 -0.18737499 0.41187501
0.058874998 -0.187125 0.41312501
0.060125001 -0.186875 0.412875
0.060874999 -0.187125 0.412875
0.060874999 -0.18637501 0.41387501
0.062125001 -0.187125 0.412875
0.062875003 -0.186875 0.41312501
0.062125001 -0.18637501 0.41387501
0.062875003 -0.18637501 0.41387501
0.059875 -0.188875 0.40762499
0.060625002 -0.187875 0.40962499
0.060125001 -0.188375 0.409125
0.060125001 -0.188125 0.40987501
0.060874999 -0.18862499 0.407875
0.060874999 -0.188375 0.409125
0.061875001 -0.188875 0.405875
0.062125001 -0.18862499 0.40687501
0.062125001 -0.188375 0.407875
0.060874999 -0.189125 0.40687501
0.060874999 -0.18962499 0.405875
0.062875003 -0.189125 0.40287501
0.060874999 -0.190375 0.40487501
0.062125001 -0.18962499 0.40387499
0.062125001 -0.189125 0.40487501
0.062624998 -0.188875 0.40412501
0.062875003 -0.18862499 0.40487501
0.062875003 -0.18862499 0.405875
0.060874999 -0.190375 0.40287501
0.061875001 -0.190125 0.40287501
0.060874999 -0.190375 0.40387499
0.062125001 -0.190375 0.400875
0.060874999 -0.190625 0.40187499
0.062125001 -0.190125 0.402125
0.062875003 -0.18962499 0.400875
0.062875003 -0.189125 0.40187499
0.064125001 -0.189125 0.39987499
0.063874997 -0.188875 0.400875
0.064125001 -0.188375 0.40487501
0.064874999 -0.188125 0.40487501
0.064125001 -0.188375 0.40287501
0.064874999 -0.188125 0.40287501
0.064125001 -0.188375 0.40387499
0.064874999 -0.188125 0.40412501
0.064874999 -0.188375 0.39987499
0.064874999 -0.188375 0.400875
0.064125001 -0.18862499 0.40187499
0.064874999 -0.188125 0.402125
0.065875001 -0.188125 0.39987499
0.067125 -0.187875 0.39987499
0.065624997 -0.188125 0.400875
0.066875003 -0.18762501 0.400875
0.057875 -0.189375 0.388125
0.057875 -0.18962499 0.38887501
0.058874998 -0.189375 0.38887501
0.057624999 -0.188875 0.384875
0.057875 -0.189125 0.386125
0.058874998 -0.18862499 0.386125
0.057875 -0.189375 0.386875
0.058625001 -0.188875 0.386875
0.060125001 -0.18862499 0.386875
0.058874998 -0.189125 0.38787499
0.060125001 -0.18862499 0.388125
0.061875001 -0.187875 0.384875
0.061875001 -0.187875 0.386125
0.060125001 -0.188375 0.386125
0.060874999 -0.188125 0.386125
0.061875001 -0.187875 0.386875
0.060874999 -0.188375 0.386875
0.058625001 -0.188875 0.38387501
0.057875 -0.189125 0.38387501
0.058874998 -0.18862499 0.38512501
0.060125001 -0.188375 0.38512501
0.060874999 -0.188125 0.38512501
0.060125001 -0.188875 0.38387501
0.060874999 -0.18862499 0.38387501
0.062875003 -0.18762501 0.386125
0.064125001 -0.18762501 0.38387501
0.062875003 -0.18762501 0.38512501
0.062624998 -0.187875 0.38387501
0.062125001 -0.188375 0.38387501
0.064874999 -0.187125 0.38387501
0.065875001 -0.186625 0.38387501
0.064125001 -0.18737499 0.38512501
0.064625002 -0.187125 0.38512501
0.065875001 -0.18637501 0.38512501
0.064625002 -0.187125 0.386125
0.065875001 -0.18637501 0.386125
0.065875001 -0.18637501 0.386875
0.070874996 -0.183125 0.38387501
0.058874998 -0.190375 0.39087501
0.060125001 -0.18962499 0.39087501
0.060874999 -0.189375 0.39087501
0.058874998 -0.190375 0.39212501
0.060125001 -0.190375 0.391875
0.061875001 -0.190125 0.393875
0.060125001 -0.190625 0.39362499
0.060874999 -0.190375 0.39362499
0.060125001 -0.190625 0.395125
0.060874999 -0.190375 0.395125
0.060125001 -0.190625 0.395625
0.062125001 -0.189125 0.390625
0.062875003 -0.18862499 0.39087501
0.060625002 -0.190125 0.39212501
0.062125001 -0.189375 0.39212501
0.062875003 -0.189125 0.391875
0.060125001 -0.190625 0.393125
0.060874999 -0.190125 0.393125
0.061875001 -0.190125 0.393125
0.062875003 -0.189375 0.393125
0.064125001 -0.188375 0.39087501
0.064625002 -0.187875 0.39087501
0.064125001 -0.18862499 0.39212501
0.065875001 -0.188125 0.39287499
0.064874999 -0.188125 0.39212501
0.065875001 -0.18762501 0.39212501
0.064874999 -0.18862499 0.393125
0.066875003 -0.186875 0.39212501
0.065875001 -0.187125 0.39087501
0.067125 -0.187125 0.393125
0.060874999 -0.190375 0.397625
0.062125001 -0.190375 0.39787501
0.062125001 -0.190375 0.39912501
0.061875001 -0.190125 0.395125
0.062125001 -0.190125 0.39587501
0.060874999 -0.190375 0.395625
0.060125001 -0.190625 0.39712501
0.060874999 -0.190375 0.39712501
0.062125001 -0.190375 0.39712501
0.062875003 -0.18987501 0.39787501
0.062875003 -0.18987501 0.39912501
0.064125001 -0.189125 0.39912501
0.064874999 -0.18862499 0.39912501
0.062624998 -0.190125 0.39987499
0.062875003 -0.18987501 0.39712501
0.064125001 -0.189125 0.39712501
0.064125001 -0.189125 0.39787501
0.064874999 -0.18862499 0.397625
0.062875003 -0.18962499 0.395125
0.062875003 -0.18962499 0.395625
0.064125001 -0.189125 0.39587501
0.064125001 -0.189125 0.39287499
0.062875003 -0.18962499 0.39362499
0.064125001 -0.189125 0.393875
0.064125001 -0.189125 0.395125
0.065875001 -0.188125 0.39712501
0.065875001 -0.188125 0.39787501
0.064874999 -0.18862499 0.395625
0.064874999 -0.18862499 0.39712501
0.066875003 -0.18762501 0.39712501
0.066875003 -0.18762501 0.397625
0.065875001 -0.188125 0.39587501
0.067874998 -0.187125 0.39712501
0.066875003 -0.18762501 0.395625
0.067874998 -0.187125 0.39787501
0.065875001 -0.188125 0.39912501
0.066875003 -0.18762501 0.39912501
0.067874998 -0.187125 0.39912501
0.064874999 -0.18862499 0.39362499
0.066124998 -0.188125 0.39362499
0.064874999 -0.18862499 0.395125
0.065875001 -0.188125 0.395125
0.066875003 -0.18762501 0.395125
0.060125001 -0.189125 0.38887501
0.060874999 -0.189125 0.38987499
0.060874999 -0.18862499 0.38887501
0.058874998 -0.18962499 0.39012501
0.060125001 -0.189375 0.39012501
0.062125001 -0.18862499 0.39012501
0.060874999 -0.188375 0.388125
0.062125001 -0.188125 0.388125
0.062125001 -0.188375 0.38887501
0.062875003 -0.187875 0.388125
0.062875003 -0.188125 0.388625
0.064125001 -0.18762501 0.38887501
0.062875003 -0.188375 0.39012501
0.063874997 -0.187875 0.39012501
0.064874999 -0.18737499 0.39012501
0.064874999 -0.187125 0.38787499
0.064125001 -0.18737499 0.388125
0.064874999 -0.187125 0.38887501
0.064125001 -0.187125 0.386125
0.062875003 -0.18762501 0.386875
0.064125001 -0.18737499 0.386875
0.064625002 -0.187125 0.386875
0.067874998 -0.186125 0.391875
0.068875 -0.185875 0.393125
0.067874998 -0.185875 0.39087501
0.069875002 -0.18512499 0.39287499
0.067874998 -0.185625 0.39012501
0.066875003 -0.18637501 0.39087501
0.069124997 -0.18537501 0.39087501
0.068875 -0.18537501 0.39212501
0.069124997 -0.18512499 0.38987499
0.070874996 -0.18387499 0.39012501
0.070874996 -0.18387499 0.39087501
0.071125001 -0.18412501 0.39212501
0.069875002 -0.184375 0.39012501
0.069875002 -0.184625 0.39087501
0.069624998 -0.18512499 0.39212501
0.071125001 -0.184375 0.393125
0.071874999 -0.183125 0.38987499
0.072125003 -0.183375 0.39087501
0.072875001 -0.183125 0.39212501
0.071625002 -0.18387499 0.393125
0.072875001 -0.182625 0.39087501
0.071874999 -0.183375 0.39212501
0.072875001 -0.182125 0.38887501
0.073875003 -0.18187501 0.39012501
0.073875003 -0.18187501 0.39087501
0.072875001 -0.182375 0.39012501
0.067874998 -0.186875 0.39587501
0.068875 -0.18637501 0.39712501
0.069124997 -0.186125 0.395125
0.069875002 -0.18537501 0.395125
0.070874996 -0.18512499 0.395125
0.068875 -0.18637501 0.395625
0.069624998 -0.185875 0.39587501
0.069624998 -0.185875 0.39712501
0.068875 -0.186625 0.397625
0.067874998 -0.18737499 0.39987499
0.069875002 -0.18637501 0.397625
0.069124997 -0.186875 0.39912501
0.069875002 -0.186625 0.39912501
0.071125001 -0.18637501 0.39912501
0.069124997 -0.187125 0.399625
0.067374997 -0.187125 0.39362499
0.066875003 -0.18762501 0.39362499
0.068875 -0.185875 0.393875
0.067874998 -0.18637501 0.393125
0.067874998 -0.186625 0.39362499
0.069875002 -0.18537501 0.393875
0.071125001 -0.184625 0.39362499
0.067625001 -0.187125 0.395125
0.071125001 -0.186125 0.39787501
0.071125001 -0.185625 0.39712501
0.071874999 -0.185625 0.397625
0.071125001 -0.18512499 0.39587501
0.071625002 -0.18512499 0.39587501
0.071874999 -0.18512499 0.39687499
0.072875001 -0.18412501 0.39487499
0.074124999 -0.18412501 0.39587501
0.071874999 -0.184375 0.395125
0.072875001 -0.184375 0.395625
0.072875001 -0.184875 0.39712501
0.074874997 -0.18387499 0.39587501
0.074124999 -0.184375 0.39712501
0.074874997 -0.184375 0.39712501
0.074874997 -0.184875 0.39787501
0.071874999 -0.18412501 0.393875
0.074124999 -0.182375 0.39212501
0.072875001 -0.183125 0.39287499
0.074124999 -0.18287501 0.393125
0.072875001 -0.183625 0.39362499
0.074124999 -0.183125 0.39362499
0.074124999 -0.183625 0.395125
0.074874997 -0.183375 0.395125
0.066875003 -0.185875 0.388125
0.067874998 -0.18537501 0.386125
0.066875003 -0.185875 0.386875
0.067874998 -0.18537501 0.386875
0.067874998 -0.18537501 0.388125
0.067874998 -0.185625 0.38887501
0.068875 -0.184875 0.386875
0.069875002 -0.18412501 0.388125
0.068875 -0.18512499 0.38887501
0.068875 -0.18512499 0.388125
0.069875002 -0.18412501 0.38887501
0.071125001 -0.183625 0.38887501
0.067125 -0.186125 0.38887501
0.065624997 -0.187125 0.39012501
0.067125 -0.186125 0.39012501
0.065875001 -0.186625 0.388125
0.065875001 -0.186625 0.38887501
0.066875003 -0.185875 0.38512501
0.066875003 -0.185875 0.386125
0.067125 -0.186125 0.38387501
0.068875 -0.184875 0.38387501
0.068125002 -0.18537501 0.38512501
0.067874998 -0.18537501 0.38387501
0.069875002 -0.18387499 0.386125
0.069875002 -0.18412501 0.386875
0.069624998 -0.18387499 0.38512501
0.068875 -0.184625 0.386125
0.071125001 -0.183125 0.386125
0.071125001 -0.183375 0.386875
0.071125001 -0.183375 0.388125
0.072624996 -0.18187501 0.386875
0.072624996 -0.18187501 0.388125
0.071625002 -0.183125 0.38887501
0.071125001 -0.183125 0.384875
0.072125003 -0.182125 0.386125
0.071625002 -0.18287501 0.388125
0.071874999 -0.182375 0.386875
0.071874999 -0.182125 0.38512501
0.069875002 -0.18387499 0.38387501
0.068875 -0.184625 0.38512501
0.080624998 -0.15987501 0.407875
0.080624998 -0.161125 0.409125
0.080624998 -0.16187499 0.40987501
0.080624998 -0.161125 0.40987501
0.080624998 -0.163875 0.40687501
0.080624998 -0.16312499 0.40687501
0.080624998 -0.16187499 0.40687501
0.080624998 -0.16312499 0.407875
0.080624998 -0.16187499 0.407875
0.080624998 -0.161125 0.407875
0.080624998 -0.16312499 0.409125
0.080624998 -0.16187499 0.409125
0.080624998 -0.163875 0.405875
0.080624998 -0.16312499 0.405875
0.080624998 -0.161125 0.40687501
0.080375001 -0.16312499 0.40387499
0.080375001 -0.16187499 0.40387499
0.080375001 -0.161125 0.40387499
0.080375001 -0.15987501 0.40387499
0.080375001 -0.16187499 0.40487501
0.080375001 -0.161125 0.40487501
0.080375001 -0.15987501 0.40487501
0.080375001 -0.161125 0.405875
0.080375001 -0.15987501 0.405875
0.080624998 -0.15987501 0.40687501
0.080375001 -0.16187499 0.39987499
0.080375001 -0.161125 0.39987499
0.080375001 -0.16187499 0.400875
0.080375001 -0.161125 0.400875
0.080375001 -0.16312499 0.40187499
0.080375001 -0.16187499 0.40187499
0.080375001 -0.161125 0.40187499
0.080375001 -0.15987501 0.40187499
0.080375001 -0.16312499 0.40287501
0.080375001 -0.16187499 0.40287501
0.080375001 -0.161125 0.40287501
0.080375001 -0.15987501 0.40287501
0.080375001 -0.163875 0.40387499
0.080375001 -0.16312499 0.40487501
0.080624998 -0.16187499 0.405875
0.080375001 -0.163875 0.40487501
0.080375001 -0.165125 0.40287501
0.080375001 -0.16187499 0.39912501
0.080375001 -0.163875 0.39987499
0.080375001 -0.16312499 0.39987499
0.080375001 -0.163875 0.400875
0.080375001 -0.16312499 0.400875
0.080375001 -0.163875 0.40187499
0.080375001 -0.163875 0.40287501
0.080124997 -0.163875 0.39787501
0.080124997 -0.16312499 0.39787501
0.080375001 -0.163875 0.39912501
0.080375001 -0.16312499 0.39912501
0.080124997 -0.165125 0.39787501
0.080124997 -0.165125 0.39912501
0.080375001 -0.165875 0.39987499
0.080375001 -0.165125 0.39987499
0.080375001 -0.166875 0.400875
0.080375001 -0.165875 0.400875
0.080624998 -0.166875 0.40187499
0.080375001 -0.165875 0.40187499
0.080124997 -0.165125 0.39712501
0.080375001 -0.168125 0.397625
0.080375001 -0.166875 0.397625
0.080124997 -0.165875 0.39787501
0.080375001 -0.168125 0.39912501
0.080375001 -0.166875 0.39912501
0.080124997 -0.165875 0.39912501
0.080375001 -0.168125 0.39987499
0.080375001 -0.166875 0.39987499
0.080624998 -0.168125 0.400875
0.080624998 -0.168125 0.40187499
0.080375001 -0.165125 0.40187499
0.080375001 -0.165125 0.400875
0.079875 -0.165125 0.393875
0.079875 -0.168125 0.395125
0.079875 -0.166875 0.395125
0.080124997 -0.165875 0.39487499
0.080124997 -0.168125 0.39587501
0.080124997 -0.166875 0.39587501
0.080375001 -0.168125 0.39712501
0.079875 -0.163875 0.393875
0.079875 -0.165125 0.395125
0.079875 -0.163875 0.395125
0.080124997 -0.165875 0.39587501
0.080124997 -0.165125 0.39587501
0.080124997 -0.166875 0.39712501
0.080124997 -0.165875 0.39712501
0.080624998 -0.177875 0.39987499
0.080624998 -0.176875 0.400875
0.080375001 -0.176125 0.400875
0.080375001 -0.17487501 0.400875
0.080624998 -0.176875 0.40187499
0.080624998 -0.176125 0.40187499
0.080624998 -0.176125 0.40287501
0.080624998 -0.176125 0.40387499
0.080624998 -0.17012499 0.40287501
0.080624998 -0.16887499 0.40287501
0.080624998 -0.16887499 0.40387499
0.080624998 -0.17012499 0.40387499
0.080875002 -0.170875 0.40487501
0.080624998 -0.17012499 0.40487501
0.080624998 -0.16887499 0.40487501
0.080624998 -0.165125 0.40687501
0.080624998 -0.165125 0.407875
0.080624998 -0.163875 0.409125
0.080624998 -0.163875 0.40987501
0.080624998 -0.163875 0.407875
0.080624998 -0.16312499 0.40987501
0.080624998 -0.165875 0.407875
0.080624998 -0.165875 0.409125
0.080624998 -0.165125 0.409125
0.080875002 -0.166875 0.40987501
0.080875002 -0.165875 0.40987501
0.080624998 -0.165125 0.40987501
0.080624998 -0.165125 0.411125
0.080624998 -0.163875 0.411125
0.080875002 -0.166875 0.411125
0.080875002 -0.165875 0.411125
0.080875002 -0.165875 0.41187501
0.080624998 -0.166875 0.407875
0.080624998 -0.168125 0.409125
0.080875002 -0.166875 0.409125
0.080875002 -0.168125 0.40987501
0.080624998 -0.168125 0.405875
0.080624998 -0.168125 0.40687501
0.080624998 -0.166875 0.40687501
0.080624998 -0.165875 0.40687501
0.080624998 -0.168125 0.407875
0.080624998 -0.16887499 0.409125
0.080624998 -0.165875 0.405875
0.080375001 -0.165125 0.40387499
0.080624998 -0.165875 0.40487501
0.080375001 -0.165125 0.40487501
0.080624998 -0.165125 0.405875
0.080624998 -0.166875 0.405875
0.080375001 -0.165875 0.40387499
0.080624998 -0.168125 0.40287501
0.080624998 -0.168125 0.40387499
0.080624998 -0.168125 0.40487501
0.080624998 -0.166875 0.40487501
0.080624998 -0.166875 0.40387499
0.080624998 -0.16887499 0.411125
0.080624998 -0.17012499 0.41187501
0.080624998 -0.16887499 0.41187501
0.080875002 -0.168125 0.41187501
0.080875002 -0.172875 0.41187501
0.080875002 -0.172125 0.41187501
0.080875002 -0.172875 0.41312501
0.080875002 -0.172125 0.41312501
0.080624998 -0.170875 0.41312501
0.080624998 -0.172125 0.409125
0.080875002 -0.172125 0.40987501
0.080875002 -0.172125 0.411125
0.080624998 -0.170875 0.41187501
0.080624998 -0.170875 0.409125
0.080624998 -0.170875 0.40987501
0.080624998 -0.17012499 0.40987501
0.080624998 -0.170875 0.411125
0.080624998 -0.17012499 0.411125
0.080624998 -0.17012499 0.405875
0.080624998 -0.16887499 0.405875
0.080624998 -0.17012499 0.40687501
0.080624998 -0.16887499 0.40687501
0.080624998 -0.17012499 0.407875
0.080624998 -0.16887499 0.407875
0.080875002 -0.170875 0.40612501
0.081124999 -0.17112499 0.40687501
0.080875002 -0.172125 0.407875
0.080875002 -0.170875 0.407875
0.080624998 -0.17012499 0.409125
0.080875002 -0.172125 0.40687501
0.080875002 -0.174125 0.40612501
0.080875002 -0.172875 0.40612501
0.080875002 -0.172125 0.40612501
0.080875002 -0.172875 0.40687501
0.080624998 -0.16887499 0.40987501
0.080875002 -0.168125 0.411125
0.080875002 -0.166875 0.41187501
0.080375001 -0.16887499 0.39912501
0.080375001 -0.17012499 0.39987499
0.080375001 -0.16887499 0.39987499
0.080375001 -0.17012499 0.400875
0.080375001 -0.16887499 0.400875
0.080375001 -0.170875 0.40187499
0.080624998 -0.17012499 0.40187499
0.080624998 -0.16887499 0.40187499
0.080124997 -0.16887499 0.395625
0.080124997 -0.170875 0.39712501
0.080124997 -0.17012499 0.39712501
0.080124997 -0.16887499 0.39712501
0.080124997 -0.172125 0.39787501
0.080375001 -0.170875 0.397625
0.080375001 -0.17012499 0.397625
0.080375001 -0.172875 0.39912501
0.080375001 -0.172125 0.39912501
0.079875 -0.17012499 0.39587501
0.080624998 -0.166875 0.40287501
0.080375001 -0.165875 0.40287501
0.080875002 -0.172125 0.40412501
0.080624998 -0.170875 0.40387499
0.080875002 -0.172125 0.40287501
0.080624998 -0.170875 0.40287501
0.080375001 -0.174125 0.400875
0.080624998 -0.172875 0.40187499
0.080624998 -0.172125 0.40187499
0.080875002 -0.172875 0.40287501
0.080375001 -0.16887499 0.397625
0.080375001 -0.170875 0.39912501
0.080375001 -0.17012499 0.39912501
0.080375001 -0.174125 0.39987499
0.080375001 -0.172875 0.39987499
0.080375001 -0.172125 0.39987499
0.080375001 -0.170875 0.39987499
0.080375001 -0.172875 0.400875
0.080375001 -0.172125 0.400875
0.080375001 -0.170875 0.400875
0.080875002 -0.172875 0.40412501
0.080875002 -0.17487501 0.40487501
0.080875002 -0.174125 0.40487501
0.080875002 -0.172875 0.40487501
0.080875002 -0.172125 0.40487501
0.080375001 -0.17487501 0.40187499
0.080624998 -0.174125 0.40187499
0.080624998 -0.17487501 0.40287501
0.080624998 -0.174125 0.40287501
0.080624998 -0.17487501 0.40387499
0.080875002 -0.174125 0.40412501
0.077875003 -0.17487501 0.388125
0.078125 -0.176125 0.38837501
0.078874998 -0.17487501 0.38887501
0.074375004 -0.179125 0.38512501
0.073875003 -0.179875 0.38387501
0.074625 -0.179125 0.38387501
0.076624997 -0.174125 0.38512501
0.076624997 -0.174125 0.38387501
0.076375 -0.17487501 0.38387501
0.075374998 -0.176875 0.38387501
0.075374998 -0.176875 0.38512501
0.074874997 -0.17812499 0.386125
0.075374998 -0.176875 0.386125
0.074874997 -0.17812499 0.38512501
0.076375 -0.17487501 0.38512501
0.076375 -0.17487501 0.386125
0.076624997 -0.174125 0.386125
0.076624997 -0.176125 0.38712499
0.076875001 -0.17487501 0.386875
0.077375002 -0.176125 0.388125
0.076125003 -0.176125 0.384875
0.076125003 -0.176375 0.386125
0.076125003 -0.176375 0.38387501
0.074874997 -0.17812499 0.38387501
0.076875001 -0.17012499 0.38512501
0.076875001 -0.170875 0.386125
0.076875001 -0.17012499 0.38587499
0.077624999 -0.16887499 0.386875
0.077624999 -0.168125 0.386875
0.078125 -0.168125 0.38787499
0.078125 -0.16887499 0.38787499
0.078125 -0.166875 0.38787499
0.076875001 -0.16887499 0.38587499
0.076875001 -0.168125 0.38587499
0.077624999 -0.166875 0.386875
0.079125002 -0.165125 0.388625
0.079125002 -0.165875 0.388625
0.078874998 -0.164125 0.38887501
0.079374999 -0.163875 0.39012501
0.079374999 -0.16312499 0.39012501
0.079875 -0.163875 0.39087501
0.079875 -0.163875 0.39212501
0.079875 -0.165125 0.39012501
0.079875 -0.165875 0.39012501
0.078374997 -0.165875 0.388125
0.078125 -0.165125 0.38787499
0.076875001 -0.166875 0.38587499
0.076875001 -0.166875 0.38512501
0.079125002 -0.166875 0.388625
0.078874998 -0.168125 0.388625
0.079875 -0.170875 0.393125
0.079374999 -0.17012499 0.393125
0.079875 -0.17012499 0.393875
0.079374999 -0.170875 0.39087501
0.079374999 -0.170875 0.39212501
0.076875001 -0.172125 0.386875
0.076875001 -0.17112499 0.38662499
0.076875001 -0.172875 0.386875
0.076875001 -0.174125 0.386875
0.077375002 -0.17012499 0.386875
0.077875003 -0.17112499 0.388125
0.078125 -0.170375 0.38787499
0.078874998 -0.16887499 0.38887501
0.078625001 -0.170875 0.38912499
0.078874998 -0.17012499 0.38887501
0.079125002 -0.17012499 0.39012501
0.077875003 -0.174375 0.388125
0.077875003 -0.172875 0.388125
0.078874998 -0.174125 0.38887501
0.078874998 -0.173125 0.38887501
0.077875003 -0.172125 0.388125
0.078874998 -0.172125 0.38887501
0.079374999 -0.170875 0.39012501
0.079374999 -0.172125 0.39012501
0.079875 -0.165125 0.39087501
0.079875 -0.165875 0.39212501
0.079875 -0.165125 0.39212501
0.079875 -0.166875 0.393125
0.079875 -0.165875 0.393125
0.079875 -0.165125 0.393125
0.079875 -0.163875 0.393125
0.079875 -0.168125 0.393875
0.079875 -0.166875 0.393875
0.079875 -0.165875 0.393875
0.079875 -0.166875 0.39087501
0.079875 -0.165875 0.39087501
0.079875 -0.166875 0.39212501
0.079875 -0.168125 0.393125
0.079374999 -0.166875 0.39012501
0.079374999 -0.168125 0.39087501
0.079875 -0.168125 0.39212501
0.079374999 -0.168125 0.39012501
0.079374999 -0.17012499 0.39087501
0.079374999 -0.16887499 0.39087501
0.079374999 -0.17012499 0.39212501
0.079374999 -0.16887499 0.39212501
0.079374999 -0.16887499 0.393125
0.079875 -0.16887499 0.393875
0.079875 -0.16887499 0.395125
0.079374999 -0.16887499 0.39012501
0.076624997 -0.166875 0.38387501
0.076624997 -0.168125 0.38387501
0.076875001 -0.168125 0.38512501
0.076875001 -0.170875 0.38387501
0.076875001 -0.170875 0.38512501
0.076875001 -0.172125 0.386125
0.076875001 -0.172875 0.38387501
0.076624997 -0.16887499 0.38387501
0.076875001 -0.16887499 0.38512501
0.076875001 -0.17012499 0.38387501
0.076875001 -0.172125 0.38512501
0.076624997 -0.172875 0.386125
0.076875001 -0.172125 0.38387501
0.076624997 -0.172875 0.38512501
0.074124999 -0.181375 0.38887501
0.074874997 -0.181125 0.38987499
0.074874997 -0.181375 0.39087501
0.076125003 -0.18062501 0.39012501
0.076875001 -0.180125 0.38987499
0.075874999 -0.179875 0.38887501
0.076624997 -0.179125 0.38912499
0.076875001 -0.17812499 0.388625
0.078125 -0.17937499 0.38987499
0.078125 -0.177875 0.389375
0.078874998 -0.176125 0.38887501
0.078125 -0.17712501 0.388625
0.078625001 -0.179125 0.39012501
0.078874998 -0.177875 0.38962501
0.078874998 -0.176875 0.389375
0.074874997 -0.182375 0.393125
0.074625 -0.183125 0.393875
0.076875001 -0.180875 0.39112499
0.076875001 -0.181375 0.39212501
0.076875001 -0.18187501 0.393125
0.076125003 -0.181125 0.39087501
0.075874999 -0.18187501 0.393125
0.074625 -0.18187501 0.39212501
0.076125003 -0.18162499 0.39212501
0.076125003 -0.182625 0.39362499
0.076875001 -0.182375 0.39362499
0.076125003 -0.183125 0.39487499
0.078125 -0.182375 0.39362499
0.076875001 -0.183125 0.39487499
0.078125 -0.183125 0.395125
0.078625001 -0.182125 0.39362499
0.078874998 -0.183125 0.395125
0.080875002 -0.177875 0.395125
0.080875002 -0.179125 0.39587501
0.080875002 -0.177875 0.39587501
0.080875002 -0.179125 0.39712501
0.080624998 -0.177875 0.39712501
0.080875002 -0.179875 0.39787501
0.080875002 -0.179125 0.39787501
0.080624998 -0.179125 0.39912501
0.080875002 -0.179875 0.39587501
0.080875002 -0.179875 0.393875
0.080875002 -0.179875 0.395125
0.080875002 -0.179125 0.395125
0.078874998 -0.181125 0.39212501
0.078125 -0.18062501 0.39087501
0.078125 -0.181125 0.391875
0.078125 -0.18187501 0.393125
0.078874998 -0.180125 0.39087501
0.078125 -0.179875 0.39037499
0.080624998 -0.179125 0.39212501
0.080624998 -0.177875 0.39212501
0.080624998 -0.177875 0.393125
0.080875002 -0.177875 0.393875
0.080124997 -0.17937499 0.390625
0.080124997 -0.179875 0.39137501
0.080375001 -0.177875 0.39087501
0.078874998 -0.18162499 0.393125
0.079875 -0.18187501 0.393875
0.080124997 -0.181125 0.39287499
0.080124997 -0.18062501 0.39212501
0.080624998 -0.179875 0.393125
0.080624998 -0.179125 0.393125
0.080875002 -0.179125 0.393875
0.080875002 -0.181125 0.395125
0.080624998 -0.181125 0.39362499
0.080624998 -0.179875 0.39212501
0.073624998 -0.181125 0.386875
0.071874999 -0.18187501 0.38387501
0.073124997 -0.181375 0.386125
0.072875001 -0.181125 0.38387501
0.073875003 -0.179875 0.38512501
0.072875001 -0.181125 0.38512501
0.074874997 -0.179125 0.386875
0.074124999 -0.18037499 0.386875
0.073875003 -0.181125 0.388125
0.074124999 -0.180125 0.386125
0.074625 -0.179125 0.386125
0.074625 -0.179875 0.388125
0.074874997 -0.18062501 0.38887501
0.076125003 -0.17712501 0.386875
0.075625002 -0.179125 0.388125
0.076125003 -0.17812499 0.38787499
0.075374998 -0.177875 0.386875
0.076875001 -0.17712501 0.38787499
0.080124997 -0.172875 0.393875
0.080124997 -0.172125 0.39362499
0.079875 -0.170875 0.393875
0.079875 -0.17012499 0.395125
0.080375001 -0.174125 0.395125
0.080124997 -0.172875 0.395125
0.080124997 -0.172125 0.395125
0.080124997 -0.17112499 0.39487499
0.080375001 -0.174125 0.395625
0.080124997 -0.172875 0.39587501
0.080124997 -0.172125 0.39587501
0.080124997 -0.170875 0.39587501
0.080375001 -0.174125 0.39712501
0.080124997 -0.172875 0.39712501
0.080124997 -0.172125 0.39712501
0.080375001 -0.174125 0.397625
0.080124997 -0.172875 0.39787501
0.080375001 -0.174125 0.39912501
0.079875 -0.17237499 0.39212501
0.080124997 -0.172875 0.393125
0.079875 -0.17237499 0.393125
0.080124997 -0.174125 0.393875
0.080124997 -0.172875 0.39212501
0.080124997 -0.174125 0.393125
0.080124997 -0.174125 0.39212501
0.080624998 -0.17487501 0.393125
0.079875 -0.174125 0.39012501
0.079374999 -0.172875 0.39012501
0.080375001 -0.17487501 0.39087501
0.080124997 -0.174125 0.39087501
0.080124997 -0.17487501 0.38987499
0.080124997 -0.173125 0.39087501
0.079875 -0.172125 0.39087501
0.080375001 -0.17487501 0.39212501
0.080375001 -0.176875 0.39212501
0.080375001 -0.176125 0.39212501
0.080375001 -0.176875 0.39087501
0.080375001 -0.176125 0.39087501
0.080124997 -0.176125 0.38987499
0.080124997 -0.17712501 0.38987499
0.079875 -0.177875 0.39012501
0.080375001 -0.17487501 0.395625
0.080375001 -0.176125 0.39712501
0.080375001 -0.17487501 0.39712501
0.080375001 -0.176125 0.397625
0.080375001 -0.17487501 0.397625
0.080624998 -0.176875 0.39912501
0.080375001 -0.176125 0.39912501
0.080375001 -0.17487501 0.39912501
0.080624998 -0.176875 0.39987499
0.080375001 -0.176125 0.39987499
0.080375001 -0.17487501 0.39987499
0.080624998 -0.176875 0.395125
0.080624998 -0.176125 0.395125
0.080375001 -0.17487501 0.395125
0.080624998 -0.176875 0.395625
0.080375001 -0.176125 0.395625
0.080624998 -0.176875 0.39712501
0.080624998 -0.177875 0.397625
0.080624998 -0.176875 0.397625
0.080624998 -0.177875 0.39912501
0.080624998 -0.176875 0.39362499
0.080624998 -0.176125 0.39362499
0.080375001 -0.17487501 0.39362499
0.080624998 -0.176875 0.393125
0.080624998 -0.176125 0.393125
0.073375002 -0.15387499 0.388125
0.073624998 -0.15387499 0.38887501
0.074124999 -0.154875 0.38987499
0.073624998 -0.15387499 0.39012501
0.075874999 -0.15412501 0.39712501
0.076125003 -0.15387499 0.39787501
0.078125 -0.15387499 0.40062499
0.078125 -0.153625 0.40187499
0.079625003 -0.15412501 0.40387499
0.079875 -0.15412501 0.40487501
0.078874998 -0.153625 0.40387499
0.078874998 -0.15387499 0.40187499
0.078874998 -0.15412501 0.400875
0.078874998 -0.15387499 0.40262499
0.076875001 -0.15512501 0.39712501
0.076624997 -0.15412501 0.39912501
0.076875001 -0.15387499 0.399625
0.076875001 -0.154625 0.397625
0.078125 -0.154625 0.39912501
0.078125 -0.15412501 0.39987499
0.077875003 -0.15512501 0.39787501
0.078125 -0.155375 0.39712501
0.078874998 -0.155625 0.39712501
0.078874998 -0.155375 0.397625
0.078874998 -0.15512501 0.398875
0.078874998 -0.154625 0.39987499
0.079875 -0.15512501 0.400875
0.079374999 -0.154875 0.39987499
0.074874997 -0.15412501 0.395125
0.074625 -0.15387499 0.39362499
0.073875003 -0.15412501 0.39087501
0.074625 -0.154875 0.39212501
0.074124999 -0.15387499 0.39212501
0.074874997 -0.155875 0.39287499
0.074874997 -0.154875 0.393125
0.074375004 -0.15387499 0.393125
0.074874997 -0.15512501 0.393875
0.075374998 -0.15387499 0.395625
0.076125003 -0.154875 0.395625
0.075874999 -0.15612499 0.393875
0.075625002 -0.15512501 0.395125
0.074375004 -0.154875 0.39087501
0.074874997 -0.15612499 0.39212501
0.078125 -0.155875 0.39587501
0.076624997 -0.15612499 0.395125
0.076875001 -0.155625 0.395625
0.078874998 -0.15637501 0.39612499
0.080124997 -0.157125 0.39687499
0.079875 -0.15612499 0.39912501
0.080124997 -0.155875 0.39987499
0.080124997 -0.155875 0.400875
0.079374999 -0.155875 0.39712501
0.079875 -0.15612499 0.39787501
0.079875 -0.158125 0.395125
0.079625003 -0.15737499 0.395625
0.076875001 -0.158125 0.39212501
0.076875001 -0.15737499 0.393125
0.076875001 -0.157125 0.39362499
0.077875003 -0.157125 0.393875
0.078125 -0.156625 0.395125
0.075874999 -0.157125 0.393125
0.076125003 -0.157625 0.39212501
0.077124998 -0.158875 0.39087501
0.078125 -0.157875 0.39287499
0.078125 -0.158875 0.391875
0.078625001 -0.159125 0.39212501
0.078874998 -0.157125 0.395125
0.078125 -0.159375 0.39087501
0.079125002 -0.158875 0.393125
0.078874998 -0.157875 0.39362499
0.078625001 -0.160125 0.39087501
0.079125002 -0.15987501 0.39212501
0.080124997 -0.159125 0.393875
0.073124997 -0.15387499 0.386125
0.073375002 -0.15387499 0.386875
0.072875001 -0.15387499 0.38387501
0.072875001 -0.15412501 0.38512501
0.079374999 -0.161125 0.39087501
0.078874998 -0.161125 0.390625
0.080375001 -0.154875 0.40487501
0.080375001 -0.154875 0.405875
0.080375001 -0.154875 0.40687501
0.080124997 -0.154875 0.40262499
0.080375001 -0.154875 0.40387499
0.080375001 -0.155875 0.40187499
0.080375001 -0.157875 0.40287501
0.080375001 -0.157125 0.40287501
0.080375001 -0.155875 0.40287501
0.080375001 -0.155875 0.40387499
0.080375001 -0.157125 0.405875
0.080375001 -0.157875 0.40687501
0.080624998 -0.157125 0.40687501
0.080624998 -0.155875 0.405875
0.080624998 -0.155875 0.40687501
0.080375001 -0.159125 0.40387499
0.080375001 -0.157875 0.40387499
0.080375001 -0.157125 0.40387499
0.080375001 -0.159125 0.40487501
0.080375001 -0.157875 0.40487501
0.080375001 -0.157125 0.40487501
0.080375001 -0.155875 0.40487501
0.080375001 -0.157875 0.405875
0.079875 -0.15512501 0.402125
0.080375001 -0.161125 0.39912501
0.080375001 -0.15987501 0.39987499
0.080375001 -0.159125 0.39987499
0.080375001 -0.15987501 0.400875
0.080375001 -0.159125 0.400875
0.080375001 -0.157875 0.400875
0.080124997 -0.157125 0.400875
0.080375001 -0.159125 0.40187499
0.080375001 -0.157875 0.40187499
0.080375001 -0.157125 0.40187499
0.080375001 -0.159125 0.40287501
0.080375001 -0.15987501 0.409125
0.080375001 -0.159125 0.405875
0.080375001 -0.159125 0.40687501
0.080124997 -0.159125 0.39712501
0.080124997 -0.157875 0.39712501
0.080124997 -0.159125 0.39787501
0.080124997 -0.157875 0.39787501
0.080124997 -0.157125 0.39787501
0.080124997 -0.157875 0.39912501
0.080124997 -0.157125 0.39912501
0.080124997 -0.157125 0.39987499
0.080124997 -0.159125 0.39587501
0.080124997 -0.157875 0.39587501
0.080375001 -0.161125 0.397625
0.080124997 -0.15987501 0.39787501
0.080375001 -0.15987501 0.39912501
0.080124997 -0.159125 0.39912501
0.080124997 -0.157875 0.39987499
0.080124997 -0.163875 0.39687499
0.080124997 -0.16187499 0.39787501
0.079875 -0.16187499 0.393875
0.079875 -0.161125 0.395125
0.080124997 -0.15987501 0.395125
0.080124997 -0.15987501 0.39587501
0.080124997 -0.15987501 0.39712501
0.080124997 -0.15987501 0.39287499
0.079875 -0.16187499 0.393125
0.080124997 -0.161375 0.393125
0.079875 -0.161125 0.393875
0.080124997 -0.15987501 0.393875
0.080124997 -0.161125 0.391875
0.080124997 -0.16187499 0.39212501
0.079875 -0.16312499 0.393125
0.080124997 -0.159125 0.395125
0.079875 -0.16312499 0.393875
0.079875 -0.16312499 0.395125
0.079875 -0.16187499 0.395125
0.079875 -0.163875 0.39587501
0.079875 -0.16312499 0.39587501
0.080124997 -0.16187499 0.39587501
0.080124997 -0.161125 0.39587501
0.080124997 -0.16312499 0.39712501
0.080124997 -0.16187499 0.39712501
0.080124997 -0.161125 0.39712501
0.079875 -0.16187499 0.39087501
0.079875 -0.16312499 0.391875
0.080124997 -0.16312499 0.39087501
0.062875003 -0.18412501 0.416875
0.064125001 -0.18412501 0.416875
0.065875001 -0.18287501 0.41787499
0.066875003 -0.182125 0.418125
0.067874998 -0.182125 0.418125
0.067125 -0.181125 0.41887501
0.064874999 -0.183125 0.41787499
0.065875001 -0.18187501 0.41837499
0.065875001 -0.18512499 0.41587499
0.067125 -0.18512499 0.41587499
0.064874999 -0.18387499 0.416875
0.067874998 -0.184875 0.41587499
0.065875001 -0.18387499 0.416875
0.066875003 -0.18387499 0.41662499
0.067874998 -0.183375 0.41712499
0.067874998 -0.18387499 0.41637501
0.066875003 -0.183125 0.417375
0.066875003 -0.179875 0.419875
0.065875001 -0.179125 0.42087501
0.066875003 -0.178875 0.420625
0.067874998 -0.17812499 0.42112499
0.069875002 -0.17812499 0.42087501
0.067874998 -0.179125 0.42037499
0.065875001 -0.177875 0.42162499
0.066875003 -0.177875 0.42137501
0.068875 -0.17812499 0.42087501
0.067874998 -0.179875 0.419875
0.068875 -0.179875 0.419875
0.069875002 -0.17937499 0.42012501
0.071125001 -0.179125 0.42012501
0.071125001 -0.177875 0.42087501
0.069875002 -0.179875 0.41962501
0.071125001 -0.18037499 0.41912499
0.068875 -0.179125 0.42037499
0.068875 -0.18187501 0.41787499
0.067625001 -0.181125 0.41887501
0.069124997 -0.181125 0.41887501
0.069875002 -0.180875 0.418625
0.071874999 -0.18037499 0.41912499
0.069124997 -0.183125 0.416875
0.069875002 -0.18187501 0.41787499
0.068875 -0.18412501 0.416125
0.071125001 -0.181125 0.418625
0.069875002 -0.183125 0.416875
0.071125001 -0.183125 0.416875
0.071874999 -0.183125 0.416875
0.072875001 -0.18287501 0.41662499
0.071125001 -0.18187501 0.41787499
0.071874999 -0.18187501 0.41787499
0.069624998 -0.18412501 0.416125
0.071874999 -0.181125 0.41837499
0.068875 -0.17712501 0.421875
0.067874998 -0.17712501 0.42212501
0.069875002 -0.176875 0.421875
0.071125001 -0.176875 0.421875
0.071874999 -0.176375 0.42212501
0.069875002 -0.176125 0.42262501
0.071125001 -0.176125 0.42237499
0.072875001 -0.176375 0.421875
0.071874999 -0.179125 0.42012501
0.071874999 -0.177875 0.42087501
0.071874999 -0.176875 0.42162499
0.074874997 -0.181125 0.41787499
0.072875001 -0.181375 0.418125
0.074124999 -0.181125 0.418125
0.076125003 -0.181125 0.41787499
0.072875001 -0.180125 0.41887501
0.072875001 -0.18187501 0.41762501
0.074124999 -0.18187501 0.417375
0.074124999 -0.18287501 0.41662499
0.074874997 -0.182125 0.41712499
0.076125003 -0.182125 0.416875
0.074874997 -0.174125 0.42287499
0.074124999 -0.172875 0.42337501
0.074874997 -0.172875 0.423125
0.072875001 -0.172125 0.42362499
0.074124999 -0.172125 0.42362499
0.074874997 -0.172125 0.42337501
0.072875001 -0.174125 0.423125
0.074124999 -0.174125 0.42287499
0.071125001 -0.17487501 0.42287499
0.071874999 -0.174375 0.423125
0.071874999 -0.172875 0.42337501
0.072875001 -0.172875 0.42337501
0.076125003 -0.173125 0.423125
0.076125003 -0.174125 0.42262501
0.074124999 -0.170875 0.423875
0.074874997 -0.170875 0.42362499
0.076125003 -0.172125 0.42337501
0.076624997 -0.172125 0.42287499
0.076125003 -0.170875 0.42337501
0.076875001 -0.17012499 0.423125
0.076875001 -0.17112499 0.423125
0.078125 -0.170875 0.42287499
0.076875001 -0.174125 0.42262501
0.078874998 -0.172875 0.42262501
0.078125 -0.172125 0.42262501
0.078874998 -0.172125 0.42287499
0.071874999 -0.17487501 0.42287499
0.072875001 -0.17487501 0.42262501
0.074124999 -0.17487501 0.42262501
0.074874997 -0.17487501 0.42262501
0.072875001 -0.179125 0.419875
0.074124999 -0.178875 0.419875
0.074874997 -0.17812499 0.42012501
0.076125003 -0.17812499 0.42012501
0.072875001 -0.177875 0.420625
0.074124999 -0.17712501 0.42112499
0.074874997 -0.179125 0.41962501
0.074124999 -0.177875 0.42037499
0.072875001 -0.176875 0.42137501
0.074874997 -0.17712501 0.42087501
0.075874999 -0.176875 0.42087501
0.074124999 -0.176125 0.421875
0.074874997 -0.176125 0.421875
0.076875001 -0.17587499 0.421875
0.076125003 -0.17487501 0.42237499
0.076875001 -0.17487501 0.42237499
0.076875001 -0.176875 0.42087501
0.076125003 -0.17587499 0.421875
0.076875001 -0.172875 0.42287499
0.078125 -0.172875 0.42262501
0.078125 -0.174125 0.42262501
0.078874998 -0.174125 0.42262501
0.080124997 -0.172875 0.42262501
0.080124997 -0.172125 0.42287499
0.076875001 -0.17812499 0.42012501
0.073875003 -0.179875 0.41887501
0.074874997 -0.179875 0.41887501
0.076125003 -0.179875 0.418625
0.076875001 -0.179875 0.418625
0.076125003 -0.179125 0.419375
0.077875003 -0.179125 0.41887501
0.076875001 -0.17937499 0.41887501
0.078874998 -0.179875 0.41787499
0.078625001 -0.181375 0.416875
0.078125 -0.180125 0.418125
0.079875 -0.181125 0.416875
0.080124997 -0.179875 0.41787499
0.078874998 -0.178875 0.418625
0.078125 -0.175125 0.42212501
0.078874998 -0.175125 0.421875
0.078125 -0.176125 0.42137501
0.078874998 -0.176375 0.42112499
0.078125 -0.177875 0.419875
0.078874998 -0.17712501 0.42012501
0.078125 -0.176875 0.420625
0.080124997 -0.17712501 0.42012501
0.080124997 -0.174125 0.42237499
0.080875002 -0.175125 0.42087501
0.080875002 -0.174125 0.421875
0.080124997 -0.176125 0.42087501
0.080124997 -0.17487501 0.421875
0.081625 -0.17487501 0.42012501
0.080124997 -0.17812499 0.41912499
0.080124997 -0.179125 0.418625
0.078874998 -0.177875 0.41962501
0.081375003 -0.176875 0.41887501
0.081124999 -0.176875 0.41962501
0.081124999 -0.176375 0.42012501
0.081625 -0.176125 0.41887501
0.081625 -0.176125 0.416875
0.081625 -0.17487501 0.416875
0.081874996 -0.176875 0.416875
0.081874996 -0.176875 0.418125
0.080875002 -0.179125 0.41787499
0.080875002 -0.177875 0.41887501
0.081124999 -0.180125 0.416875
0.081874996 -0.177875 0.416875
0.081625 -0.177875 0.418125
0.081625 -0.179125 0.416875
0.078625001 -0.17012499 0.423125
0.078625001 -0.16887499 0.423125
0.078874998 -0.168125 0.42287499
0.080124997 -0.168125 0.42287499
0.079875 -0.16887499 0.42287499
0.081124999 -0.16887499 0.42212501
0.079875 -0.17012499 0.42287499
0.080875002 -0.168375 0.421875
0.080875002 -0.166875 0.421875
0.080624998 -0.165875 0.42212501
0.078874998 -0.170875 0.42287499
0.079875 -0.170875 0.42287499
0.081625 -0.16887499 0.42012501
0.081375003 -0.16887499 0.42087501
0.081375003 -0.17012499 0.42087501
0.081375003 -0.16887499 0.418125
0.081375003 -0.16887499 0.41887501
0.081124999 -0.170875 0.416875
0.081375003 -0.170875 0.418125
0.081375003 -0.17012499 0.418125
0.081375003 -0.170875 0.41887501
0.081375003 -0.17012499 0.41887501
0.081625 -0.170875 0.42012501
0.081375003 -0.17012499 0.42012501
0.081124999 -0.170875 0.42212501
0.081124999 -0.17012499 0.42212501
0.081625 -0.170875 0.42087501
0.080875002 -0.173125 0.421875
0.081124999 -0.172125 0.42212501
0.081625 -0.172125 0.42087501
0.081124999 -0.172125 0.416875
0.081375003 -0.172875 0.418125
0.081375003 -0.172125 0.418125
0.081625 -0.172125 0.41887501
0.081625 -0.172875 0.42012501
0.081625 -0.172875 0.41887501
0.081625 -0.172125 0.42012501
0.080624998 -0.170875 0.41387501
0.080875002 -0.17237499 0.41462499
0.081124999 -0.17012499 0.416875
0.081124999 -0.16887499 0.416875
0.081375003 -0.174125 0.416875
0.081375003 -0.172875 0.416875
0.080875002 -0.172875 0.41387501
0.081124999 -0.172875 0.414875
0.081375003 -0.174125 0.416125
0.081124999 -0.172875 0.416125
0.080875002 -0.172125 0.416125
0.081625 -0.172875 0.42087501
0.081625 -0.174125 0.42012501
0.081375003 -0.174125 0.42087501
0.081625 -0.17487501 0.41887501
0.081625 -0.174125 0.41887501
0.081874996 -0.176125 0.418125
0.081625 -0.17487501 0.418125
0.081625 -0.174125 0.418125
0.062125001 -0.18762501 0.411125
0.062875003 -0.18762501 0.411125
0.064125001 -0.18737499 0.411125
0.062125001 -0.187125 0.41187501
0.062875003 -0.187125 0.41187501
0.064125001 -0.187125 0.41187501
0.062125001 -0.188125 0.409125
0.062125001 -0.188125 0.40962499
0.062875003 -0.187875 0.40987501
0.060874999 -0.18762501 0.411125
0.062125001 -0.185875 0.41462499
0.060874999 -0.18537501 0.416125
0.062125001 -0.18512499 0.416125
0.062875003 -0.18512499 0.416125
0.062875003 -0.185875 0.41462499
0.064125001 -0.185625 0.414875
0.064125001 -0.18512499 0.41587499
0.064125001 -0.186125 0.41387501
0.064874999 -0.185625 0.414875
0.065875001 -0.185625 0.414875
0.064874999 -0.18512499 0.41587499
0.064874999 -0.186125 0.41387501
0.065624997 -0.186125 0.41387501
0.067125 -0.186125 0.41387501
0.067874998 -0.186125 0.41387501
0.066875003 -0.185625 0.414875
0.067874998 -0.18537501 0.414875
0.064874999 -0.188125 0.407875
0.065624997 -0.188125 0.407875
0.062875003 -0.188125 0.409125
0.064125001 -0.187875 0.40887499
0.064874999 -0.188125 0.40887499
0.064125001 -0.18762501 0.40987501
0.065875001 -0.187875 0.409125
0.067125 -0.187875 0.409125
0.064874999 -0.18762501 0.40987501
0.065875001 -0.18762501 0.40987501
0.064874999 -0.187125 0.41187501
0.065875001 -0.187125 0.41187501
0.064125001 -0.186625 0.41312501
0.064874999 -0.186625 0.41312501
0.065875001 -0.186625 0.41312501
0.066875003 -0.186625 0.41312501
0.067874998 -0.186625 0.41312501
0.066875003 -0.18762501 0.40987501
0.067874998 -0.18762501 0.40987501
0.064874999 -0.18737499 0.411125
0.065875001 -0.18737499 0.411125
0.066875003 -0.18737499 0.411125
0.067874998 -0.18737499 0.411125
0.067125 -0.187125 0.41187501
0.067874998 -0.187125 0.41187501
0.068875 -0.18762501 0.40987501
0.068875 -0.18737499 0.411125
0.069875002 -0.18737499 0.411125
0.069124997 -0.187125 0.41187501
0.069875002 -0.187125 0.41187501
0.068875 -0.186625 0.41312501
0.062875003 -0.188375 0.40687501
0.064125001 -0.188375 0.40687501
0.062875003 -0.188375 0.407875
0.064125001 -0.188125 0.407875
0.064125001 -0.188375 0.405875
0.064874999 -0.188125 0.40612501
0.064874999 -0.188125 0.40687501
0.065875001 -0.188125 0.40687501
0.065875001 -0.188125 0.40487501
0.065875001 -0.188125 0.40612501
0.067125 -0.188125 0.40612501
0.067874998 -0.188125 0.40612501
0.067125 -0.188125 0.40687501
0.067125 -0.188125 0.40487501
0.067874998 -0.188125 0.40487501
0.068875 -0.188125 0.404625
0.069875002 -0.187875 0.40487501
0.071125001 -0.187875 0.40487501
0.069124997 -0.188125 0.40612501
0.067874998 -0.188125 0.40687501
0.067125 -0.188125 0.407875
0.067874998 -0.187875 0.407875
0.067874998 -0.187875 0.409125
0.068875 -0.18762501 0.40287501
0.069875002 -0.18762501 0.40287501
0.067125 -0.187875 0.40412501
0.067874998 -0.188125 0.40412501
0.069124997 -0.187875 0.40412501
0.069875002 -0.187875 0.40412501
0.071125001 -0.18762501 0.40387499
0.065875001 -0.187875 0.40287501
0.067125 -0.187875 0.40287501
0.067874998 -0.18762501 0.40287501
0.065875001 -0.188125 0.40387499
0.069124997 -0.186125 0.41387501
0.068875 -0.18537501 0.414875
0.069875002 -0.18537501 0.41512501
0.071125001 -0.187125 0.41187501
0.069875002 -0.186625 0.41312501
0.071125001 -0.18637501 0.41312501
0.069875002 -0.186125 0.41387501
0.070874996 -0.185875 0.41387501
0.071125001 -0.18537501 0.41512501
0.071125001 -0.18412501 0.416125
0.071874999 -0.18412501 0.416125
0.068875 -0.18512499 0.41562501
0.071874999 -0.18637501 0.41312501
0.071874999 -0.185875 0.41387501
0.071125001 -0.187875 0.409125
0.071874999 -0.187875 0.409125
0.069875002 -0.18762501 0.40987501
0.071125001 -0.18762501 0.40987501
0.071874999 -0.18762501 0.40987501
0.071125001 -0.18737499 0.411125
0.071874999 -0.186875 0.41187501
0.072875001 -0.186625 0.41312501
0.072875001 -0.186125 0.41387501
0.074124999 -0.185875 0.41387501
0.074874997 -0.185875 0.41387501
0.072875001 -0.18762501 0.409125
0.072875001 -0.18737499 0.40987501
0.071874999 -0.18737499 0.411125
0.072875001 -0.187125 0.411125
0.072875001 -0.186875 0.41187501
0.071874999 -0.18512499 0.414875
0.072875001 -0.18387499 0.41587499
0.072624996 -0.18512499 0.414875
0.074124999 -0.18387499 0.41587499
0.074874997 -0.18387499 0.41587499
0.074874997 -0.183125 0.41637501
0.074124999 -0.18512499 0.414875
0.074874997 -0.18512499 0.41462499
0.076125003 -0.183375 0.416125
0.076875001 -0.18512499 0.41387501
0.077875003 -0.18512499 0.41387501
0.076125003 -0.184875 0.41462499
0.076875001 -0.18412501 0.414875
0.076125003 -0.18387499 0.41537499
0.076125003 -0.185875 0.413625
0.074124999 -0.186625 0.41312501
0.074874997 -0.18637501 0.41312501
0.076125003 -0.18637501 0.41312501
0.074124999 -0.18762501 0.409125
0.074124999 -0.18737499 0.40987501
0.074874997 -0.18737499 0.40987501
0.076125003 -0.18737499 0.40987501
0.074124999 -0.187125 0.411125
0.074874997 -0.187125 0.411125
0.076125003 -0.187125 0.411125
0.074124999 -0.187125 0.411625
0.074874997 -0.187125 0.411625
0.076875001 -0.187125 0.411125
0.076125003 -0.187125 0.411625
0.076875001 -0.186875 0.41187501
0.067874998 -0.18737499 0.400875
0.065875001 -0.18762501 0.40187499
0.066875003 -0.18762501 0.40187499
0.067874998 -0.18762501 0.40187499
0.068875 -0.18737499 0.40187499
0.069875002 -0.187125 0.40062499
0.069875002 -0.186875 0.39987499
0.071125001 -0.186625 0.39987499
0.068875 -0.18737499 0.400875
0.071874999 -0.18637501 0.39987499
0.071125001 -0.186875 0.400875
0.071874999 -0.186625 0.400875
0.069875002 -0.18737499 0.40187499
0.071125001 -0.187125 0.40187499
0.071625002 -0.187125 0.40187499
0.071125001 -0.18737499 0.40287501
0.071874999 -0.18762501 0.40387499
0.071874999 -0.18737499 0.40287501
0.072875001 -0.18737499 0.40287501
0.072875001 -0.18762501 0.40387499
0.072875001 -0.186875 0.402125
0.074124999 -0.18737499 0.40287501
0.074874997 -0.185625 0.39987499
0.072875001 -0.18637501 0.400875
0.074124999 -0.18637501 0.400875
0.074874997 -0.186125 0.40062499
0.074124999 -0.187125 0.402125
0.076125003 -0.18512499 0.398875
0.076125003 -0.185625 0.39987499
0.076125003 -0.186125 0.40062499
0.076875001 -0.186125 0.40062499
0.074874997 -0.186875 0.402125
0.076125003 -0.187125 0.402125
0.074874997 -0.18737499 0.40287501
0.069124997 -0.188125 0.40687501
0.069875002 -0.188125 0.40687501
0.071125001 -0.187875 0.40687501
0.069124997 -0.187875 0.407875
0.069875002 -0.187875 0.407875
0.071125001 -0.187875 0.407875
0.071874999 -0.187875 0.407875
0.069124997 -0.187875 0.409125
0.069875002 -0.187875 0.409125
0.071874999 -0.187875 0.40487501
0.069875002 -0.188125 0.40612501
0.071125001 -0.187875 0.40612501
0.071874999 -0.187875 0.40612501
0.071874999 -0.187875 0.40687501
0.072875001 -0.187875 0.407875
0.072875001 -0.187875 0.40487501
0.074124999 -0.187875 0.40487501
0.072875001 -0.187875 0.40612501
0.074124999 -0.187875 0.40612501
0.072875001 -0.187875 0.40687501
0.074124999 -0.18762501 0.40387499
0.074874997 -0.187875 0.40487501
0.074874997 -0.18762501 0.409125
0.076125003 -0.18762501 0.409125
0.076875001 -0.18737499 0.40987501
0.074874997 -0.187875 0.40612501
0.074124999 -0.187875 0.40687501
0.074874997 -0.187875 0.40687501
0.076125003 -0.187875 0.40687501
0.074124999 -0.187875 0.407875
0.074874997 -0.187875 0.407875
0.076125003 -0.18762501 0.407875
0.076875001 -0.18762501 0.40387499
0.076125003 -0.18762501 0.40487501
0.076875001 -0.18762501 0.40487501
0.076125003 -0.187875 0.40612501
0.076875001 -0.18762501 0.405875
0.076875001 -0.18762501 0.40687501
0.076875001 -0.18762501 0.407875
0.078125 -0.18737499 0.407875
0.074874997 -0.18762501 0.40387499
0.076125003 -0.18762501 0.40387499
0.076875001 -0.186625 0.40187499
0.076125003 -0.187125 0.40287501
0.076875001 -0.187125 0.40262499
0.078125 -0.186625 0.40187499
0.078125 -0.187125 0.40262499
0.078874998 -0.186625 0.40287501
0.078125 -0.187125 0.40412501
0.078874998 -0.186625 0.40387499
0.078125 -0.187125 0.40487501
0.078125 -0.187125 0.40612501
0.078125 -0.18737499 0.40687501
0.076875001 -0.186125 0.41312501
0.078125 -0.186125 0.412875
0.078874998 -0.186125 0.41312501
0.078125 -0.186875 0.41187501
0.078125 -0.187125 0.411125
0.076875001 -0.18762501 0.409125
0.078125 -0.18737499 0.409125
0.078125 -0.18737499 0.40987501
0.078625001 -0.187125 0.409125
0.078625001 -0.187125 0.40987501
0.072875001 -0.185875 0.39987499
0.071874999 -0.186125 0.398875
0.072875001 -0.18537501 0.397625
0.072875001 -0.185625 0.39912501
0.073875003 -0.18512499 0.39787501
0.074124999 -0.18537501 0.39912501
0.074874997 -0.18537501 0.398875
0.074124999 -0.185875 0.39987499
0.081124999 -0.17487501 0.41187501
0.081124999 -0.17487501 0.412875
0.080875002 -0.174125 0.41312501
0.081124999 -0.174125 0.41387501
0.081124999 -0.174125 0.414875
0.081375003 -0.17487501 0.416125
0.081124999 -0.176125 0.41387501
0.081124999 -0.17487501 0.41387501
0.081375003 -0.176125 0.414875
0.081375003 -0.17487501 0.414875
0.081625 -0.176125 0.416125
0.081124999 -0.176875 0.41187501
0.081124999 -0.176125 0.41187501
0.081124999 -0.176875 0.41312501
0.081124999 -0.176125 0.41312501
0.080875002 -0.174125 0.409125
0.080875002 -0.17487501 0.40987501
0.080875002 -0.174125 0.40987501
0.081124999 -0.176125 0.411125
0.080875002 -0.17487501 0.411125
0.080875002 -0.176125 0.40612501
0.080624998 -0.17487501 0.405875
0.080875002 -0.176125 0.40687501
0.080875002 -0.17487501 0.40687501
0.080875002 -0.174125 0.40687501
0.080875002 -0.176125 0.407875
0.080875002 -0.17487501 0.407875
0.080875002 -0.174125 0.407875
0.080875002 -0.172875 0.407875
0.080875002 -0.176125 0.409125
0.080875002 -0.17487501 0.409125
0.081124999 -0.176875 0.40987501
0.080875002 -0.176125 0.40987501
0.081124999 -0.176875 0.411125
0.080875002 -0.176875 0.40612501
0.080875002 -0.177875 0.40687501
0.080875002 -0.176875 0.40687501
0.080875002 -0.177875 0.407875
0.080875002 -0.176875 0.407875
0.081124999 -0.177875 0.409125
0.080875002 -0.176875 0.409125
0.081124999 -0.177875 0.40987501
0.081124999 -0.179125 0.407875
0.081124999 -0.179125 0.409125
0.081124999 -0.179125 0.40987501
0.081375003 -0.179875 0.411125
0.081124999 -0.179125 0.411125
0.081124999 -0.177875 0.411125
0.081375003 -0.179875 0.409125
0.081375003 -0.179875 0.40987501
0.078125 -0.18387499 0.414875
0.076875001 -0.183125 0.416125
0.078125 -0.183125 0.41587499
0.076875001 -0.18187501 0.416875
0.078125 -0.18187501 0.41662499
0.076875001 -0.181125 0.41787499
0.078874998 -0.18287501 0.41587499
0.080124997 -0.182125 0.416125
0.078874998 -0.18187501 0.41637501
0.078125 -0.181125 0.417375
0.081874996 -0.177875 0.414875
0.081375003 -0.176875 0.414875
0.081625 -0.176875 0.416125
0.081375003 -0.177875 0.41312501
0.081625 -0.177875 0.41387501
0.081375003 -0.176875 0.41387501
0.081625 -0.179875 0.41187501
0.081375003 -0.179125 0.41187501
0.081375003 -0.177875 0.41187501
0.081625 -0.179125 0.41312501
0.081124999 -0.181375 0.416125
0.081874996 -0.179125 0.416125
0.081874996 -0.179875 0.416125
0.081874996 -0.181125 0.41387501
0.081874996 -0.179875 0.41387501
0.081625 -0.181125 0.41312501
0.081874996 -0.179875 0.41312501
0.081625 -0.181125 0.414875
0.081874996 -0.177875 0.416125
0.081874996 -0.179125 0.414875
0.081874996 -0.179125 0.41387501
0.081874996 -0.179875 0.414875
0.081375003 -0.18187501 0.41187501
0.081375003 -0.181125 0.41187501
0.081375003 -0.181125 0.40987501
0.081375003 -0.183125 0.411125
0.081375003 -0.18187501 0.411125
0.081375003 -0.181125 0.411125
0.081375003 -0.18187501 0.409125
0.081375003 -0.181125 0.409125
0.081375003 -0.18187501 0.40987501
0.080624998 -0.177875 0.40387499
0.080624998 -0.177875 0.40487501
0.080624998 -0.176875 0.40487501
0.080875002 -0.177875 0.40612501
0.080624998 -0.177875 0.400875
0.080624998 -0.177875 0.40187499
0.080375001 -0.177875 0.40287501
0.080624998 -0.176875 0.40287501
0.080624998 -0.176875 0.40387499
0.080624998 -0.176125 0.40487501
0.080875002 -0.179875 0.40412501
0.080624998 -0.179125 0.40387499
0.080875002 -0.180125 0.40487501
0.080875002 -0.179125 0.40487501
0.080875002 -0.179125 0.40612501
0.080875002 -0.179125 0.406625
0.080875002 -0.180125 0.400875
0.080624998 -0.179125 0.400875
0.080624998 -0.179125 0.40187499
0.081124999 -0.181125 0.402125
0.080875002 -0.179875 0.402125
0.081124999 -0.181125 0.40287501
0.080875002 -0.179875 0.40287501
0.080624998 -0.179125 0.40287501
0.080875002 -0.181125 0.40412501
0.080875002 -0.179875 0.39912501
0.080875002 -0.180125 0.39987499
0.080875002 -0.179125 0.39987499
0.081124999 -0.181125 0.400875
0.081124999 -0.18187501 0.402125
0.080124997 -0.186125 0.40687501
0.080124997 -0.186125 0.407875
0.078625001 -0.187125 0.407875
0.080124997 -0.186125 0.405875
0.081375003 -0.18387499 0.407875
0.081124999 -0.183125 0.407875
0.081124999 -0.183125 0.409125
0.081375003 -0.183125 0.40987501
0.081124999 -0.18512499 0.409125
0.081124999 -0.18512499 0.407875
0.081375003 -0.18387499 0.409125
0.081375003 -0.18387499 0.40987501
0.081124999 -0.18387499 0.40487501
0.081124999 -0.183125 0.40487501
0.081124999 -0.18387499 0.40612501
0.081124999 -0.183125 0.40612501
0.081124999 -0.18387499 0.40687501
0.078874998 -0.18637501 0.40187499
0.079875 -0.185875 0.402125
0.080875002 -0.18512499 0.402125
0.080624998 -0.18512499 0.400875
0.080875002 -0.18387499 0.39987499
0.078874998 -0.186875 0.40487501
0.078625001 -0.187125 0.40612501
0.078625001 -0.187125 0.406625
0.080124997 -0.186125 0.40287501
0.080124997 -0.186125 0.40412501
0.080124997 -0.186125 0.40487501
0.080875002 -0.18512499 0.40687501
0.080875002 -0.18512499 0.40262499
0.080875002 -0.18512499 0.40412501
0.080875002 -0.18512499 0.40487501
0.080875002 -0.18512499 0.40612501
0.081124999 -0.181125 0.407875
0.081124999 -0.179875 0.407875
0.081124999 -0.181125 0.40487501
0.081124999 -0.181125 0.40612501
0.081124999 -0.179875 0.405875
0.081124999 -0.18187501 0.40687501
0.081124999 -0.181125 0.40687501
0.081124999 -0.179875 0.40687501
0.081124999 -0.18187501 0.407875
0.081124999 -0.18187501 0.40487501
0.081124999 -0.18187501 0.40612501
0.081124999 -0.183125 0.40687501
0.081124999 -0.183125 0.40287501
0.081124999 -0.18187501 0.40287501
0.081124999 -0.18387499 0.40412501
0.081124999 -0.183125 0.40412501
0.081124999 -0.18187501 0.40412501
0.081124999 -0.18387499 0.402125
0.081124999 -0.183125 0.402125
0.081124999 -0.18387499 0.40287501
0.081124999 -0.18387499 0.400875
0.081124999 -0.183125 0.400875
0.080875002 -0.172125 0.41387501
0.080875002 -0.172875 0.411125
0.080875002 -0.174125 0.41187501
0.080875002 -0.172875 0.409125
0.080875002 -0.172875 0.40987501
0.080875002 -0.174125 0.411125
0.078874998 -0.184875 0.413625
0.078874998 -0.18387499 0.41462499
0.080124997 -0.18537501 0.41312501
0.080124997 -0.18412501 0.41387501
0.080124997 -0.183375 0.41512501
0.080875002 -0.18387499 0.413625
0.080875002 -0.183125 0.414875
0.080124997 -0.186125 0.409125
0.080124997 -0.186125 0.40987501
0.080124997 -0.186125 0.411125
0.078874998 -0.186625 0.41187501
0.080124997 -0.186125 0.41187501
0.081124999 -0.18412501 0.41312501
0.081375003 -0.183125 0.41187501
0.081375003 -0.183125 0.41312501
0.081625 -0.18187501 0.41312501
0.081124999 -0.18512499 0.40987501
0.081124999 -0.18512499 0.411125
0.081375003 -0.18387499 0.41187501
0.081124999 -0.18387499 0.411125
0.080875002 -0.18512499 0.41187501
0.080875002 -0.18187501 0.41587499
0.081375003 -0.18187501 0.414875
0.081375003 -0.183125 0.41387501
0.081625 -0.18187501 0.41387501
0.078625001 -0.187125 0.411125
0.076125003 -0.18412501 0.39687499
0.076125003 -0.184625 0.397625
0.076875001 -0.184625 0.397625
0.076125003 -0.183625 0.395625
0.076875001 -0.183625 0.395625
0.078125 -0.183625 0.395625
0.078874998 -0.183375 0.395625
0.076875001 -0.18412501 0.39687499
0.078125 -0.18412501 0.39687499
0.078125 -0.184375 0.397625
0.078625001 -0.18387499 0.39712501
0.078874998 -0.184375 0.397625
0.076875001 -0.18512499 0.398875
0.078125 -0.18512499 0.398875
0.076875001 -0.185625 0.39987499
0.078125 -0.185625 0.39987499
0.078874998 -0.18537501 0.39987499
0.078874998 -0.18512499 0.39912501
0.080624998 -0.18387499 0.39912501
0.079875 -0.18387499 0.39787501
0.081124999 -0.181125 0.399625
0.081124999 -0.18187501 0.400875
0.081124999 -0.18187501 0.39912501
0.080875002 -0.181125 0.39912501
0.081124999 -0.18187501 0.39987499
0.080875002 -0.181125 0.39712501
0.080875002 -0.18187501 0.39787501
0.080875002 -0.181125 0.39787501
0.080124997 -0.183375 0.39712501
0.079875 -0.183125 0.39587501
0.080124997 -0.182125 0.395125
0.080875002 -0.18187501 0.39712501
0.080624998 -0.18187501 0.395625
0.080875002 -0.181125 0.39587501
0.080875002 -0.179875 0.39712501
0.080875002 -0.183125 0.39787501
0.080875002 -0.183125 0.39912501
0.081124999 -0.183125 0.39987499
0.078874998 -0.186125 0.40062499
0.078125 -0.186125 0.40062499
0.080124997 -0.184375 0.39912501
0.080124997 -0.18512499 0.39987499
0.080124997 -0.185625 0.400875
0.044875 -0.17812499 0.42912501
0.044875 -0.177625 0.430125
0.043125 -0.176125 0.43487501
0.044124998 -0.176125 0.434625
0.044875 -0.175625 0.43487501
0.046124998 -0.175375 0.43487501
0.046875 -0.175125 0.43487501
0.044124998 -0.175375 0.43612501
0.044875 -0.175125 0.43612501
0.044875 -0.176125 0.43387499
0.044875 -0.176625 0.43287501
0.046124998 -0.176125 0.43287501
0.044124998 -0.176625 0.43412501
0.046124998 -0.175625 0.43412501
0.046875 -0.175375 0.43412501
0.046124998 -0.17487501 0.435875
0.046875 -0.17462499 0.43612501
0.044124998 -0.17712501 0.43187499
0.042874999 -0.17712501 0.43287501
0.043125 -0.177625 0.430875
0.043125 -0.177375 0.432125
0.044875 -0.176875 0.432125
0.044124998 -0.176625 0.43287501
0.044124998 -0.177375 0.430875
0.044875 -0.17712501 0.430875
0.046124998 -0.176625 0.432125
0.046124998 -0.17837501 0.42787501
0.045875002 -0.177875 0.428875
0.046875 -0.177625 0.42912501
0.048124999 -0.17487501 0.434625
0.048124999 -0.174375 0.43612501
0.048875 -0.174125 0.43612501
0.046124998 -0.17712501 0.430875
0.048124999 -0.177375 0.42912501
0.046124998 -0.177375 0.430125
0.046875 -0.17712501 0.430125
0.048124999 -0.176875 0.42987499
0.046875 -0.176625 0.430875
0.048124999 -0.176625 0.430875
0.046875 -0.176625 0.432125
0.048124999 -0.176125 0.43187499
0.046875 -0.176125 0.43287501
0.048124999 -0.175625 0.43287501
0.048875 -0.175125 0.43387499
0.048625 -0.176625 0.430125
0.048875 -0.176125 0.430875
0.048875 -0.17587499 0.432125
0.050124999 -0.175375 0.432125
0.048625 -0.175375 0.43287501
0.050124999 -0.175125 0.43287501
0.051125001 -0.17487501 0.432625
0.048124999 -0.175125 0.43412501
0.050124999 -0.17462499 0.43412501
0.051125001 -0.174375 0.43412501
0.048875 -0.17712501 0.42912501
0.050124999 -0.176625 0.430125
0.051125001 -0.176125 0.430125
0.049874999 -0.176125 0.430875
0.051125001 -0.175625 0.430875
0.051125001 -0.175375 0.432125
0.073624998 -0.152125 0.42212501
0.073375002 -0.150875 0.42212501
0.072875001 -0.149875 0.421875
0.073624998 -0.152125 0.42087501
0.073375002 -0.150875 0.42087501
0.072875001 -0.149875 0.42087501
0.073624998 -0.150875 0.41887501
0.073375002 -0.149875 0.41887501
0.072875001 -0.14912499 0.41887501
0.073124997 -0.149875 0.42012501
0.072875001 -0.14912499 0.42012501
0.073624998 -0.149875 0.416875
0.073624998 -0.150875 0.418125
0.075125001 -0.151875 0.414875
0.074874997 -0.152125 0.41587499
0.074375004 -0.150875 0.416125
0.074625 -0.152125 0.416875
0.073875003 -0.151125 0.416875
0.074124999 -0.151875 0.418125
0.073124997 -0.150875 0.432125
0.073124997 -0.150875 0.43287501
0.073375002 -0.152125 0.43412501
0.073624998 -0.152125 0.43487501
0.073375002 -0.150875 0.43487501
0.073624998 -0.152125 0.43612501
0.073624998 -0.150875 0.43612501
0.073375002 -0.150875 0.43412501
0.073375002 -0.152125 0.432125
0.073375002 -0.152125 0.43287501
0.073624998 -0.153125 0.43612501
0.073624998 -0.153125 0.43487501
0.073624998 -0.153125 0.43412501
0.073624998 -0.153125 0.432125
0.073624998 -0.153125 0.43287501
0.072875001 -0.150875 0.42712501
0.072875001 -0.150875 0.42787501
0.072875001 -0.149875 0.42787501
0.072875001 -0.150875 0.42912501
0.072875001 -0.150875 0.42987499
0.073375002 -0.152125 0.42712501
0.073375002 -0.152125 0.42787501
0.073375002 -0.152125 0.42912501
0.073375002 -0.152125 0.430125
0.073375002 -0.152125 0.430875
0.073124997 -0.150875 0.430875
0.072875001 -0.150125 0.425125
0.073124997 -0.150875 0.425125
0.073124997 -0.150875 0.42587501
0.072875001 -0.150125 0.42587501
0.073375002 -0.150875 0.423875
0.073375002 -0.152125 0.425125
0.073375002 -0.152125 0.42587501
0.073624998 -0.153125 0.425125
0.073624998 -0.153125 0.42587501
0.073624998 -0.153125 0.42787501
0.073624998 -0.153125 0.42912501
0.073624998 -0.153125 0.430125
0.073624998 -0.153125 0.430875
0.073624998 -0.153125 0.42712501
0.073624998 -0.152125 0.423125
0.073375002 -0.150875 0.423125
0.073624998 -0.153125 0.423875
0.073375002 -0.152125 0.423875
0.074124999 -0.153125 0.42012501
0.073624998 -0.152125 0.42012501
0.074124999 -0.153125 0.42087501
0.073875003 -0.153125 0.42212501
0.073624998 -0.153125 0.423125
0.074874997 -0.153375 0.41787499
0.074375004 -0.153125 0.41887501
0.073875003 -0.152125 0.41887501
0.075874999 -0.153125 0.41462499
0.075374998 -0.153125 0.416125
0.074874997 -0.153125 0.416875
0.074375004 -0.14687499 0.40387499
0.073124997 -0.14812499 0.414875
0.073375002 -0.14912499 0.416125
0.072875001 -0.14812499 0.416125
0.072875001 -0.14687499 0.416125
0.072875001 -0.14712501 0.41462499
0.073624998 -0.14812499 0.41312501
0.073375002 -0.14812499 0.41387501
0.073124997 -0.14687499 0.41387501
0.073375002 -0.14912499 0.416875
0.072875001 -0.148375 0.418125
0.072875001 -0.14812499 0.41887501
0.073375002 -0.14912499 0.414875
0.073875003 -0.150125 0.416125
0.073875003 -0.14912499 0.412875
0.074124999 -0.149875 0.41387501
0.073624998 -0.14912499 0.41387501
0.074625 -0.150875 0.414875
0.073875003 -0.150125 0.41462499
0.073624998 -0.14812499 0.41187501
0.073375002 -0.14687499 0.41312501
0.073875003 -0.14812499 0.411125
0.074375004 -0.14912499 0.407875
0.074874997 -0.150125 0.409125
0.074375004 -0.14912499 0.409125
0.074874997 -0.150125 0.40987501
0.074625 -0.14912499 0.405875
0.074625 -0.14912499 0.40687501
0.074124999 -0.14812499 0.407875
0.074874997 -0.14912499 0.40487501
0.074625 -0.14812499 0.40487501
0.074375004 -0.14812499 0.405875
0.074874997 -0.149875 0.40612501
0.073875003 -0.14812499 0.40987501
0.074124999 -0.14912499 0.41187501
0.074375004 -0.149875 0.41312501
0.074874997 -0.151125 0.41387501
0.074124999 -0.148875 0.411125
0.074375004 -0.14912499 0.40987501
0.075374998 -0.150875 0.411125
0.074874997 -0.150125 0.411125
0.074874997 -0.150875 0.41187501
0.074625 -0.149875 0.41187501
0.074874997 -0.150875 0.41312501
0.075625002 -0.152375 0.41312501
0.075374998 -0.152125 0.41387501
0.076125003 -0.15287501 0.41387501
0.075874999 -0.152125 0.411625
0.076624997 -0.153375 0.41312501
0.077875003 -0.153375 0.40987501
0.077124998 -0.15287501 0.411125
0.076125003 -0.152125 0.411125
0.076875001 -0.153125 0.411625
0.075374998 -0.150875 0.405875
0.075374998 -0.150875 0.40687501
0.074874997 -0.149875 0.40687501
0.075374998 -0.150875 0.407875
0.074874997 -0.150125 0.407875
0.075374998 -0.150875 0.409125
0.075374998 -0.150875 0.40987501
0.076125003 -0.151875 0.407875
0.076125003 -0.152125 0.409125
0.076624997 -0.152375 0.405875
0.076125003 -0.151875 0.40687501
0.076125003 -0.15162501 0.405875
0.076125003 -0.151875 0.40987501
0.076875001 -0.152375 0.409125
0.076875001 -0.152375 0.40987501
0.077875003 -0.153125 0.407875
0.077875003 -0.153125 0.409125
0.076875001 -0.152375 0.40687501
0.076875001 -0.152375 0.407875
0.078125 -0.153125 0.40612501
0.077875003 -0.153125 0.40687501
0.078874998 -0.153375 0.405875
0.078874998 -0.153375 0.40687501
0.072375 -0.145125 0.38512501
0.072375 -0.14587501 0.38387501
0.072375 -0.14587501 0.38512501
0.072375 -0.14687499 0.38387501
0.072375 -0.14687499 0.38512501
0.074874997 -0.14912499 0.400875
0.074625 -0.14812499 0.400875
0.074375004 -0.14687499 0.400875
0.074124999 -0.14912499 0.39787501
0.074375004 -0.14912499 0.39912501
0.074625 -0.14912499 0.39987499
0.074375004 -0.14812499 0.39987499
0.074874997 -0.150125 0.400875
0.073624998 -0.14687499 0.39712501
0.073875003 -0.14712501 0.39912501
0.073124997 -0.14687499 0.395125
0.073375002 -0.14687499 0.395625
0.073124997 -0.14812499 0.395125
0.073624998 -0.14812499 0.395625
0.073875003 -0.14812499 0.39712501
0.073875003 -0.14812499 0.39787501
0.074124999 -0.14812499 0.39912501
0.073875003 -0.150875 0.393875
0.074124999 -0.150875 0.39487499
0.074375004 -0.150875 0.395625
0.074124999 -0.149875 0.39587501
0.072375 -0.14587501 0.388125
0.072624996 -0.14687499 0.38887501
0.072624996 -0.14812499 0.38887501
0.072875001 -0.14812499 0.39012501
0.072875001 -0.14812499 0.39087501
0.072875001 -0.14812499 0.39212501
0.072875001 -0.14687499 0.39212501
0.072875001 -0.148375 0.393125
0.072375 -0.14587501 0.386875
0.072624996 -0.14687499 0.388125
0.072624996 -0.14687499 0.386125
0.072624996 -0.14587501 0.386125
0.072624996 -0.14687499 0.386875
0.072624996 -0.14812499 0.388125
0.072624996 -0.149875 0.386125
0.072624996 -0.14912499 0.386125
0.072624996 -0.14812499 0.386125
0.072624996 -0.14912499 0.386875
0.072624996 -0.14812499 0.386875
0.072624996 -0.150875 0.386125
0.072875001 -0.150875 0.386875
0.072875001 -0.151125 0.388125
0.072624996 -0.149875 0.386875
0.072875001 -0.149875 0.388125
0.072624996 -0.14912499 0.388125
0.073375002 -0.149875 0.39362499
0.073124997 -0.14912499 0.393875
0.073624998 -0.149875 0.395125
0.073375002 -0.14912499 0.395125
0.073624998 -0.14912499 0.395625
0.073875003 -0.14912499 0.39712501
0.072875001 -0.14912499 0.39087501
0.073124997 -0.149875 0.39212501
0.072875001 -0.14912499 0.39212501
0.073375002 -0.149875 0.393125
0.073124997 -0.14912499 0.393125
0.073624998 -0.152125 0.39212501
0.073875003 -0.152375 0.393125
0.073624998 -0.150875 0.393125
0.074124999 -0.152125 0.39362499
0.073124997 -0.152125 0.388125
0.073124997 -0.150875 0.38887501
0.073124997 -0.150875 0.39012501
0.073375002 -0.150875 0.39087501
0.073375002 -0.150875 0.39212501
0.073375002 -0.153125 0.388125
0.073375002 -0.153125 0.38887501
0.073124997 -0.152125 0.38887501
0.073375002 -0.152125 0.39012501
0.073375002 -0.152125 0.39087501
0.072875001 -0.150125 0.38887501
0.072875001 -0.14912499 0.38887501
0.072875001 -0.149875 0.39012501
0.072875001 -0.14912499 0.39012501
0.073124997 -0.149875 0.39087501
0.073375002 -0.153125 0.39012501
0.074874997 -0.149875 0.402125
0.074874997 -0.14912499 0.402125
0.074625 -0.14812499 0.40187499
0.074375004 -0.14687499 0.40187499
0.074625 -0.14812499 0.40287501
0.074375004 -0.14687499 0.40287501
0.075125001 -0.149875 0.40287501
0.074874997 -0.14937501 0.40262499
0.074874997 -0.14912499 0.40412501
0.074625 -0.14812499 0.40387499
0.074874997 -0.149875 0.40412501
0.075374998 -0.150875 0.40387499
0.075374998 -0.150875 0.40487501
0.074874997 -0.149875 0.40487501
0.075874999 -0.152125 0.402125
0.075374998 -0.150875 0.40187499
0.075374998 -0.150875 0.40287501
0.074625 -0.152125 0.395625
0.074625 -0.150875 0.39712501
0.074375004 -0.149875 0.39712501
0.074625 -0.150875 0.397625
0.074375004 -0.149875 0.397625
0.074874997 -0.151125 0.39912501
0.074625 -0.149875 0.39912501
0.074874997 -0.149875 0.39987499
0.074874997 -0.150875 0.399625
0.074874997 -0.152375 0.39712501
0.074874997 -0.152125 0.397625
0.075374998 -0.152125 0.39912501
0.075374998 -0.152125 0.39987499
0.075374998 -0.150875 0.400875
0.076125003 -0.15287501 0.400875
0.075874999 -0.153125 0.39987499
0.075374998 -0.153125 0.397625
0.075625002 -0.153375 0.39912501
0.075374998 -0.152125 0.400875
0.076125003 -0.152125 0.40262499
0.076125003 -0.151875 0.40487501
0.076125003 -0.152125 0.40412501
0.076875001 -0.152375 0.40487501
0.076875001 -0.153125 0.40287501
0.076875001 -0.15262499 0.40387499
0.076875001 -0.153125 0.402125
0.076875001 -0.153375 0.400875
0.078125 -0.153375 0.40287501
0.077875003 -0.153125 0.40487501
0.078874998 -0.153375 0.40487501
0.077875003 -0.153125 0.40412501
0.074874997 -0.153375 0.39587501
0.073624998 -0.153125 0.39087501
0.073875003 -0.153375 0.39212501
0.074124999 -0.153125 0.393125
0.074375004 -0.153125 0.39362499
0.074625 -0.153125 0.395125
0.074375004 -0.152125 0.395125
0.075125001 -0.153125 0.39712501
0.072375 -0.14812499 0.38387501
0.072375 -0.149875 0.38387501
0.072375 -0.14912499 0.38387501
0.072624996 -0.149875 0.38512501
0.072624996 -0.14912499 0.38512501
0.072375 -0.14812499 0.38512501
0.072624996 -0.150875 0.38387501
0.072624996 -0.150875 0.38512501
0.072624996 -0.152125 0.38387501
0.072875001 -0.153375 0.386125
0.072875001 -0.152125 0.386125
0.072875001 -0.152375 0.386875
0.073124997 -0.153125 0.386875
0.072875001 -0.153125 0.38387501
0.072875001 -0.153125 0.38512501
0.072624996 -0.152125 0.38512501
