# .PCD v0.7 - Point Cloud Data file format
VERSION 0.7
FIELDS x y z
SIZE 4 4 4
TYPE F F F
COUNT 1 1 1
WIDTH 4057
HEIGHT 1
VIEWPOINT 0 0 0 1 0 0 0
POINTS 4057
DATA ascii
0.037875 -0.176875 0.291875
0.037875 -0.176125 0.29162499
0.029124999 -0.179875 0.294375
0.026625 -0.17812499 0.29387501
0.025875 -0.180125 0.29512501
0.027875001 -0.181125 0.29512501
0.026875 -0.181125 0.29537499
0.026875 -0.180125 0.294875
0.027875001 -0.179875 0.29462501
0.025875 -0.179125 0.29462501
0.026875 -0.179125 0.294375
0.025125001 -0.177875 0.294375
0.025875 -0.177875 0.29387501
0.034875002 -0.165125 0.28687501
0.034125 -0.167125 0.28812501
0.032875001 -0.16912501 0.28887501
0.032125 -0.17112499 0.289875
0.030874999 -0.173125 0.291125
0.030125 -0.175125 0.291875
0.028875001 -0.17712501 0.293125
0.031125 -0.165875 0.28812501
0.032125 -0.166125 0.287875
0.030125 -0.168125 0.28887501
0.031125 -0.168125 0.28887501
0.029124999 -0.17012499 0.289875
0.030125 -0.17012499 0.289875
0.029124999 -0.172125 0.29087499
0.026875 -0.174125 0.291875
0.027875001 -0.174125 0.291875
0.026625 -0.176125 0.29287499
0.028875001 -0.17937499 0.29387501
0.030125 -0.179125 0.293625
0.027875001 -0.177875 0.293625
0.029124999 -0.177875 0.29337499
0.030125 -0.177875 0.29337499
0.027875001 -0.176875 0.293125
0.030125 -0.17712501 0.29287499
0.031125 -0.176875 0.292375
0.027875001 -0.176125 0.29287499
0.029124999 -0.176125 0.292375
0.030125 -0.176125 0.292375
0.031125 -0.176125 0.292375
0.026875 -0.17487501 0.292375
0.027875001 -0.17487501 0.292375
0.028875001 -0.17487501 0.291875
0.031125 -0.175125 0.291875
0.032125 -0.17487501 0.29162499
0.029124999 -0.174125 0.291875
0.030125 -0.174125 0.29162499
0.031125 -0.174125 0.29137501
0.032125 -0.174125 0.29137501
0.026875 -0.172875 0.29162499
0.027875001 -0.172875 0.29137501
0.029124999 -0.172875 0.29137501
0.030125 -0.172875 0.291125
0.032125 -0.173125 0.29087499
0.032875001 -0.172875 0.29062501
0.026875 -0.172125 0.291125
0.030125 -0.172125 0.29087499
0.031125 -0.172125 0.29062501
0.032125 -0.172125 0.29037499
0.032875001 -0.172125 0.29037499
0.026875 -0.17112499 0.29087499
0.027875001 -0.170875 0.29062501
0.029124999 -0.170875 0.29037499
0.030125 -0.170875 0.29037499
0.031125 -0.170875 0.289875
0.032875001 -0.17112499 0.289875
0.034125 -0.170875 0.28962499
0.026875 -0.17012499 0.29037499
0.027875001 -0.17012499 0.29012501
0.031125 -0.17012499 0.289875
0.032125 -0.17012499 0.28962499
0.032875001 -0.17012499 0.28937501
0.034125 -0.17012499 0.28937501
0.027875001 -0.16912501 0.289875
0.029124999 -0.16887499 0.28962499
0.030125 -0.16887499 0.28937501
0.031125 -0.16887499 0.28937501
0.032125 -0.16887499 0.28887501
0.034125 -0.16912501 0.28887501
0.034875002 -0.16887499 0.288625
0.025875 -0.168125 0.28962499
0.026875 -0.168125 0.28962499
0.027875001 -0.168125 0.28937501
0.029124999 -0.168125 0.289125
0.032125 -0.168125 0.28887501
0.032875001 -0.168125 0.288625
0.034125 -0.168125 0.28837499
0.034875002 -0.168125 0.28837499
0.028875001 -0.167125 0.28887501
0.030125 -0.166875 0.288625
0.031125 -0.166875 0.28837499
0.032125 -0.166875 0.28837499
0.032875001 -0.166875 0.28812501
0.034875002 -0.167125 0.287875
0.036125001 -0.166875 0.28762501
0.029124999 -0.165875 0.28837499
0.030125 -0.165875 0.28812501
0.032875001 -0.165875 0.287875
0.034125 -0.165875 0.28762501
0.034875002 -0.165875 0.287375
0.036125001 -0.165875 0.287375
0.031125 -0.165125 0.28762501
0.032125 -0.165125 0.287375
0.032875001 -0.165125 0.287375
0.034125 -0.165125 0.28687501
0.036125001 -0.16537499 0.286625
0.037124999 -0.165125 0.286625
0.034875002 -0.163875 0.286625
0.036125001 -0.163875 0.28637499
0.037124999 -0.163875 0.28637499
0.034875002 -0.172125 0.289875
0.034125 -0.174125 0.291125
0.032875001 -0.176125 0.291875
0.032125 -0.177875 0.293125
0.032875001 -0.17812499 0.29287499
0.030125 -0.179875 0.29387501
0.031125 -0.179125 0.293625
0.032125 -0.179125 0.293625
0.031125 -0.177875 0.293125
0.032125 -0.176875 0.292375
0.032875001 -0.176875 0.292375
0.032125 -0.176125 0.291875
0.032875001 -0.17487501 0.29162499
0.034125 -0.17487501 0.29162499
0.032875001 -0.174125 0.291125
0.034125 -0.172875 0.29062501
0.034125 -0.172125 0.289875
0.034875002 -0.170875 0.28962499
0.034875002 -0.17012499 0.28887501
0.036125001 -0.16887499 0.288625
0.036125001 -0.168125 0.28812501
0.036874998 -0.165875 0.28687501
0.037124999 -0.168125 0.28812501
0.036125001 -0.17012499 0.28887501
0.037124999 -0.17012499 0.28887501
0.036125001 -0.172125 0.289875
0.034875002 -0.174125 0.29087499
0.034125 -0.176125 0.291875
0.034875002 -0.176125 0.291875
0.034125 -0.176875 0.292375
0.034875002 -0.176875 0.292375
0.036125001 -0.176375 0.291875
0.034875002 -0.17487501 0.29137501
0.036125001 -0.17487501 0.29137501
0.036125001 -0.174375 0.29087499
0.034875002 -0.172875 0.29062501
0.036125001 -0.172875 0.29037499
0.036125001 -0.170875 0.28962499
0.037124999 -0.170875 0.28937501
0.037124999 -0.16887499 0.288625
0.037124999 -0.166875 0.28762501
0.031125 -0.16087499 0.286125
0.029124999 -0.161125 0.28637499
0.030125 -0.161125 0.28637499
0.030125 -0.160125 0.28587499
0.031125 -0.15987501 0.28562501
0.032125 -0.15987501 0.28562501
0.029124999 -0.159125 0.285375
0.030125 -0.159125 0.285375
0.031125 -0.159125 0.28512499
0.028875001 -0.165125 0.287875
0.034125 -0.16187499 0.28587499
0.036125001 -0.16312499 0.28587499
0.030874999 -0.16312499 0.28687501
0.032625001 -0.164125 0.28687501
0.025875 -0.166125 0.28887501
0.025875 -0.165125 0.288625
0.026875 -0.165125 0.28837499
0.027875001 -0.165125 0.28812501
0.030125 -0.16537499 0.287875
0.027875001 -0.164125 0.287875
0.029124999 -0.163875 0.28762501
0.030125 -0.163875 0.287375
0.031125 -0.163875 0.287375
0.032125 -0.163875 0.28687501
0.034125 -0.163875 0.28687501
0.029124999 -0.16312499 0.287375
0.030125 -0.16312499 0.28687501
0.032125 -0.16312499 0.28687501
0.032875001 -0.16312499 0.286625
0.034125 -0.16312499 0.28637499
0.034875002 -0.16312499 0.286125
0.036874998 -0.16337501 0.28587499
0.037875 -0.16312499 0.28562501
0.030125 -0.16187499 0.28687501
0.031125 -0.16187499 0.286625
0.032125 -0.16187499 0.28637499
0.032875001 -0.16187499 0.28637499
0.034875002 -0.16212501 0.28587499
0.036125001 -0.16187499 0.28562501
0.037124999 -0.16187499 0.28562501
0.032125 -0.161125 0.286125
0.032875001 -0.161375 0.28587499
0.034125 -0.161125 0.28562501
0.034875002 -0.161125 0.28562501
0.036125001 -0.161125 0.285375
0.037124999 -0.161125 0.28512499
0.032875001 -0.15987501 0.28562501
0.034125 -0.15987501 0.285375
0.034875002 -0.15987501 0.28512499
0.037875 -0.16187499 0.285375
0.037875 -0.165875 0.28687501
0.037875 -0.168125 0.287875
0.037124999 -0.176125 0.29162499
0.037124999 -0.17487501 0.291125
0.037875 -0.17487501 0.291125
0.036874998 -0.174375 0.29087499
0.037875 -0.174125 0.29062501
0.037124999 -0.172875 0.29037499
0.037875 -0.172875 0.29037499
0.036874998 -0.17237499 0.289875
0.037875 -0.17237499 0.289875
0.037875 -0.170875 0.28937501
0.037875 -0.170375 0.28887501
0.037875 -0.16887499 0.28837499
0.037875 -0.166875 0.28762501
0.037875 -0.165125 0.286625
0.037875 -0.163875 0.28587499
0.025875 -0.19312499 0.30912501
0.025125001 -0.19337501 0.30987501
0.025875 -0.19337501 0.30987501
0.026875 -0.19212499 0.30562499
0.027875001 -0.19212499 0.30562499
0.026875 -0.192625 0.307125
0.027875001 -0.192625 0.307125
0.029124999 -0.192625 0.307125
0.030125 -0.19312499 0.307125
0.031125 -0.19312499 0.307125
0.026875 -0.19312499 0.30787501
0.027875001 -0.19312499 0.30787501
0.030125 -0.190375 0.30287501
0.031125 -0.190375 0.30287501
0.029124999 -0.19112501 0.30412501
0.030125 -0.19112501 0.303875
0.031125 -0.19112501 0.303875
0.026875 -0.191625 0.305125
0.027875001 -0.191625 0.305125
0.029124999 -0.191625 0.305125
0.030125 -0.191625 0.305125
0.031125 -0.191875 0.305125
0.028875001 -0.19212499 0.30562499
0.030125 -0.192375 0.30562499
0.031125 -0.192375 0.305875
0.032125 -0.192375 0.305875
0.026875 -0.19112501 0.30412501
0.025875 -0.193625 0.312875
0.025875 -0.193625 0.314125
0.026875 -0.193625 0.31187499
0.027875001 -0.193625 0.31187499
0.026875 -0.193625 0.312875
0.026875 -0.193625 0.314125
0.026875 -0.19337501 0.30987501
0.025875 -0.193625 0.31112501
0.026875 -0.193625 0.31112501
0.026875 -0.19312499 0.30912501
0.027875001 -0.19337501 0.30912501
0.027875001 -0.19337501 0.30987501
0.029124999 -0.19337501 0.30987501
0.030125 -0.193625 0.30987501
0.031125 -0.193625 0.30987501
0.027875001 -0.193625 0.31112501
0.029124999 -0.193625 0.31112501
0.032125 -0.19312499 0.307125
0.028875001 -0.19312499 0.307625
0.030125 -0.19312499 0.30787501
0.031125 -0.19312499 0.30787501
0.032125 -0.19312499 0.30787501
0.029124999 -0.19337501 0.30912501
0.030125 -0.19337501 0.30912501
0.031125 -0.19337501 0.30912501
0.032125 -0.19337501 0.30912501
0.027875001 -0.193625 0.31887501
0.029124999 -0.193625 0.31887501
0.026875 -0.193625 0.31687501
0.027875001 -0.193625 0.31687501
0.029124999 -0.193625 0.31687501
0.030125 -0.193625 0.31687501
0.031125 -0.193625 0.31687501
0.027875001 -0.193625 0.31812501
0.029124999 -0.193625 0.31812501
0.030125 -0.193625 0.31812501
0.031125 -0.193625 0.31812501
0.030125 -0.193625 0.31887501
0.031125 -0.193625 0.31887501
0.026875 -0.193625 0.31612501
0.027875001 -0.193625 0.31612501
0.029124999 -0.193625 0.31612501
0.030125 -0.193625 0.31612501
0.031125 -0.193875 0.31612501
0.027875001 -0.193625 0.312875
0.029124999 -0.193625 0.312875
0.027875001 -0.193625 0.314125
0.029124999 -0.193625 0.314125
0.027875001 -0.193625 0.31487501
0.029124999 -0.193625 0.31487501
0.030125 -0.193625 0.31487501
0.032125 -0.193625 0.30987501
0.030125 -0.193625 0.31112501
0.031125 -0.193625 0.31112501
0.032125 -0.193625 0.31112501
0.029124999 -0.193625 0.31187499
0.030125 -0.193625 0.31187499
0.031125 -0.193625 0.31187499
0.030125 -0.193625 0.312875
0.031125 -0.193625 0.312875
0.030125 -0.193625 0.314125
0.031125 -0.193625 0.314125
0.031125 -0.193625 0.31487501
0.032125 -0.193625 0.31687501
0.032125 -0.193625 0.31812501
0.032875001 -0.193625 0.31812501
0.032125 -0.193625 0.31887501
0.032875001 -0.193625 0.31887501
0.034125 -0.193625 0.31887501
0.036125001 -0.193625 0.31612501
0.032875001 -0.193625 0.31687501
0.034125 -0.193625 0.31687501
0.034875002 -0.193625 0.31687501
0.034125 -0.193625 0.31812501
0.034875002 -0.193625 0.31812501
0.034875002 -0.193625 0.31887501
0.036125001 -0.193625 0.31687501
0.037124999 -0.193625 0.31687501
0.036125001 -0.193625 0.31812501
0.037124999 -0.193625 0.31812501
0.037875 -0.193625 0.31812501
0.036125001 -0.193625 0.31887501
0.037124999 -0.193625 0.31887501
0.037875 -0.193625 0.31887501
0.032125 -0.193625 0.31187499
0.032125 -0.193875 0.312875
0.032125 -0.193875 0.314125
0.032125 -0.193875 0.31487501
0.032875001 -0.193875 0.314125
0.032875001 -0.193875 0.31487501
0.034125 -0.193875 0.31487501
0.034875002 -0.193875 0.31487501
0.032125 -0.193875 0.31612501
0.032875001 -0.193875 0.31612501
0.034125 -0.193625 0.31612501
0.034875002 -0.193625 0.31612501
0.034125 -0.193875 0.314125
0.034875002 -0.193875 0.314125
0.036125001 -0.193875 0.314125
0.036125001 -0.193875 0.31487501
0.037124999 -0.194125 0.314125
0.032875001 -0.193875 0.31112501
0.032875001 -0.193875 0.31187499
0.034125 -0.193875 0.31187499
0.032875001 -0.193875 0.312875
0.034125 -0.193875 0.312875
0.034875002 -0.193875 0.312875
0.032875001 -0.19337501 0.30787501
0.034125 -0.19337501 0.30787501
0.032875001 -0.193625 0.30912501
0.034875002 -0.19337501 0.30787501
0.034125 -0.193625 0.30912501
0.034875002 -0.193625 0.30912501
0.032875001 -0.193625 0.30987501
0.034125 -0.193875 0.30987501
0.034875002 -0.193875 0.30987501
0.034125 -0.193875 0.31112501
0.034875002 -0.193875 0.31112501
0.036125001 -0.193875 0.31112501
0.034875002 -0.193875 0.31187499
0.036125001 -0.193875 0.31187499
0.036125001 -0.193875 0.312875
0.036125001 -0.19337501 0.30787501
0.036125001 -0.193625 0.30912501
0.037124999 -0.193625 0.30912501
0.036125001 -0.193875 0.30987501
0.037124999 -0.193875 0.31112501
0.037875 -0.193875 0.31112501
0.037124999 -0.193875 0.31187499
0.037875 -0.193875 0.31187499
0.037124999 -0.193875 0.312875
0.037875 -0.194125 0.312875
0.037875 -0.193625 0.30912501
0.037124999 -0.193875 0.30987501
0.037875 -0.193875 0.30987501
0.037875 -0.19437499 0.314125
0.037124999 -0.193875 0.31487501
0.037124999 -0.193625 0.31612501
0.037875 -0.193875 0.31612501
0.037875 -0.193625 0.31687501
0.037875 -0.193875 0.31487501
0.026875 -0.189125 0.301875
0.027875001 -0.189375 0.30212501
0.029124999 -0.18962499 0.30212501
0.030125 -0.18987501 0.30212501
0.026875 -0.190125 0.30287501
0.027875001 -0.190125 0.30287501
0.029124999 -0.190375 0.302625
0.025875 -0.19112501 0.30412501
0.031125 -0.18987501 0.30212501
0.027875001 -0.188875 0.30112499
0.026875 -0.186875 0.298875
0.027875001 -0.186875 0.298875
0.026875 -0.187875 0.300125
0.027875001 -0.188125 0.300125
0.029124999 -0.187875 0.300125
0.029124999 -0.188875 0.30112499
0.030125 -0.188875 0.30087501
0.025625 -0.18512499 0.29787499
0.025875 -0.185875 0.29862499
0.026875 -0.185875 0.29837501
0.025875 -0.18387499 0.29712501
0.026875 -0.18537501 0.29787499
0.025125001 -0.18387499 0.29737499
0.025875 -0.183125 0.29637501
0.027875001 -0.18287501 0.29612499
0.026875 -0.18387499 0.29712501
0.027875001 -0.18412501 0.296875
0.027875001 -0.185875 0.298125
0.027875001 -0.18512499 0.29762501
0.026875 -0.183125 0.29637501
0.026875 -0.182125 0.295625
0.027875001 -0.18187501 0.295625
0.029124999 -0.181125 0.294875
0.029124999 -0.183125 0.29587501
0.029874999 -0.183125 0.29587501
0.029124999 -0.18412501 0.29662499
0.029124999 -0.18187501 0.295625
0.030125 -0.18187501 0.29537499
0.030125 -0.181375 0.294875
0.031125 -0.18512499 0.29712501
0.029124999 -0.186125 0.29787499
0.030125 -0.186125 0.29787499
0.031125 -0.186125 0.29787499
0.029124999 -0.18512499 0.29737499
0.030125 -0.18512499 0.29712501
0.030125 -0.18387499 0.29637501
0.032125 -0.18512499 0.29712501
0.032875001 -0.18512499 0.29712501
0.032125 -0.186125 0.29787499
0.032875001 -0.186125 0.29787499
0.031125 -0.18387499 0.29637501
0.032125 -0.18387499 0.29637501
0.031125 -0.183375 0.295625
0.029124999 -0.187125 0.298875
0.030125 -0.187125 0.298875
0.031125 -0.187125 0.29862499
0.030125 -0.187875 0.300125
0.031125 -0.188125 0.29987499
0.031125 -0.188875 0.30087501
0.031125 -0.179875 0.29387501
0.032125 -0.180125 0.29387501
0.032875001 -0.180125 0.29387501
0.032125 -0.181125 0.294375
0.032875001 -0.181125 0.294375
0.034125 -0.181125 0.294375
0.032875001 -0.179125 0.29337499
0.032125 -0.18187501 0.29512501
0.032875001 -0.182125 0.294875
0.031125 -0.18187501 0.29512501
0.034125 -0.182125 0.294875
0.031125 -0.181125 0.29462501
0.034125 -0.17812499 0.29287499
0.037875 -0.181125 0.294375
0.036125001 -0.180125 0.29387501
0.036874998 -0.180125 0.29387501
0.037875 -0.180125 0.29387501
0.034875002 -0.179125 0.29337499
0.036125001 -0.179125 0.29337499
0.037124999 -0.179125 0.29337499
0.037875 -0.179125 0.293125
0.034875002 -0.17812499 0.29287499
0.036125001 -0.17812499 0.29287499
0.036874998 -0.17812499 0.29287499
0.036125001 -0.176875 0.292375
0.037124999 -0.18287501 0.29512501
0.034875002 -0.182125 0.294875
0.036125001 -0.18187501 0.29462501
0.037124999 -0.18187501 0.294875
0.037875 -0.182125 0.294875
0.034875002 -0.181125 0.294375
0.036125001 -0.181125 0.294375
0.037124999 -0.181125 0.294375
0.034125 -0.180125 0.29387501
0.034875002 -0.180125 0.29387501
0.034125 -0.179125 0.29337499
0.032875001 -0.183375 0.295625
0.034125 -0.18387499 0.29612499
0.034125 -0.18512499 0.29712501
0.032875001 -0.18387499 0.29637501
0.032125 -0.183375 0.295625
0.034125 -0.183125 0.295625
0.035875 -0.18412501 0.29587501
0.034875002 -0.18387499 0.29587501
0.034875002 -0.18512499 0.296875
0.036125001 -0.18537501 0.29662499
0.037124999 -0.185875 0.29712501
0.037124999 -0.18512499 0.29637501
0.034875002 -0.183125 0.29537499
0.036125001 -0.18287501 0.29512501
0.037124999 -0.18412501 0.29587501
0.037875 -0.18412501 0.29587501
0.037875 -0.185875 0.29712501
0.037875 -0.18512499 0.29637501
0.037875 -0.183125 0.29512501
0.037875 -0.177875 0.292375
0.036874998 -0.176875 0.291875
0.034125 -0.186125 0.29787499
0.032125 -0.187125 0.29862499
0.032875001 -0.187125 0.298875
0.032125 -0.188125 0.29987499
0.032875001 -0.187875 0.300125
0.032125 -0.188875 0.30087501
0.032875001 -0.188875 0.30087501
0.034875002 -0.186125 0.29787499
0.036125001 -0.186875 0.298125
0.036874998 -0.187125 0.298125
0.034125 -0.187125 0.298875
0.034875002 -0.187125 0.29862499
0.034125 -0.188125 0.29987499
0.032125 -0.190125 0.30212501
0.034875002 -0.188125 0.29987499
0.036125001 -0.185875 0.29737499
0.036125001 -0.18762501 0.298875
0.037124999 -0.18762501 0.298875
0.036125001 -0.188125 0.29987499
0.037124999 -0.188125 0.29987499
0.034125 -0.189125 0.30087501
0.034875002 -0.189125 0.30087501
0.036125001 -0.189125 0.30087501
0.037124999 -0.189125 0.30087501
0.032875001 -0.190125 0.30212501
0.034125 -0.190125 0.30212501
0.034875002 -0.190125 0.30212501
0.036125001 -0.190125 0.30212501
0.037124999 -0.190125 0.30212501
0.034125 -0.190625 0.30287501
0.034875002 -0.190625 0.30287501
0.036125001 -0.19112501 0.30312499
0.037124999 -0.19112501 0.30312499
0.037124999 -0.191375 0.30412501
0.037124999 -0.19212499 0.30487499
0.034875002 -0.192375 0.305875
0.036125001 -0.192375 0.305875
0.032875001 -0.19312499 0.307125
0.034125 -0.19312499 0.307125
0.034875002 -0.19312499 0.307125
0.032125 -0.190375 0.30287501
0.032875001 -0.190625 0.30287501
0.032125 -0.19112501 0.303875
0.032875001 -0.19112501 0.303875
0.034125 -0.19112501 0.303875
0.034875002 -0.191375 0.303875
0.036125001 -0.191375 0.30412501
0.032125 -0.191875 0.305125
0.032875001 -0.19212499 0.305125
0.034125 -0.19212499 0.305125
0.034875002 -0.19212499 0.305125
0.036125001 -0.19212499 0.305125
0.032875001 -0.192375 0.305875
0.034125 -0.192375 0.305875
0.037875 -0.187125 0.298125
0.037875 -0.18762501 0.298875
0.037875 -0.188125 0.29987499
0.037875 -0.189125 0.30087501
0.037875 -0.190125 0.30212501
0.037875 -0.19112501 0.30312499
0.037875 -0.191375 0.30412501
0.037124999 -0.192375 0.305875
0.036125001 -0.19312499 0.307125
0.036874998 -0.19312499 0.307125
0.037124999 -0.19337501 0.30787501
0.037875 -0.19212499 0.305125
0.037875 -0.192375 0.305875
0.037875 -0.19312499 0.307125
0.037875 -0.19337501 0.30787501
0.025125001 -0.193625 0.31687501
0.025875 -0.193625 0.31687501
0.025125001 -0.193625 0.31812501
0.025875 -0.193625 0.31812501
0.024125 -0.193625 0.31487501
0.025125001 -0.193625 0.31487501
0.024125 -0.193625 0.31612501
0.025125001 -0.193625 0.31612501
0.025125001 -0.193625 0.314125
0.025875 -0.193625 0.31487501
0.026875 -0.193625 0.31487501
0.025875 -0.193625 0.31612501
0.029124999 -0.19437499 0.32387501
0.027875001 -0.194875 0.32512501
0.029124999 -0.19462501 0.32512501
0.030125 -0.19437499 0.32512501
0.028875001 -0.195125 0.32587501
0.027875001 -0.196125 0.32787499
0.027875001 -0.195125 0.325625
0.030125 -0.194875 0.32587501
0.031125 -0.19462501 0.32587501
0.027875001 -0.19562501 0.326875
0.029124999 -0.195375 0.326875
0.030125 -0.195125 0.326875
0.031125 -0.195125 0.326875
0.028875001 -0.195875 0.328125
0.030125 -0.19562501 0.328125
0.027875001 -0.196375 0.32862499
0.029124999 -0.196375 0.32862499
0.030125 -0.196125 0.32862499
0.029124999 -0.19662499 0.330125
0.029124999 -0.197125 0.33087501
0.029124999 -0.198125 0.335875
0.030125 -0.19787499 0.335125
0.030125 -0.19787499 0.335875
0.029124999 -0.198125 0.337125
0.029124999 -0.198125 0.33787501
0.029874999 -0.19787499 0.337125
0.031125 -0.19787499 0.335875
0.031125 -0.19787499 0.337125
0.030125 -0.198125 0.33787501
0.031125 -0.197625 0.335125
0.032125 -0.197375 0.335125
0.032875001 -0.197375 0.335125
0.032125 -0.197625 0.335875
0.032125 -0.197625 0.337125
0.031125 -0.19787499 0.33787501
0.032125 -0.197625 0.33787501
0.032875001 -0.197375 0.33787501
0.032875001 -0.197375 0.335875
0.032875001 -0.197375 0.337125
0.034125 -0.197125 0.33787501
0.034125 -0.197125 0.335125
0.034125 -0.197125 0.335875
0.034125 -0.197125 0.337125
0.034875002 -0.197125 0.337125
0.034875002 -0.197125 0.33787501
0.035875 -0.19687501 0.33787501
0.037124999 -0.19687501 0.33787501
0.026875 -0.19787499 0.33412501
0.026875 -0.197625 0.33212501
0.027875001 -0.197625 0.33212501
0.027875001 -0.197625 0.332625
0.029124999 -0.197375 0.33212501
0.029124999 -0.197625 0.332625
0.027875001 -0.19787499 0.33412501
0.029124999 -0.197625 0.33412501
0.027875001 -0.19787499 0.335125
0.029124999 -0.19787499 0.335125
0.030874999 -0.19687501 0.33212501
0.030125 -0.197125 0.33212501
0.030125 -0.197375 0.332625
0.031125 -0.197125 0.33287501
0.030125 -0.197625 0.33412501
0.032125 -0.197125 0.33287501
0.032125 -0.19687501 0.33212501
0.031125 -0.197375 0.33412501
0.032125 -0.197375 0.33412501
0.032875001 -0.197125 0.333875
0.032875001 -0.19662499 0.33212501
0.034125 -0.196375 0.33212501
0.034875002 -0.196125 0.33212501
0.032875001 -0.19687501 0.33287501
0.034125 -0.19662499 0.332625
0.031125 -0.195375 0.328125
0.031125 -0.195875 0.32887501
0.030125 -0.196375 0.330125
0.031125 -0.196125 0.330125
0.030125 -0.19687501 0.33087501
0.031125 -0.19662499 0.330625
0.033875 -0.194875 0.328125
0.032125 -0.196125 0.32987499
0.032125 -0.194875 0.326875
0.032875001 -0.19462501 0.326875
0.032125 -0.195125 0.328125
0.032875001 -0.195125 0.32787499
0.034875002 -0.194875 0.328125
0.032125 -0.19562501 0.32862499
0.032875001 -0.195375 0.32862499
0.034125 -0.195375 0.32862499
0.032875001 -0.195875 0.330125
0.032125 -0.196375 0.330625
0.035875 -0.195875 0.33212501
0.034875002 -0.19687501 0.335875
0.034875002 -0.196375 0.332625
0.036125001 -0.196125 0.33287501
0.033875 -0.19687501 0.33412501
0.034875002 -0.19662499 0.33412501
0.036125001 -0.196375 0.33412501
0.034875002 -0.19687501 0.335125
0.036125001 -0.19662499 0.335125
0.026875 -0.194875 0.32512501
0.025875 -0.194125 0.32187501
0.026875 -0.19437499 0.323125
0.026875 -0.19462501 0.32387501
0.026875 -0.194125 0.32187501
0.027875001 -0.194125 0.32187501
0.028875001 -0.194125 0.32187501
0.027875001 -0.194125 0.323125
0.030125 -0.193875 0.321125
0.031125 -0.193625 0.321125
0.025875 -0.193875 0.319875
0.026875 -0.193875 0.319875
0.027875001 -0.193875 0.319875
0.029124999 -0.193625 0.319875
0.030125 -0.193625 0.319875
0.031125 -0.193625 0.319875
0.025875 -0.193875 0.321125
0.026875 -0.193875 0.321125
0.027875001 -0.193875 0.321125
0.029124999 -0.193875 0.321125
0.032125 -0.193625 0.319875
0.030125 -0.193875 0.32187501
0.029124999 -0.194125 0.323125
0.030125 -0.194125 0.32287499
0.030125 -0.194125 0.32387501
0.031125 -0.19437499 0.32512501
0.032125 -0.193625 0.321125
0.031125 -0.193875 0.32187501
0.032125 -0.193875 0.32187501
0.031125 -0.194125 0.32287499
0.031125 -0.194125 0.32387501
0.032125 -0.19437499 0.32287499
0.032875001 -0.193625 0.32187501
0.032875001 -0.193875 0.323125
0.034125 -0.193625 0.323125
0.032125 -0.194125 0.32387501
0.032875001 -0.194125 0.323625
0.034125 -0.193875 0.32387501
0.034875002 -0.193625 0.32387501
0.032125 -0.19437499 0.32512501
0.032875001 -0.194125 0.32512501
0.034125 -0.194125 0.324875
0.034875002 -0.194125 0.32512501
0.032125 -0.19437499 0.32587501
0.032875001 -0.19437499 0.32587501
0.034125 -0.19437499 0.32587501
0.034875002 -0.194125 0.32587501
0.034125 -0.19462501 0.326875
0.034875002 -0.19437499 0.326875
0.037124999 -0.196125 0.33412501
0.037124999 -0.196375 0.335125
0.037124999 -0.196375 0.335875
0.037124999 -0.19662499 0.337125
0.037875 -0.196375 0.337125
0.037875 -0.19662499 0.33787501
0.037875 -0.196125 0.335125
0.037875 -0.196125 0.335875
0.036125001 -0.193875 0.32512501
0.036125001 -0.19437499 0.325625
0.036874998 -0.194125 0.32587501
0.036125001 -0.19437499 0.326875
0.037124999 -0.194125 0.326875
0.037124999 -0.193625 0.32512501
0.037875 -0.193625 0.32512501
0.037875 -0.193875 0.32587501
0.037875 -0.194125 0.326875
0.034875002 -0.195125 0.32887501
0.034125 -0.19562501 0.330125
0.034875002 -0.19562501 0.330125
0.036125001 -0.195375 0.330125
0.032875001 -0.196125 0.33087501
0.034125 -0.196125 0.33087501
0.034875002 -0.195875 0.33087501
0.036125001 -0.19562501 0.330625
0.035875 -0.194875 0.32887501
0.036125001 -0.19462501 0.328125
0.037124999 -0.19437499 0.328125
0.037875 -0.194125 0.328125
0.037124999 -0.194875 0.32887501
0.037875 -0.19462501 0.32862499
0.036874998 -0.195125 0.32987499
0.036125001 -0.19662499 0.335875
0.035875 -0.19687501 0.337125
0.037875 -0.195875 0.33412501
0.037124999 -0.19562501 0.33212501
0.037875 -0.19562501 0.33212501
0.036874998 -0.195875 0.33287501
0.037875 -0.19562501 0.332625
0.037625 -0.194875 0.330125
0.037124999 -0.195375 0.330625
0.037875 -0.195375 0.330625
0.032875001 -0.193625 0.319875
0.034125 -0.193625 0.319875
0.034875002 -0.193625 0.319875
0.032875001 -0.193625 0.321125
0.034125 -0.193625 0.321125
0.034875002 -0.193625 0.321125
0.034125 -0.193625 0.32187501
0.034875002 -0.193625 0.32187501
0.034875002 -0.193625 0.323125
0.036125001 -0.193625 0.321125
0.037124999 -0.19337501 0.321125
0.036125001 -0.193625 0.32187501
0.037124999 -0.193625 0.32187501
0.037875 -0.19337501 0.32187501
0.036125001 -0.193625 0.323125
0.037124999 -0.193625 0.323125
0.037875 -0.19337501 0.323125
0.036125001 -0.193625 0.32387501
0.036125001 -0.193625 0.319875
0.037124999 -0.193625 0.319875
0.037875 -0.19337501 0.319875
0.037875 -0.19337501 0.321125
0.037124999 -0.193625 0.32387501
0.037875 -0.19337501 0.32387501
0.025125001 -0.193875 0.321125
0.025125001 -0.193875 0.319875
0.054625001 -0.157875 0.29587501
0.054625001 -0.157875 0.29712501
0.054625001 -0.157875 0.298125
0.054625001 -0.157125 0.298125
0.055374999 -0.154875 0.30212501
0.055624999 -0.154875 0.30287501
0.055875 -0.154875 0.30412501
0.055875 -0.154875 0.305125
0.055125002 -0.155875 0.300625
0.055374999 -0.155875 0.30212501
0.055624999 -0.155875 0.30287501
0.055624999 -0.15387499 0.30212501
0.055875 -0.15387499 0.30287501
0.055624999 -0.15387499 0.303875
0.056125 -0.15387499 0.305125
0.054875001 -0.154875 0.298125
0.054875001 -0.155875 0.298875
0.054375 -0.154875 0.29387501
0.054375 -0.157875 0.29512501
0.054375 -0.157125 0.29512501
0.054375 -0.155875 0.29512501
0.054625001 -0.157125 0.29587501
0.054625001 -0.155875 0.29587501
0.054625001 -0.157125 0.29712501
0.054625001 -0.155875 0.29712501
0.054375 -0.154875 0.29512501
0.054625001 -0.154875 0.29587501
0.054625001 -0.154875 0.29712501
0.054625001 -0.155875 0.298125
0.055374999 -0.154875 0.30087501
0.055624999 -0.15387499 0.30087501
0.054875001 -0.15512501 0.298875
0.055125002 -0.15387499 0.298875
0.055125002 -0.154875 0.300125
0.055374999 -0.15387499 0.300125
0.055125002 -0.15412501 0.29787499
0.054875001 -0.15387499 0.29712501
0.054875001 -0.157125 0.300125
0.054875001 -0.155875 0.300125
0.039124999 -0.16187499 0.285375
0.041875001 -0.16312499 0.28587499
0.043125 -0.16312499 0.286125
0.041875001 -0.166125 0.28687501
0.041875001 -0.166875 0.287375
0.041125 -0.166125 0.28687501
0.039875001 -0.165125 0.28637499
0.041125 -0.165125 0.286625
0.041875001 -0.165125 0.286625
0.043125 -0.165125 0.286625
0.039124999 -0.163875 0.28587499
0.039875001 -0.163875 0.28587499
0.041125 -0.163875 0.286125
0.041875001 -0.163875 0.28637499
0.043125 -0.163875 0.28637499
0.039124999 -0.16312499 0.28587499
0.039875001 -0.16312499 0.28587499
0.041125 -0.16337501 0.28587499
0.039875001 -0.16187499 0.285375
0.041125 -0.16187499 0.28562501
0.041875001 -0.16187499 0.28562501
0.043125 -0.16187499 0.28562501
0.041875001 -0.161125 0.285375
0.043125 -0.161125 0.285375
0.044124998 -0.161125 0.285375
0.045875002 -0.161125 0.286125
0.044124998 -0.165125 0.286625
0.043125 -0.165875 0.28687501
0.046624999 -0.16312499 0.28687501
0.044124998 -0.165875 0.287375
0.044875 -0.165125 0.287375
0.044124998 -0.163875 0.286625
0.044875 -0.164125 0.28687501
0.046124998 -0.163875 0.28687501
0.044124998 -0.16312499 0.286125
0.044875 -0.16312499 0.286625
0.046124998 -0.16312499 0.28687501
0.044124998 -0.16212501 0.28587499
0.044624999 -0.16187499 0.286125
0.046124998 -0.16187499 0.28637499
0.046875 -0.16187499 0.286625
0.044875 -0.161125 0.28562501
0.044875 -0.15987501 0.285375
0.046124998 -0.15987501 0.28562501
0.039124999 -0.168125 0.287875
0.039124999 -0.174125 0.29062501
0.039875001 -0.174125 0.29062501
0.039124999 -0.172875 0.289875
0.039124999 -0.172125 0.28962499
0.039124999 -0.170875 0.28937501
0.039124999 -0.170375 0.28887501
0.039124999 -0.16887499 0.28837499
0.039124999 -0.166125 0.28687501
0.039875001 -0.166125 0.28687501
0.039875001 -0.172875 0.289875
0.039875001 -0.172125 0.28962499
0.039875001 -0.170875 0.28887501
0.041125 -0.170875 0.28887501
0.039875001 -0.17012499 0.288625
0.041125 -0.17012499 0.288625
0.039875001 -0.16887499 0.28837499
0.041125 -0.16887499 0.28812501
0.039875001 -0.168375 0.287875
0.041125 -0.168375 0.287875
0.041875001 -0.168125 0.28762501
0.039124999 -0.166875 0.287375
0.039875001 -0.166875 0.287375
0.041125 -0.166875 0.287375
0.039124999 -0.165125 0.286625
0.041125 -0.172875 0.289875
0.041875001 -0.172875 0.289875
0.041125 -0.172125 0.28962499
0.041875001 -0.172125 0.28962499
0.043125 -0.172125 0.28962499
0.041875001 -0.170875 0.28887501
0.043125 -0.170875 0.28887501
0.041875001 -0.17012499 0.288625
0.043125 -0.17012499 0.288625
0.041875001 -0.16887499 0.28812501
0.044124998 -0.170875 0.28887501
0.044124998 -0.17012499 0.288625
0.043125 -0.16887499 0.28812501
0.046875 -0.166125 0.287875
0.046124998 -0.17012499 0.28887501
0.046124998 -0.16887499 0.288625
0.046875 -0.168125 0.288625
0.046875 -0.166875 0.28837499
0.044124998 -0.168125 0.287875
0.044875 -0.17012499 0.28887501
0.044124998 -0.16887499 0.28837499
0.044875 -0.16887499 0.28837499
0.043125 -0.168125 0.287875
0.044875 -0.168125 0.28812501
0.046124998 -0.168125 0.28837499
0.043125 -0.166875 0.287375
0.044124998 -0.166875 0.28762501
0.044875 -0.167125 0.287875
0.045875002 -0.166875 0.28812501
0.044875 -0.165875 0.28762501
0.046124998 -0.165875 0.287875
0.046124998 -0.165125 0.287375
0.046875 -0.165125 0.28762501
0.046875 -0.163875 0.287375
0.046875 -0.16912501 0.28887501
0.048124999 -0.168125 0.28887501
0.048124999 -0.166875 0.28837499
0.048124999 -0.165875 0.28812501
0.048124999 -0.16537499 0.287875
0.048124999 -0.163875 0.28762501
0.048124999 -0.16312499 0.287375
0.048875 -0.166875 0.28887501
0.048625 -0.165875 0.288625
0.048875 -0.165125 0.28812501
0.052124999 -0.15387499 0.28587499
0.051624998 -0.155875 0.28587499
0.051874999 -0.15512501 0.286125
0.051874999 -0.15612499 0.286625
0.052375 -0.154875 0.28687501
0.051874999 -0.159125 0.288625
0.052625 -0.157875 0.28887501
0.052875001 -0.157125 0.28887501
0.053125001 -0.159125 0.289875
0.052124999 -0.163875 0.28962499
0.052124999 -0.16312499 0.28962499
0.053125001 -0.16312499 0.29087499
0.054125 -0.157875 0.293125
0.054125 -0.157125 0.293125
0.054375 -0.157875 0.29387501
0.054375 -0.157125 0.29387501
0.054375 -0.155875 0.29387501
0.054625001 -0.15987501 0.29512501
0.054625001 -0.159125 0.29512501
0.054625001 -0.159125 0.29587501
0.054625001 -0.159125 0.29712501
0.053624999 -0.159125 0.291875
0.054125 -0.159125 0.293125
0.054125 -0.15987501 0.293125
0.054375 -0.15987501 0.29387501
0.054375 -0.159125 0.29387501
0.054125 -0.161125 0.293125
0.054375 -0.161125 0.29387501
0.051624998 -0.16187499 0.289125
0.051874999 -0.161125 0.28887501
0.051624998 -0.15987501 0.28887501
0.053125001 -0.157875 0.28962499
0.053374998 -0.15987501 0.291125
0.053624999 -0.161125 0.291875
0.053874999 -0.15987501 0.291875
0.053874999 -0.16187499 0.291875
0.052375 -0.16187499 0.289875
0.052625 -0.161125 0.29012501
0.052875001 -0.15987501 0.289875
0.053125001 -0.16187499 0.29087499
0.053374998 -0.161125 0.291125
0.053374998 -0.159125 0.291125
0.048124999 -0.160125 0.28587499
0.048124999 -0.16212501 0.286625
0.046875 -0.161125 0.28637499
0.048124999 -0.161125 0.28637499
0.046875 -0.160125 0.28587499
0.046875 -0.159125 0.285375
0.048124999 -0.159125 0.285375
0.048625 -0.159125 0.28562501
0.048875 -0.161125 0.286625
0.050124999 -0.160125 0.286625
0.050124999 -0.161125 0.28762501
0.048875 -0.15987501 0.28587499
0.049874999 -0.159125 0.286125
0.050124999 -0.157875 0.28562501
0.050625 -0.157875 0.286125
0.050875001 -0.159125 0.28687501
0.050875001 -0.15737499 0.28587499
0.051375002 -0.157875 0.28687501
0.051624998 -0.157125 0.28687501
0.051125001 -0.160125 0.287875
0.051375002 -0.159125 0.28812501
0.051874999 -0.157875 0.28812501
0.051874999 -0.15737499 0.287875
0.052625 -0.155875 0.28812501
0.049874999 -0.16312499 0.28812501
0.050124999 -0.16187499 0.287875
0.048625 -0.16312499 0.28762501
0.048625 -0.16187499 0.287375
0.051125001 -0.16312499 0.288625
0.051125001 -0.163875 0.28887501
0.051125001 -0.16187499 0.28837499
0.050875001 -0.161125 0.28812501
0.048875 -0.164125 0.287875
0.050124999 -0.166125 0.28887501
0.050124999 -0.165125 0.288625
0.050124999 -0.163875 0.28837499
0.050875001 -0.165125 0.28887501
0.051125001 -0.165875 0.28937501
0.051874999 -0.16537499 0.289875
0.054625001 -0.15387499 0.29387501
0.054625001 -0.15387499 0.29512501
0.054625001 -0.15387499 0.29587501
0.053624999 -0.15387499 0.28887501
0.053624999 -0.154875 0.289875
0.053874999 -0.15387499 0.289875
0.053874999 -0.154875 0.291125
0.053874999 -0.15387499 0.291125
0.053874999 -0.15512501 0.291875
0.054125 -0.154875 0.293125
0.052875001 -0.15387499 0.28687501
0.052875001 -0.154875 0.28812501
0.053125001 -0.15387499 0.28812501
0.053374998 -0.154875 0.28887501
0.054125 -0.15387499 0.291875
0.054375 -0.15387499 0.293125
0.053374998 -0.155875 0.289875
0.053624999 -0.155875 0.291125
0.053374998 -0.157125 0.289875
0.053624999 -0.157875 0.291125
0.053624999 -0.157125 0.291125
0.053624999 -0.157875 0.291875
0.053624999 -0.157125 0.291875
0.053624999 -0.155875 0.291875
0.054125 -0.155875 0.293125
0.053125001 -0.155875 0.28887501
0.055374999 -0.172875 0.31112501
0.055374999 -0.172125 0.31112501
0.055374999 -0.174125 0.31187499
0.055374999 -0.172875 0.31187499
0.055624999 -0.172125 0.31187499
0.055374999 -0.17487501 0.312875
0.055374999 -0.174125 0.312875
0.055624999 -0.172875 0.312875
0.055624999 -0.172125 0.312875
0.055624999 -0.172875 0.314125
0.055624999 -0.172125 0.314125
0.055125002 -0.176125 0.30987501
0.055374999 -0.17487501 0.30987501
0.055374999 -0.174125 0.30987501
0.055374999 -0.172875 0.30987501
0.055374999 -0.176125 0.31112501
0.055374999 -0.17487501 0.31112501
0.055374999 -0.174125 0.31112501
0.055374999 -0.176125 0.31187499
0.055374999 -0.17487501 0.31187499
0.055624999 -0.172875 0.307125
0.055374999 -0.174125 0.30787501
0.055374999 -0.172875 0.30787501
0.055374999 -0.17487501 0.30912501
0.055374999 -0.174125 0.30912501
0.055374999 -0.172875 0.30912501
0.055125002 -0.170875 0.30087501
0.055125002 -0.172125 0.30212501
0.055125002 -0.172875 0.30287501
0.055374999 -0.172125 0.30287501
0.055374999 -0.172875 0.30412501
0.055374999 -0.172125 0.30412501
0.055624999 -0.172875 0.305125
0.055125002 -0.174125 0.30412501
0.055125002 -0.17487501 0.305125
0.055374999 -0.174125 0.305125
0.055125002 -0.176125 0.305875
0.055374999 -0.17487501 0.305875
0.055374999 -0.174125 0.305875
0.054875001 -0.17487501 0.30212501
0.054875001 -0.176125 0.30287501
0.054875001 -0.17487501 0.30287501
0.054875001 -0.176125 0.30412501
0.055125002 -0.17487501 0.30412501
0.055125002 -0.176125 0.305125
0.054875001 -0.176875 0.305875
0.055624999 -0.172875 0.305875
0.055125002 -0.176875 0.307125
0.055125002 -0.176125 0.307125
0.055374999 -0.17487501 0.307125
0.055624999 -0.174125 0.307125
0.055125002 -0.176125 0.30787501
0.055374999 -0.17487501 0.30787501
0.055125002 -0.176125 0.30912501
0.058874998 -0.15512501 0.318625
0.059124999 -0.15387499 0.31887501
0.058874998 -0.155875 0.31887501
0.057624999 -0.15387499 0.31187499
0.057875 -0.154875 0.312875
0.057875 -0.15387499 0.312875
0.057875 -0.155875 0.314125
0.057624999 -0.15512501 0.31387499
0.057875 -0.15387499 0.31387499
0.058125 -0.154875 0.31487501
0.058375001 -0.15387499 0.31487501
0.058625001 -0.15387499 0.31612501
0.057875 -0.155875 0.31487501
0.058375001 -0.154875 0.31612501
0.058625001 -0.15387499 0.31687501
0.057624999 -0.157125 0.31587499
0.058125 -0.155875 0.31612501
0.058375001 -0.157125 0.31687501
0.058375001 -0.155875 0.31687501
0.058625001 -0.154875 0.31687501
0.058625001 -0.157125 0.31812501
0.058625001 -0.155875 0.31812501
0.058874998 -0.154875 0.31812501
0.058874998 -0.15387499 0.31812501
0.058625001 -0.157875 0.31887501
0.058874998 -0.157125 0.31887501
0.056625001 -0.161125 0.31612501
0.056875002 -0.16187499 0.31687501
0.057124998 -0.161375 0.316625
0.056875002 -0.16312499 0.317875
0.057124998 -0.16187499 0.31812501
0.057374999 -0.161125 0.31812501
0.057624999 -0.15987501 0.31812501
0.057374999 -0.16312499 0.31887501
0.057624999 -0.16187499 0.31887501
0.057875 -0.161125 0.31887501
0.057875 -0.160125 0.31887501
0.057124998 -0.165875 0.31887501
0.057124998 -0.165125 0.318625
0.055875 -0.15987501 0.30787501
0.055875 -0.160125 0.30887499
0.055875 -0.160125 0.30987501
0.056375001 -0.159125 0.30987501
0.056375001 -0.15987501 0.31112501
0.056625001 -0.159125 0.31112501
0.056375001 -0.15987501 0.31187499
0.056625001 -0.159125 0.31187499
0.056875002 -0.159125 0.312875
0.057124998 -0.158125 0.312875
0.057374999 -0.157875 0.314125
0.056125 -0.16187499 0.31187499
0.056375001 -0.161125 0.31187499
0.056375001 -0.161125 0.312875
0.056375001 -0.161125 0.314125
0.055875 -0.16187499 0.310875
0.055875 -0.161125 0.310875
0.056375001 -0.161125 0.31487501
0.056625001 -0.15987501 0.31487501
0.057124998 -0.159125 0.31487501
0.057124998 -0.160125 0.31587499
0.057374999 -0.159125 0.31612501
0.057624999 -0.157875 0.31612501
0.057374999 -0.15987501 0.31687501
0.057624999 -0.159125 0.31687501
0.057875 -0.158125 0.31687501
0.057875 -0.159125 0.317875
0.058375001 -0.157875 0.31812501
0.058375001 -0.159125 0.31887501
0.056625001 -0.15987501 0.312875
0.056625001 -0.15987501 0.314125
0.056875002 -0.159125 0.314125
0.057374999 -0.157875 0.31487501
0.055875 -0.161125 0.30912501
0.055875 -0.16187499 0.30987501
0.055875 -0.161125 0.30987501
0.055125002 -0.161125 0.30287501
0.055125002 -0.15987501 0.30287501
0.055125002 -0.16187499 0.30412501
0.055374999 -0.161125 0.30412501
0.055374999 -0.15987501 0.30412501
0.055374999 -0.161125 0.305125
0.055374999 -0.15987501 0.305125
0.054875001 -0.15987501 0.300125
0.054875001 -0.159125 0.300125
0.054875001 -0.159125 0.30087501
0.054625001 -0.159125 0.298125
0.054875001 -0.15987501 0.298875
0.054875001 -0.159125 0.298875
0.054875001 -0.157875 0.298875
0.054625001 -0.157125 0.298875
0.054875001 -0.157875 0.300125
0.054625001 -0.15987501 0.29712501
0.054625001 -0.15987501 0.298125
0.054875001 -0.161125 0.30087501
0.054875001 -0.15987501 0.30087501
0.054875001 -0.16187499 0.30212501
0.054875001 -0.161125 0.30212501
0.055125002 -0.160125 0.301875
0.055125002 -0.16187499 0.302625
0.054625001 -0.16187499 0.300125
0.054625001 -0.161125 0.300125
0.054625001 -0.16312499 0.300125
0.054625001 -0.16187499 0.30087501
0.055374999 -0.166875 0.300125
0.055125002 -0.165875 0.29987499
0.054875001 -0.165125 0.300125
0.055374999 -0.165875 0.30087501
0.055374999 -0.16312499 0.305125
0.055374999 -0.16312499 0.305875
0.055624999 -0.16312499 0.307125
0.055624999 -0.16312499 0.30787501
0.055875 -0.16312499 0.30912501
0.055875 -0.16312499 0.30987501
0.055125002 -0.16312499 0.30412501
0.055374999 -0.163875 0.305125
0.055624999 -0.165125 0.305875
0.055624999 -0.163875 0.305875
0.055875 -0.163875 0.307125
0.055374999 -0.16187499 0.305125
0.055374999 -0.16187499 0.305875
0.055624999 -0.161125 0.305875
0.055624999 -0.16187499 0.307125
0.055624999 -0.161125 0.307125
0.055624999 -0.16187499 0.30787501
0.055875 -0.161125 0.30787501
0.055875 -0.16187499 0.30912501
0.055374999 -0.165125 0.30212501
0.055125002 -0.163875 0.30212501
0.054875001 -0.16337501 0.30212501
0.055125002 -0.16312499 0.30287501
0.054625001 -0.163875 0.300125
0.055125002 -0.165125 0.300625
0.054875001 -0.163875 0.30087501
0.054875001 -0.16312499 0.30087501
0.055374999 -0.165125 0.30287501
0.055374999 -0.163875 0.30287501
0.055374999 -0.165125 0.30412501
0.055374999 -0.163875 0.30412501
0.055624999 -0.165125 0.305125
0.056125 -0.157875 0.30787501
0.056375001 -0.157125 0.30787501
0.056375001 -0.155875 0.30787501
0.056625001 -0.157125 0.30912501
0.056625001 -0.155875 0.30912501
0.056875002 -0.154875 0.30912501
0.056875002 -0.155875 0.30987501
0.056875002 -0.15512501 0.30987501
0.056875002 -0.15387499 0.30912501
0.057124998 -0.15387499 0.30987501
0.057374999 -0.15387499 0.31112501
0.055624999 -0.155875 0.30412501
0.055875 -0.157125 0.305125
0.055875 -0.155875 0.305125
0.055875 -0.157875 0.305875
0.055875 -0.157125 0.305875
0.055875 -0.155875 0.30562499
0.055624999 -0.15987501 0.307125
0.055875 -0.159125 0.307125
0.055624999 -0.157875 0.307125
0.056125 -0.157125 0.307125
0.056375001 -0.155875 0.307125
0.056625001 -0.154875 0.30787501
0.056375001 -0.15387499 0.305875
0.056625001 -0.15387499 0.307125
0.056875002 -0.15387499 0.30787501
0.055875 -0.159125 0.307625
0.056375001 -0.159125 0.30912501
0.056375001 -0.157875 0.30912501
0.056625001 -0.157875 0.30987501
0.056875002 -0.157125 0.30987501
0.056875002 -0.15737499 0.310875
0.057124998 -0.155875 0.31112501
0.057374999 -0.154875 0.31112501
0.057374999 -0.157125 0.31187499
0.057374999 -0.155875 0.31187499
0.057624999 -0.154875 0.31187499
0.057624999 -0.155875 0.312875
0.056875002 -0.157875 0.31112501
0.057124998 -0.158125 0.31187499
0.057374999 -0.157125 0.312875
0.057624999 -0.157125 0.314125
0.057624999 -0.157125 0.31487501
0.056125 -0.154875 0.305875
0.056375001 -0.154875 0.307125
0.055125002 -0.157875 0.30087501
0.055125002 -0.157125 0.300625
0.055125002 -0.159125 0.30212501
0.055125002 -0.157875 0.30212501
0.055374999 -0.157125 0.30212501
0.055374999 -0.157125 0.30287501
0.055374999 -0.159125 0.30287501
0.055374999 -0.157875 0.30287501
0.055374999 -0.159125 0.30412501
0.055624999 -0.157875 0.30412501
0.055624999 -0.157125 0.30412501
0.055624999 -0.159125 0.305125
0.055624999 -0.157875 0.305125
0.055624999 -0.15987501 0.305875
0.055624999 -0.159125 0.305875
0.055875 -0.16312499 0.31112501
0.056125 -0.165875 0.31187499
0.056125 -0.165125 0.31187499
0.056125 -0.163875 0.31187499
0.055875 -0.166125 0.30887499
0.056125 -0.165875 0.30987501
0.056125 -0.165125 0.30987501
0.056125 -0.165875 0.31112501
0.056125 -0.165125 0.31112501
0.056125 -0.163875 0.31112501
0.056375001 -0.165125 0.312875
0.056375001 -0.165875 0.314125
0.056375001 -0.165875 0.312875
0.055875 -0.166875 0.30912501
0.055875 -0.168125 0.30987501
0.055875 -0.166875 0.30987501
0.055875 -0.166875 0.31112501
0.056125 -0.16312499 0.31187499
0.056125 -0.16312499 0.312875
0.056125 -0.16187499 0.312875
0.056125 -0.16187499 0.314125
0.056375001 -0.163875 0.312875
0.056375001 -0.165125 0.314125
0.056375001 -0.163875 0.314125
0.056375001 -0.16312499 0.314125
0.055875 -0.163875 0.30787501
0.055875 -0.165125 0.30912501
0.055875 -0.163875 0.30912501
0.055875 -0.163875 0.30987501
0.055624999 -0.16887499 0.314125
0.055875 -0.17012499 0.31487501
0.055875 -0.16887499 0.31487501
0.055875 -0.168125 0.31487501
0.056125 -0.16887499 0.31612501
0.056375001 -0.168125 0.31612501
0.056375001 -0.168125 0.31687501
0.056875002 -0.166875 0.31812501
0.056625001 -0.16187499 0.31612501
0.056625001 -0.163875 0.31687501
0.056625001 -0.16312499 0.31687501
0.056875002 -0.165125 0.31812501
0.056875002 -0.163875 0.31812501
0.057124998 -0.163875 0.31887501
0.056375001 -0.165875 0.31487501
0.056375001 -0.165125 0.31487501
0.056375001 -0.163875 0.31487501
0.056375001 -0.16312499 0.31487501
0.056375001 -0.16187499 0.31487501
0.056625001 -0.165875 0.31612501
0.056625001 -0.165125 0.31612501
0.056625001 -0.163875 0.31612501
0.056375001 -0.16312499 0.31612501
0.056625001 -0.165875 0.31687501
0.056625001 -0.165125 0.31687501
0.056875002 -0.165875 0.31812501
0.055875 -0.168125 0.314125
0.056375001 -0.166875 0.31487501
0.056375001 -0.166875 0.31612501
0.056625001 -0.166875 0.31687501
0.055875 -0.168125 0.31112501
0.055875 -0.168125 0.31187499
0.055875 -0.166875 0.31187499
0.055875 -0.168125 0.312875
0.055374999 -0.172125 0.30987501
0.055624999 -0.170875 0.31112501
0.055624999 -0.170875 0.31187499
0.055624999 -0.17012499 0.31187499
0.055624999 -0.170875 0.312875
0.055624999 -0.17012499 0.312875
0.055624999 -0.16887499 0.312875
0.055624999 -0.170875 0.314125
0.055624999 -0.17012499 0.314125
0.055624999 -0.170875 0.30987501
0.055624999 -0.17012499 0.30987501
0.055624999 -0.16887499 0.30987501
0.055624999 -0.17012499 0.31112501
0.055624999 -0.16887499 0.31112501
0.055624999 -0.16887499 0.31187499
0.055875 -0.167125 0.312875
0.055875 -0.167125 0.314125
0.055875 -0.165125 0.307125
0.055875 -0.165125 0.30787501
0.055374999 -0.168125 0.305875
0.055374999 -0.166875 0.305875
0.055624999 -0.165875 0.305875
0.055624999 -0.166875 0.307125
0.055875 -0.165875 0.307125
0.055875 -0.165875 0.30787501
0.055624999 -0.168125 0.307125
0.055624999 -0.168125 0.30787501
0.055875 -0.166875 0.30787501
0.055875 -0.168125 0.30912501
0.055374999 -0.16887499 0.307125
0.055374999 -0.170875 0.30787501
0.055374999 -0.17012499 0.30787501
0.055624999 -0.16887499 0.30787501
0.055374999 -0.172125 0.30912501
0.055374999 -0.170875 0.30912501
0.055624999 -0.17012499 0.30912501
0.055624999 -0.16887499 0.30912501
0.055624999 -0.172125 0.305875
0.055374999 -0.170875 0.305875
0.055374999 -0.17012499 0.305875
0.055374999 -0.16887499 0.305875
0.055624999 -0.172125 0.307125
0.055374999 -0.170875 0.307125
0.055374999 -0.17012499 0.307125
0.055374999 -0.172125 0.30787501
0.055125002 -0.16887499 0.300125
0.055374999 -0.168125 0.300125
0.055125002 -0.17012499 0.30087501
0.055125002 -0.16887499 0.30087501
0.055374999 -0.168125 0.30087501
0.055125002 -0.17012499 0.30212501
0.055125002 -0.16887499 0.30212501
0.055374999 -0.168125 0.30212501
0.055125002 -0.16887499 0.30287501
0.055374999 -0.168125 0.30287501
0.055125002 -0.16887499 0.30412501
0.055374999 -0.165875 0.30212501
0.055374999 -0.165875 0.30287501
0.055374999 -0.166875 0.30087501
0.055374999 -0.166875 0.30212501
0.055374999 -0.166875 0.30287501
0.055374999 -0.168125 0.30412501
0.055374999 -0.166875 0.30412501
0.055624999 -0.165875 0.30412501
0.055374999 -0.168125 0.305125
0.055374999 -0.166875 0.305125
0.055624999 -0.165875 0.305125
0.055125002 -0.170875 0.30212501
0.055374999 -0.170875 0.30287501
0.055125002 -0.17012499 0.30287501
0.055374999 -0.170875 0.30412501
0.055374999 -0.17012499 0.30412501
0.055624999 -0.172125 0.305125
0.055374999 -0.170875 0.305125
0.055374999 -0.17012499 0.305125
0.055125002 -0.16887499 0.305125
0.054625001 -0.18512499 0.30787501
0.054875001 -0.18512499 0.30912501
0.054875001 -0.185875 0.30987501
0.054875001 -0.18512499 0.30987501
0.054875001 -0.185875 0.31112501
0.054875001 -0.18512499 0.31112501
0.054875001 -0.18512499 0.31187499
0.054625001 -0.187125 0.307125
0.054625001 -0.185875 0.307125
0.054625001 -0.18512499 0.307125
0.054625001 -0.187125 0.30787501
0.054625001 -0.185875 0.30787501
0.054625001 -0.187125 0.30912501
0.054875001 -0.185875 0.30912501
0.054875001 -0.186875 0.30987501
0.055374999 -0.176125 0.314125
0.055624999 -0.176875 0.31487501
0.055624999 -0.176125 0.31487501
0.055624999 -0.172125 0.31487501
0.055875 -0.172125 0.31612501
0.056125 -0.172875 0.31687501
0.056125 -0.172125 0.31687501
0.056375001 -0.174125 0.31812501
0.056375001 -0.172875 0.31812501
0.056625001 -0.17487501 0.31887501
0.056625001 -0.174125 0.31887501
0.056625001 -0.172875 0.31887501
0.055374999 -0.17487501 0.314125
0.055624999 -0.174125 0.314125
0.055624999 -0.17487501 0.31487501
0.055624999 -0.174125 0.31487501
0.055624999 -0.172875 0.31487501
0.055875 -0.17487501 0.31612501
0.055875 -0.174125 0.31612501
0.055875 -0.172875 0.31612501
0.055875 -0.17487501 0.31687501
0.055875 -0.174125 0.316625
0.056125 -0.176125 0.31812501
0.056375001 -0.17487501 0.31812501
0.056625001 -0.176125 0.31887501
0.055624999 -0.176875 0.31612501
0.055624999 -0.176125 0.31612501
0.055875 -0.176875 0.31687501
0.055875 -0.176125 0.31687501
0.056125 -0.176875 0.31812501
0.056375001 -0.176875 0.31887501
0.055125002 -0.18187501 0.31487501
0.055125002 -0.181125 0.31487501
0.055374999 -0.181125 0.31612501
0.055374999 -0.179875 0.31612501
0.055624999 -0.179125 0.31612501
0.055624999 -0.177875 0.31612501
0.055624999 -0.181125 0.31687501
0.055624999 -0.179875 0.31687501
0.055624999 -0.179125 0.31687501
0.055875 -0.181125 0.31812501
0.055875 -0.179875 0.31812501
0.054875001 -0.181125 0.314125
0.054875001 -0.179875 0.314125
0.055374999 -0.179875 0.31487501
0.055374999 -0.179125 0.31487501
0.055374999 -0.183125 0.31612501
0.055374999 -0.18187501 0.31612501
0.055624999 -0.183125 0.31687501
0.055624999 -0.18187501 0.31687501
0.055624999 -0.18387499 0.31812501
0.055624999 -0.183125 0.31812501
0.055875 -0.18187501 0.31812501
0.055875 -0.181125 0.31887501
0.055875 -0.177875 0.31687501
0.055875 -0.179125 0.31812501
0.055875 -0.17812499 0.317875
0.055875 -0.179875 0.31887501
0.056125 -0.179125 0.31887501
0.056375001 -0.177875 0.31887501
0.055125002 -0.176875 0.31112501
0.055125002 -0.177875 0.31187499
0.055125002 -0.176875 0.31187499
0.054875001 -0.179125 0.312875
0.055125002 -0.177875 0.312875
0.055374999 -0.176875 0.312875
0.055374999 -0.176125 0.312875
0.055125002 -0.17937499 0.31387499
0.055125002 -0.177875 0.314125
0.055374999 -0.176875 0.314125
0.055374999 -0.177875 0.31487501
0.054875001 -0.179875 0.30987501
0.055125002 -0.179125 0.30987501
0.055125002 -0.177875 0.30987501
0.055125002 -0.176875 0.30987501
0.054875001 -0.179875 0.31112501
0.054875001 -0.179125 0.31112501
0.055125002 -0.177875 0.31112501
0.054875001 -0.179875 0.31187499
0.054875001 -0.179125 0.31187499
0.054875001 -0.179875 0.312875
0.055125002 -0.179125 0.305875
0.055125002 -0.177875 0.307125
0.055125002 -0.176875 0.30787501
0.054875001 -0.18187501 0.305875
0.054875001 -0.181125 0.305875
0.054875001 -0.179875 0.305875
0.054625001 -0.183125 0.307125
0.054875001 -0.18187501 0.307125
0.054875001 -0.181125 0.307125
0.054875001 -0.18187501 0.30787501
0.054875001 -0.181125 0.30787501
0.054875001 -0.181125 0.30912501
0.054875001 -0.179875 0.307125
0.055125002 -0.179125 0.307125
0.054875001 -0.179875 0.30787501
0.055125002 -0.179125 0.30787501
0.055125002 -0.177875 0.30787501
0.054875001 -0.179875 0.30912501
0.055125002 -0.179125 0.30912501
0.055125002 -0.177875 0.30912501
0.055125002 -0.176875 0.30912501
0.054875001 -0.181125 0.31112501
0.054875001 -0.181125 0.31187499
0.054875001 -0.181125 0.312875
0.055125002 -0.18187501 0.314125
0.054875001 -0.18187501 0.31112501
0.054875001 -0.183125 0.31187499
0.054875001 -0.18187501 0.31187499
0.055125002 -0.18387499 0.312875
0.055125002 -0.183125 0.312875
0.054875001 -0.18187501 0.312875
0.054625001 -0.18387499 0.307125
0.054625001 -0.18387499 0.30787501
0.054625001 -0.183125 0.30787501
0.054875001 -0.18387499 0.30912501
0.054875001 -0.183125 0.30912501
0.054875001 -0.18187501 0.30912501
0.054875001 -0.18387499 0.30987501
0.054875001 -0.183125 0.30987501
0.054875001 -0.18187501 0.30987501
0.054875001 -0.181125 0.30987501
0.054875001 -0.18387499 0.31112501
0.054875001 -0.183125 0.31112501
0.054875001 -0.18387499 0.31187499
0.055125002 -0.18387499 0.31487501
0.055125002 -0.183125 0.31487501
0.055125002 -0.186125 0.31587499
0.055125002 -0.18512499 0.31612501
0.055374999 -0.18387499 0.31612501
0.055374999 -0.185875 0.31687501
0.055374999 -0.18512499 0.31687501
0.055374999 -0.18387499 0.31687501
0.055125002 -0.186875 0.31687501
0.055125002 -0.186875 0.31812501
0.055125002 -0.187875 0.31887501
0.055125002 -0.186875 0.31887501
0.055624999 -0.18512499 0.31887501
0.055374999 -0.185875 0.31812501
0.055624999 -0.18512499 0.31812501
0.055374999 -0.185875 0.31887501
0.055374999 -0.190125 0.31812501
0.054875001 -0.19212499 0.31887501
0.053624999 -0.19312499 0.31887501
0.055125002 -0.187875 0.31687501
0.055125002 -0.188875 0.31812501
0.055125002 -0.187875 0.31812501
0.055374999 -0.189125 0.31887501
0.055374999 -0.190125 0.31887501
0.054625001 -0.19212499 0.30987501
0.054875001 -0.19112501 0.30987501
0.054875001 -0.19212499 0.31112501
0.054875001 -0.19212499 0.31187499
0.054875001 -0.18512499 0.314125
0.055125002 -0.18387499 0.314125
0.055125002 -0.183125 0.314125
0.054875001 -0.185875 0.31487501
0.054875001 -0.18537501 0.31487501
0.054875001 -0.187125 0.31612501
0.054875001 -0.186875 0.314125
0.054875001 -0.185875 0.314125
0.054875001 -0.186875 0.31487501
0.054875001 -0.186875 0.31112501
0.054875001 -0.186875 0.31187499
0.054875001 -0.185875 0.31187499
0.054625001 -0.187125 0.312875
0.054875001 -0.185875 0.312875
0.054875001 -0.18512499 0.312875
0.054625001 -0.189125 0.314125
0.054625001 -0.187875 0.314125
0.054875001 -0.187875 0.31487501
0.054875001 -0.188875 0.30987501
0.054625001 -0.189125 0.31112501
0.054625001 -0.187875 0.31112501
0.054625001 -0.187875 0.31187499
0.054625001 -0.187875 0.312875
0.054625001 -0.190125 0.30987501
0.054625001 -0.190125 0.31112501
0.054625001 -0.189125 0.31187499
0.054625001 -0.189125 0.312875
0.055374999 -0.19112501 0.31687501
0.055125002 -0.19112501 0.31812501
0.055125002 -0.19112501 0.31887501
0.054875001 -0.19312499 0.314125
0.055125002 -0.19212499 0.31487501
0.053874999 -0.19337501 0.317875
0.054125 -0.19337501 0.31687501
0.053624999 -0.193875 0.31487501
0.053624999 -0.193625 0.31612501
0.054875001 -0.19212499 0.317875
0.055125002 -0.19212499 0.31687501
0.055125002 -0.192375 0.31612501
0.054875001 -0.19312499 0.31487501
0.054625001 -0.19312499 0.31612501
0.053874999 -0.194125 0.31187499
0.053874999 -0.194125 0.312875
0.051624998 -0.19462501 0.31187499
0.053125001 -0.19462501 0.31187499
0.053125001 -0.19462501 0.312875
0.053125001 -0.19462501 0.31112501
0.053874999 -0.194125 0.31112501
0.055125002 -0.19212499 0.31387499
0.054875001 -0.19112501 0.314125
0.054625001 -0.190125 0.314125
0.055125002 -0.19112501 0.31462499
0.054875001 -0.19112501 0.31112501
0.054875001 -0.19112501 0.31187499
0.054625001 -0.190125 0.31187499
0.054875001 -0.19212499 0.312875
0.054875001 -0.19112501 0.312875
0.054625001 -0.190125 0.312875
0.054625001 -0.19312499 0.31112501
0.054625001 -0.19312499 0.31187499
0.054875001 -0.19312499 0.312875
0.053874999 -0.194125 0.314125
0.054875001 -0.188875 0.31487501
0.055125002 -0.188875 0.31587499
0.054875001 -0.188125 0.31612501
0.055125002 -0.188875 0.31687501
0.054875001 -0.190125 0.31487501
0.055374999 -0.19112501 0.31612501
0.055125002 -0.190375 0.31587499
0.055374999 -0.190125 0.31687501
0.055875 -0.183125 0.31887501
0.055875 -0.18187501 0.31887501
0.055875 -0.18412501 0.31887501
0.055875 -0.170875 0.31487501
0.055875 -0.170875 0.31587499
0.055875 -0.17012499 0.31587499
0.056375001 -0.170875 0.31687501
0.056375001 -0.17012499 0.31687501
0.056375001 -0.16887499 0.31687501
0.056375001 -0.172125 0.31812501
0.056375001 -0.170875 0.31812501
0.056625001 -0.17012499 0.31812501
0.056625001 -0.16887499 0.31812501
0.056625001 -0.168125 0.31812501
0.056625001 -0.172125 0.31887501
0.056625001 -0.170875 0.31887501
0.056875002 -0.17012499 0.31887501
0.056875002 -0.16887499 0.31887501
0.056875002 -0.168125 0.31887501
0.056875002 -0.166875 0.31887501
0.039124999 -0.17487501 0.291125
0.039875001 -0.17487501 0.291125
0.039124999 -0.176875 0.291875
0.039875001 -0.176875 0.291875
0.041125 -0.17712501 0.291875
0.041875001 -0.17712501 0.291875
0.044124998 -0.17937499 0.29287499
0.041125 -0.177875 0.292375
0.041875001 -0.177875 0.292375
0.043125 -0.177875 0.292375
0.039124999 -0.176125 0.29162499
0.039875001 -0.176125 0.29162499
0.041125 -0.176125 0.29137501
0.043125 -0.172875 0.289875
0.041125 -0.175125 0.29087499
0.041875001 -0.175125 0.29087499
0.043125 -0.175125 0.29087499
0.044124998 -0.177875 0.292375
0.043125 -0.17712501 0.291875
0.044124998 -0.17712501 0.291875
0.041875001 -0.176125 0.29137501
0.043125 -0.176125 0.29137501
0.044124998 -0.176125 0.29137501
0.041125 -0.174125 0.29062501
0.041875001 -0.174125 0.29062501
0.043125 -0.174125 0.29062501
0.044124998 -0.172875 0.289875
0.044124998 -0.175125 0.29087499
0.044875 -0.17487501 0.291125
0.044875 -0.17712501 0.291875
0.046124998 -0.17712501 0.291875
0.044875 -0.179125 0.29287499
0.044875 -0.177875 0.292375
0.044875 -0.176125 0.29137501
0.046124998 -0.176125 0.29162499
0.046124998 -0.17487501 0.291125
0.046875 -0.17487501 0.291125
0.044124998 -0.174125 0.29062501
0.044875 -0.174125 0.29062501
0.046124998 -0.174125 0.29062501
0.052625 -0.17012499 0.293125
0.052875001 -0.17112499 0.29287499
0.044875 -0.172875 0.289875
0.046124998 -0.172875 0.289875
0.044124998 -0.172125 0.28962499
0.044875 -0.172125 0.28962499
0.044875 -0.170875 0.28887501
0.046875 -0.172125 0.289875
0.046875 -0.174125 0.29062501
0.046875 -0.172875 0.29037499
0.046124998 -0.172125 0.28962499
0.046124998 -0.170875 0.28937501
0.046875 -0.170875 0.28962499
0.048124999 -0.17112499 0.289875
0.046875 -0.17012499 0.289125
0.048124999 -0.17012499 0.28962499
0.047874998 -0.16887499 0.28887501
0.048875 -0.17012499 0.289875
0.047874998 -0.174125 0.291125
0.048875 -0.173125 0.291125
0.048124999 -0.172875 0.29062501
0.048124999 -0.172125 0.29037499
0.048625 -0.172125 0.29062501
0.048625 -0.170875 0.29037499
0.050124999 -0.16912501 0.289875
0.050124999 -0.170875 0.29087499
0.050124999 -0.17012499 0.29037499
0.048625 -0.16887499 0.28962499
0.048625 -0.168125 0.28887501
0.050124999 -0.168125 0.28962499
0.050124999 -0.166875 0.289125
0.050875001 -0.168125 0.289875
0.051125001 -0.16887499 0.29037499
0.051125001 -0.17012499 0.29087499
0.051624998 -0.16887499 0.291125
0.048124999 -0.17487501 0.29137501
0.048625 -0.17487501 0.29137501
0.050124999 -0.17487501 0.29162499
0.051125001 -0.17487501 0.29162499
0.051874999 -0.17487501 0.291875
0.048625 -0.174125 0.29137501
0.050124999 -0.174125 0.29137501
0.051125001 -0.174125 0.29162499
0.050124999 -0.172875 0.29137501
0.051125001 -0.172875 0.29137501
0.049874999 -0.172125 0.291125
0.048875 -0.17712501 0.291875
0.051125001 -0.176125 0.291875
0.051125001 -0.180125 0.29287499
0.050124999 -0.18187501 0.29337499
0.050124999 -0.181125 0.293125
0.050124999 -0.179875 0.29287499
0.048625 -0.179125 0.292375
0.050124999 -0.179125 0.292375
0.051125001 -0.179125 0.292375
0.048875 -0.177875 0.29212499
0.050124999 -0.177875 0.292375
0.051125001 -0.177875 0.292375
0.050124999 -0.176875 0.291875
0.051125001 -0.176875 0.29212499
0.051624998 -0.176875 0.292375
0.048124999 -0.176125 0.29162499
0.048625 -0.176125 0.29162499
0.050124999 -0.176125 0.291875
0.051874999 -0.176125 0.291875
0.051874999 -0.17112499 0.291875
0.051125001 -0.170875 0.29137501
0.051874999 -0.17012499 0.291875
0.053125001 -0.17487501 0.292375
0.051874999 -0.174125 0.291875
0.053125001 -0.174125 0.292375
0.053125001 -0.172875 0.29287499
0.053125001 -0.172125 0.29287499
0.054125 -0.172875 0.293625
0.051624998 -0.172125 0.291875
0.051874999 -0.173125 0.291875
0.053624999 -0.174125 0.293125
0.051125001 -0.172125 0.29162499
0.044124998 -0.181125 0.29387501
0.044124998 -0.183125 0.29512501
0.044875 -0.183125 0.294875
0.044875 -0.18512499 0.29587501
0.044124998 -0.18512499 0.29587501
0.043125 -0.18387499 0.295625
0.044124998 -0.18387499 0.295625
0.044875 -0.18387499 0.295625
0.043125 -0.183125 0.29512501
0.044124998 -0.18187501 0.294375
0.044875 -0.18187501 0.294375
0.046875 -0.18387499 0.29512501
0.045875002 -0.18512499 0.29587501
0.046124998 -0.18187501 0.29387501
0.048625 -0.183125 0.29387501
0.046124998 -0.183375 0.294875
0.046875 -0.185875 0.29612499
0.046124998 -0.185875 0.29637501
0.046875 -0.18512499 0.295625
0.046124998 -0.18387499 0.29537499
0.048124999 -0.18412501 0.294875
0.046875 -0.183125 0.294375
0.048124999 -0.183125 0.29387501
0.046875 -0.182125 0.29387501
0.048124999 -0.18187501 0.293625
0.044875 -0.181375 0.29387501
0.046124998 -0.181125 0.293625
0.044875 -0.179875 0.293125
0.046875 -0.17712501 0.291875
0.046124998 -0.179875 0.293125
0.046875 -0.180125 0.29287499
0.048875 -0.181125 0.293125
0.050124999 -0.183125 0.293625
0.048625 -0.18187501 0.29337499
0.046875 -0.181125 0.29337499
0.048124999 -0.181125 0.293125
0.048124999 -0.179875 0.29287499
0.048625 -0.179875 0.292375
0.046124998 -0.179125 0.292375
0.046875 -0.179125 0.292375
0.048124999 -0.179125 0.292375
0.046124998 -0.177875 0.292375
0.046875 -0.177875 0.292375
0.048124999 -0.177875 0.29212499
0.048124999 -0.17712501 0.291875
0.046875 -0.176125 0.29162499
0.050875001 -0.187125 0.29587501
0.048124999 -0.185875 0.29587501
0.048875 -0.18512499 0.29512501
0.049874999 -0.18512499 0.294875
0.048625 -0.187125 0.29637501
0.050124999 -0.186875 0.29587501
0.048875 -0.186125 0.295625
0.050124999 -0.185875 0.295625
0.048124999 -0.18512499 0.29537499
0.048625 -0.18387499 0.294375
0.050124999 -0.18387499 0.29387501
0.051125001 -0.185875 0.29537499
0.051125001 -0.18537501 0.294875
0.054875001 -0.17487501 0.30087501
0.054875001 -0.174125 0.30087501
0.054875001 -0.172875 0.30087501
0.054875001 -0.172125 0.30087501
0.054875001 -0.174125 0.30212501
0.055125002 -0.172875 0.30212501
0.055125002 -0.174125 0.30287501
0.055125002 -0.170875 0.298125
0.054875001 -0.172125 0.298875
0.055125002 -0.170875 0.298875
0.054875001 -0.174125 0.300125
0.054875001 -0.172875 0.300125
0.054875001 -0.172125 0.300125
0.055125002 -0.170875 0.300125
0.054875001 -0.172875 0.29712501
0.054875001 -0.172125 0.29712501
0.054875001 -0.172875 0.29587501
0.054375 -0.174125 0.29387501
0.054875001 -0.174125 0.29587501
0.054875001 -0.172875 0.29512501
0.054875001 -0.174125 0.29512501
0.054875001 -0.176125 0.29587501
0.054625001 -0.17487501 0.29712501
0.054625001 -0.17487501 0.298125
0.054875001 -0.174125 0.298125
0.054875001 -0.17487501 0.298875
0.054875001 -0.172875 0.298125
0.054875001 -0.172125 0.298125
0.054875001 -0.174125 0.298875
0.054875001 -0.172875 0.298875
0.054875001 -0.17487501 0.300125
0.054875001 -0.17487501 0.29587501
0.054875001 -0.174125 0.29712501
0.054875001 -0.17487501 0.29512501
0.054875001 -0.176125 0.29512501
0.054375 -0.179125 0.29712501
0.054375 -0.179125 0.298125
0.054625001 -0.179875 0.298875
0.054625001 -0.179125 0.298875
0.054625001 -0.181125 0.300125
0.054625001 -0.179875 0.300125
0.054625001 -0.179125 0.300125
0.054375 -0.179875 0.29712501
0.054625001 -0.179875 0.298125
0.054625001 -0.179875 0.30087501
0.054625001 -0.179125 0.30087501
0.054875001 -0.179875 0.30212501
0.054625001 -0.179125 0.30212501
0.054875001 -0.179875 0.30287501
0.054875001 -0.179125 0.30287501
0.054375 -0.181125 0.298125
0.054625001 -0.181125 0.298875
0.054375 -0.18187501 0.29587501
0.054375 -0.18187501 0.29712501
0.054375 -0.181125 0.29712501
0.054625001 -0.176125 0.29712501
0.054625001 -0.176125 0.298125
0.054625001 -0.176875 0.298875
0.054625001 -0.176125 0.298875
0.054875001 -0.176125 0.300125
0.054625001 -0.176875 0.300125
0.054875001 -0.176125 0.30212501
0.054875001 -0.176875 0.30287501
0.054875001 -0.177875 0.30412501
0.054875001 -0.176875 0.30412501
0.054875001 -0.179125 0.305125
0.054875001 -0.177875 0.305125
0.054875001 -0.176875 0.305125
0.054875001 -0.177875 0.305875
0.054625001 -0.177875 0.30087501
0.054625001 -0.176875 0.30087501
0.054875001 -0.176125 0.30087501
0.054625001 -0.177875 0.30212501
0.054875001 -0.176875 0.30212501
0.054875001 -0.177875 0.30287501
0.054875001 -0.179125 0.30412501
0.054625001 -0.177875 0.298125
0.054625001 -0.177875 0.298875
0.054375 -0.177875 0.300125
0.054625001 -0.177875 0.29712501
0.054625001 -0.176875 0.29712501
0.054625001 -0.176875 0.298125
0.054625001 -0.177875 0.29587501
0.054625001 -0.176875 0.29587501
0.054875001 -0.177875 0.29512501
0.051125001 -0.18187501 0.293625
0.051125001 -0.181125 0.29337499
0.051624998 -0.181125 0.293625
0.051874999 -0.179875 0.293125
0.053125001 -0.179875 0.29337499
0.051874999 -0.17937499 0.29287499
0.053125001 -0.179125 0.293125
0.051624998 -0.177875 0.292375
0.053125001 -0.17812499 0.29287499
0.053624999 -0.176125 0.293125
0.053624999 -0.176875 0.293125
0.054125 -0.179125 0.293625
0.053624999 -0.177875 0.29337499
0.053125001 -0.176875 0.292375
0.053125001 -0.176125 0.292375
0.053624999 -0.17487501 0.293125
0.054375 -0.176125 0.29387501
0.054375 -0.177875 0.29387501
0.054625001 -0.176875 0.29512501
0.054375 -0.176875 0.29387501
0.054375 -0.17487501 0.29387501
0.051874999 -0.18537501 0.294875
0.051125001 -0.18387499 0.29412499
0.051624998 -0.18387499 0.29462501
0.051125001 -0.183375 0.29387501
0.051874999 -0.183125 0.29387501
0.051874999 -0.18187501 0.29387501
0.052875001 -0.18187501 0.29387501
0.053125001 -0.181125 0.29387501
0.053874999 -0.180125 0.29387501
0.054625001 -0.179875 0.29512501
0.053874999 -0.183125 0.294875
0.053125001 -0.18412501 0.294875
0.053125001 -0.183125 0.294375
0.053624999 -0.181125 0.29387501
0.054375 -0.181125 0.29587501
0.053874999 -0.18187501 0.294875
0.054125 -0.181125 0.29512501
0.054625001 -0.179875 0.29587501
0.054625001 -0.179125 0.29512501
0.054375 -0.179125 0.29587501
0.054375 -0.165125 0.298125
0.054625001 -0.163875 0.298875
0.054125 -0.165125 0.29712501
0.054125 -0.163875 0.29712501
0.054375 -0.163875 0.298125
0.054625001 -0.16312499 0.298875
0.053624999 -0.165125 0.29387501
0.053874999 -0.165125 0.29512501
0.053624999 -0.165875 0.29387501
0.053874999 -0.165875 0.29512501
0.053874999 -0.165125 0.29587501
0.053125001 -0.163875 0.29087499
0.053874999 -0.165125 0.291875
0.052875001 -0.168125 0.291875
0.053125001 -0.168125 0.29287499
0.053125001 -0.167125 0.291875
0.053624999 -0.166875 0.29387501
0.053874999 -0.165875 0.29587501
0.053624999 -0.165875 0.291875
0.053874999 -0.165125 0.293125
0.053624999 -0.165875 0.293125
0.053374998 -0.166875 0.293125
0.054625001 -0.16187499 0.29712501
0.054625001 -0.161125 0.29712501
0.054625001 -0.161125 0.298125
0.054125 -0.163875 0.29387501
0.054375 -0.16312499 0.29512501
0.054375 -0.16312499 0.29587501
0.054625001 -0.16187499 0.29512501
0.054625001 -0.16187499 0.29587501
0.054625001 -0.15987501 0.29587501
0.054625001 -0.161125 0.29512501
0.054625001 -0.161125 0.29587501
0.054375 -0.16187499 0.29387501
0.054375 -0.16312499 0.29712501
0.054375 -0.16312499 0.298125
0.054625001 -0.16187499 0.298125
0.054625001 -0.16187499 0.298875
0.054625001 -0.161125 0.298875
0.053874999 -0.164125 0.29512501
0.053874999 -0.164125 0.295625
0.053874999 -0.16312499 0.29287499
0.053874999 -0.16187499 0.29287499
0.053874999 -0.163875 0.293125
0.054375 -0.16312499 0.29387501
0.053624999 -0.163875 0.291875
0.053624999 -0.16312499 0.291875
0.054375 -0.165875 0.298125
0.054875001 -0.165875 0.298875
0.054625001 -0.165125 0.298875
0.055125002 -0.167125 0.298875
0.053874999 -0.168125 0.295625
0.054375 -0.168125 0.29712501
0.054375 -0.166875 0.29712501
0.053874999 -0.165875 0.296875
0.054625001 -0.166875 0.298125
0.054125 -0.16887499 0.29587501
0.054875001 -0.17012499 0.29712501
0.054625001 -0.16887499 0.29712501
0.054875001 -0.16912501 0.29787499
0.055125002 -0.17012499 0.29787499
0.054875001 -0.168125 0.298125
0.055125002 -0.168125 0.29862499
0.053374998 -0.16887499 0.29387501
0.053624999 -0.168125 0.29387501
0.053624999 -0.16887499 0.29512501
0.052625 -0.16887499 0.291875
0.052875001 -0.16887499 0.29287499
0.053874999 -0.168125 0.29512501
0.053624999 -0.166875 0.29512501
0.053624999 -0.167125 0.29587501
0.053624999 -0.17012499 0.29512501
0.054375 -0.17012499 0.29587501
0.053125001 -0.17012499 0.293625
0.053874999 -0.17112499 0.294875
0.054875001 -0.172125 0.29587501
0.054625001 -0.170875 0.29587501
0.053874999 -0.172125 0.29387501
0.053624999 -0.170875 0.29387501
0.054375 -0.172125 0.29512501
0.051125001 -0.166875 0.289875
0.051874999 -0.165875 0.289875
0.052124999 -0.166875 0.29087499
0.052625 -0.165875 0.291125
0.053125001 -0.165125 0.29087499
0.051874999 -0.168375 0.29087499
0.055125002 -0.17012499 0.298875
0.055125002 -0.16887499 0.298875
0.055125002 -0.17012499 0.300125
0.054875001 -0.170875 0.29712501
0.054375 -0.185875 0.298125
0.054125 -0.186875 0.298875
0.054375 -0.187125 0.300125
0.054375 -0.185875 0.298875
0.054375 -0.185875 0.300125
0.054375 -0.18512499 0.300125
0.048875 -0.191375 0.30087501
0.050875001 -0.192375 0.301875
0.051125001 -0.190125 0.298875
0.048625 -0.190375 0.29987499
0.050124999 -0.190375 0.300125
0.051125001 -0.190625 0.300125
0.050124999 -0.19112501 0.300625
0.051125001 -0.191375 0.300625
0.050124999 -0.19212499 0.30212501
0.051624998 -0.190625 0.300125
0.051624998 -0.191375 0.300625
0.051874999 -0.19212499 0.30212501
0.052875001 -0.19112501 0.30087501
0.053125001 -0.191875 0.30212501
0.051624998 -0.190125 0.298875
0.053624999 -0.19112501 0.30212501
0.053874999 -0.191375 0.302625
0.054625001 -0.185875 0.30412501
0.054625001 -0.18512499 0.305125
0.054625001 -0.18387499 0.305125
0.054625001 -0.18387499 0.305875
0.054625001 -0.187125 0.305125
0.054625001 -0.185875 0.305125
0.054625001 -0.187125 0.305875
0.054625001 -0.185875 0.305875
0.054625001 -0.18512499 0.305875
0.054375 -0.18512499 0.30212501
0.054625001 -0.185875 0.30287501
0.054625001 -0.18512499 0.30287501
0.054625001 -0.18387499 0.30287501
0.054625001 -0.18512499 0.30412501
0.054625001 -0.18387499 0.30412501
0.054625001 -0.187125 0.30412501
0.054625001 -0.187875 0.305875
0.054375 -0.19112501 0.30412501
0.054375 -0.190125 0.30412501
0.054375 -0.189125 0.30412501
0.054375 -0.187875 0.30412501
0.054375 -0.19112501 0.305125
0.054375 -0.190125 0.305125
0.054375 -0.189125 0.305125
0.054625001 -0.187875 0.305125
0.054375 -0.19112501 0.305875
0.054625001 -0.190125 0.305875
0.054625001 -0.189125 0.305875
0.054625001 -0.190125 0.307125
0.054625001 -0.189125 0.307125
0.054625001 -0.190125 0.30787501
0.054625001 -0.190125 0.30912501
0.053874999 -0.188125 0.29987499
0.054375 -0.187125 0.30087501
0.054375 -0.185875 0.30087501
0.054375 -0.18512499 0.30087501
0.054375 -0.187125 0.30212501
0.054375 -0.185875 0.30212501
0.054625001 -0.187125 0.30287501
0.054375 -0.189125 0.30212501
0.054375 -0.187875 0.30212501
0.054375 -0.189125 0.30287501
0.054375 -0.187875 0.30287501
0.054375 -0.190125 0.30287501
0.053874999 -0.190125 0.30087501
0.053874999 -0.188875 0.300125
0.053874999 -0.188875 0.300625
0.054375 -0.187875 0.30087501
0.054375 -0.190125 0.30212501
0.046875 -0.186875 0.29712501
0.046875 -0.187875 0.29787499
0.046124998 -0.186875 0.29712501
0.048124999 -0.187125 0.29662499
0.048625 -0.187875 0.29712501
0.050124999 -0.187875 0.29712501
0.048124999 -0.188125 0.29787499
0.048625 -0.188875 0.298125
0.046875 -0.188875 0.298875
0.048124999 -0.189125 0.298875
0.051125001 -0.188125 0.296875
0.050124999 -0.188875 0.298125
0.050875001 -0.189125 0.29787499
0.048625 -0.189375 0.298875
0.050124999 -0.190125 0.298875
0.048124999 -0.190125 0.29987499
0.051624998 -0.186875 0.29612499
0.051874999 -0.187875 0.29712501
0.051624998 -0.185875 0.295625
0.051874999 -0.188875 0.29787499
0.052875001 -0.185875 0.29587501
0.053125001 -0.187125 0.296875
0.053125001 -0.188125 0.29787499
0.053624999 -0.185875 0.29712501
0.053624999 -0.187125 0.298125
0.053624999 -0.187875 0.298875
0.052875001 -0.190125 0.29987499
0.053125001 -0.189125 0.298875
0.054875001 -0.181125 0.30412501
0.054875001 -0.181125 0.305125
0.054875001 -0.179875 0.305125
0.054625001 -0.18387499 0.30087501
0.054625001 -0.183125 0.30087501
0.054625001 -0.18187501 0.30087501
0.054875001 -0.181125 0.30087501
0.054625001 -0.183125 0.30212501
0.054625001 -0.18187501 0.30212501
0.054875001 -0.181125 0.30212501
0.054625001 -0.18187501 0.30287501
0.054875001 -0.181125 0.30287501
0.054875001 -0.179875 0.30412501
0.054625001 -0.183125 0.305125
0.054875001 -0.18187501 0.305125
0.054625001 -0.183125 0.305875
0.054625001 -0.18387499 0.30212501
0.054625001 -0.183125 0.30287501
0.054625001 -0.183125 0.30412501
0.054875001 -0.18187501 0.30412501
0.054375 -0.18187501 0.298875
0.054625001 -0.183125 0.300125
0.054625001 -0.18187501 0.300125
0.054625001 -0.183125 0.29587501
0.054375 -0.183125 0.29712501
0.054375 -0.18187501 0.298125
0.054375 -0.18387499 0.298125
0.054375 -0.183125 0.298125
0.054375 -0.18387499 0.298875
0.054375 -0.183125 0.298875
0.054375 -0.18387499 0.300125
0.054375 -0.18512499 0.298125
0.054375 -0.18512499 0.298875
0.053874999 -0.18412501 0.295625
0.054125 -0.18512499 0.29662499
0.054375 -0.18387499 0.29712501
0.053624999 -0.18512499 0.29587501
0.053125001 -0.18512499 0.29537499
0.050124999 -0.193875 0.305875
0.051125001 -0.193875 0.305875
0.051874999 -0.194125 0.305875
0.051125001 -0.19437499 0.30687499
0.051874999 -0.194125 0.307125
0.054375 -0.19212499 0.305875
0.054375 -0.19112501 0.307125
0.054625001 -0.19112501 0.30787501
0.053874999 -0.192375 0.305125
0.053125001 -0.19437499 0.30912501
0.053125001 -0.19462501 0.30987501
0.053125001 -0.19337501 0.305125
0.053125001 -0.193875 0.305875
0.053125001 -0.19437499 0.30687499
0.053624999 -0.193875 0.30787501
0.053125001 -0.19437499 0.30787501
0.053874999 -0.194125 0.30912501
0.054625001 -0.19312499 0.30912501
0.054625001 -0.19312499 0.30987501
0.054375 -0.19312499 0.30787501
0.054625001 -0.19212499 0.30912501
0.054625001 -0.19112501 0.30912501
0.053624999 -0.19312499 0.305125
0.053874999 -0.19312499 0.305875
0.053874999 -0.19337501 0.307125
0.054375 -0.19212499 0.307125
0.054375 -0.19212499 0.30787501
0.051624998 -0.192625 0.30287501
0.053125001 -0.192375 0.30287501
0.051874999 -0.19312499 0.303875
0.051125001 -0.192625 0.30287501
0.051125001 -0.19312499 0.303875
0.050124999 -0.19337501 0.305125
0.051125001 -0.19337501 0.305125
0.051624998 -0.193625 0.305125
0.053874999 -0.19212499 0.303875
0.052875001 -0.19312499 0.303875
0.054625001 -0.187875 0.307125
0.054625001 -0.189125 0.30787501
0.054625001 -0.187875 0.30787501
0.054625001 -0.189125 0.30912501
0.054625001 -0.187875 0.30912501
0.054875001 -0.187875 0.30987501
0.053874999 -0.194125 0.30987501
0.039124999 -0.19337501 0.31887501
0.039124999 -0.19437499 0.310875
0.039124999 -0.194125 0.31187499
0.039124999 -0.193875 0.30987501
0.039875001 -0.194125 0.31112501
0.039875001 -0.194125 0.31187499
0.039124999 -0.194125 0.312875
0.039875001 -0.194125 0.312875
0.039124999 -0.194125 0.314125
0.039875001 -0.194125 0.314125
0.041125 -0.194125 0.314125
0.039124999 -0.193625 0.31812501
0.039124999 -0.194125 0.31487501
0.039875001 -0.194125 0.31487501
0.041125 -0.194125 0.31487501
0.039124999 -0.193875 0.31612501
0.039875001 -0.193875 0.31612501
0.041125 -0.194125 0.31587499
0.039124999 -0.193625 0.31687501
0.039875001 -0.193625 0.31687501
0.039875001 -0.193625 0.31812501
0.041875001 -0.194125 0.31587499
0.041125 -0.193875 0.31687501
0.041875001 -0.193625 0.31687501
0.041125 -0.193625 0.31812501
0.041875001 -0.193625 0.31812501
0.043125 -0.193625 0.31812501
0.041125 -0.194125 0.31187499
0.041875001 -0.19437499 0.31187499
0.041125 -0.194125 0.312875
0.041875001 -0.19437499 0.312875
0.039875001 -0.19312499 0.307125
0.041125 -0.19337501 0.307125
0.041875001 -0.19337501 0.307125
0.039124999 -0.19337501 0.30787501
0.039875001 -0.193625 0.30787501
0.041125 -0.193625 0.30787501
0.041875001 -0.193625 0.30787501
0.043125 -0.193875 0.30787501
0.043125 -0.194125 0.30887499
0.044124998 -0.194125 0.30912501
0.039124999 -0.193625 0.30912501
0.039875001 -0.193875 0.30912501
0.041125 -0.193875 0.30912501
0.041875001 -0.194125 0.30912501
0.039875001 -0.194125 0.30987501
0.041125 -0.194125 0.30987501
0.041875001 -0.194125 0.30987501
0.043125 -0.194125 0.30987501
0.044124998 -0.19437499 0.30987501
0.041125 -0.194125 0.31112501
0.041875001 -0.19437499 0.31112501
0.043125 -0.19437499 0.31112501
0.039875001 -0.19337501 0.31887501
0.041125 -0.19337501 0.31887501
0.041875001 -0.19337501 0.31887501
0.043125 -0.19337501 0.31887501
0.044124998 -0.19337501 0.31887501
0.044875 -0.19312499 0.31887501
0.044875 -0.193875 0.31687501
0.044124998 -0.193625 0.31812501
0.044875 -0.19337501 0.31812501
0.046124998 -0.19312499 0.31887501
0.048124999 -0.193875 0.31687501
0.048124999 -0.193625 0.31812501
0.048625 -0.19337501 0.31812501
0.046875 -0.19312499 0.31887501
0.048124999 -0.19312499 0.31887501
0.048875 -0.19312499 0.31887501
0.050124999 -0.19312499 0.31887501
0.051125001 -0.19312499 0.31887501
0.051874999 -0.19312499 0.31887501
0.043125 -0.194125 0.31587499
0.044124998 -0.194125 0.31612501
0.044875 -0.194125 0.31612501
0.043125 -0.193625 0.31687501
0.044124998 -0.193875 0.31687501
0.043125 -0.19437499 0.312875
0.041875001 -0.194125 0.314125
0.043125 -0.194125 0.314125
0.044124998 -0.19437499 0.314125
0.041875001 -0.194125 0.31487501
0.043125 -0.194125 0.31487501
0.044124998 -0.194125 0.31487501
0.046124998 -0.193875 0.31687501
0.046875 -0.193875 0.31687501
0.046124998 -0.19337501 0.31812501
0.046875 -0.193625 0.31812501
0.044124998 -0.19437499 0.312875
0.044875 -0.19437499 0.312875
0.046124998 -0.19462501 0.312875
0.044875 -0.19437499 0.314125
0.046124998 -0.19437499 0.314125
0.046875 -0.19437499 0.314125
0.044875 -0.194125 0.31487501
0.046124998 -0.194125 0.31487501
0.044875 -0.19437499 0.30987501
0.044124998 -0.19437499 0.31112501
0.044875 -0.19437499 0.31112501
0.046124998 -0.19437499 0.31112501
0.043125 -0.19437499 0.31187499
0.044124998 -0.19437499 0.31187499
0.044875 -0.19437499 0.31187499
0.046124998 -0.19437499 0.31187499
0.046875 -0.19437499 0.31187499
0.046875 -0.19462501 0.312875
0.048124999 -0.19437499 0.314125
0.046875 -0.19437499 0.31487501
0.048124999 -0.19437499 0.31487501
0.046124998 -0.19437499 0.31612501
0.046875 -0.19437499 0.31612501
0.046124998 -0.19437499 0.30987501
0.046875 -0.19437499 0.31112501
0.048124999 -0.19462501 0.31112501
0.048625 -0.19462501 0.31112501
0.048124999 -0.19462501 0.31187499
0.048625 -0.19462501 0.31187499
0.050124999 -0.19462501 0.31187499
0.048124999 -0.19462501 0.312875
0.048625 -0.19462501 0.312875
0.050124999 -0.19462501 0.312875
0.050124999 -0.19437499 0.31487501
0.048875 -0.19437499 0.31612501
0.050124999 -0.194125 0.31612501
0.048875 -0.193875 0.31687501
0.050124999 -0.193625 0.31687501
0.050124999 -0.19337501 0.31812501
0.048625 -0.19462501 0.314125
0.050124999 -0.19462501 0.314125
0.048625 -0.19437499 0.31487501
0.048124999 -0.19437499 0.31612501
0.053125001 -0.194125 0.31612501
0.051874999 -0.193875 0.31687501
0.053125001 -0.193875 0.31687501
0.051624998 -0.19337501 0.31812501
0.053125001 -0.19337501 0.31812501
0.053125001 -0.19312499 0.31887501
0.051125001 -0.19437499 0.31487501
0.051624998 -0.19437499 0.31487501
0.051125001 -0.194125 0.31587499
0.051874999 -0.194125 0.31612501
0.051125001 -0.193625 0.31687501
0.051125001 -0.19337501 0.31812501
0.051624998 -0.19462501 0.314125
0.053125001 -0.19462501 0.314125
0.053125001 -0.19437499 0.31487501
0.051125001 -0.19462501 0.31187499
0.051125001 -0.19462501 0.312875
0.051624998 -0.19462501 0.312875
0.051125001 -0.19462501 0.314125
0.039124999 -0.18037499 0.293625
0.041875001 -0.18387499 0.295625
0.041125 -0.183125 0.29512501
0.039124999 -0.182125 0.294875
0.039875001 -0.182125 0.294875
0.039124999 -0.181125 0.294375
0.039124999 -0.183125 0.29512501
0.039875001 -0.183125 0.29537499
0.041125 -0.18412501 0.295625
0.039124999 -0.18512499 0.29637501
0.039875001 -0.18512499 0.29637501
0.039124999 -0.18412501 0.295625
0.039875001 -0.18412501 0.295625
0.039124999 -0.185875 0.29712501
0.039875001 -0.186125 0.296875
0.041125 -0.18512499 0.29637501
0.039875001 -0.179125 0.293125
0.041125 -0.179125 0.293125
0.041875001 -0.179125 0.29287499
0.041125 -0.181125 0.29387501
0.041875001 -0.181125 0.29387501
0.043125 -0.181125 0.29387501
0.041875001 -0.183125 0.29512501
0.041125 -0.18187501 0.29462501
0.041875001 -0.18187501 0.29462501
0.043125 -0.18187501 0.29462501
0.039875001 -0.181125 0.29387501
0.039875001 -0.179875 0.293625
0.041125 -0.179875 0.293625
0.041875001 -0.179875 0.29337499
0.043125 -0.179875 0.29337499
0.044124998 -0.179875 0.29337499
0.039124999 -0.179125 0.293125
0.043125 -0.17937499 0.29287499
0.039124999 -0.177875 0.292375
0.039875001 -0.177875 0.292375
0.039124999 -0.186875 0.298125
0.039124999 -0.187875 0.29912499
0.039875001 -0.187875 0.29912499
0.041125 -0.187875 0.29912499
0.041875001 -0.188125 0.298875
0.039124999 -0.188375 0.300125
0.039875001 -0.188375 0.300125
0.041125 -0.188375 0.300125
0.041875001 -0.18862499 0.300125
0.039124999 -0.189125 0.30087501
0.039875001 -0.189125 0.300625
0.041125 -0.189125 0.300625
0.039124999 -0.190125 0.30212501
0.039875001 -0.190125 0.30212501
0.039124999 -0.19112501 0.30312499
0.041875001 -0.189125 0.300625
0.039875001 -0.186875 0.298125
0.040874999 -0.187125 0.29787499
0.043125 -0.188125 0.298875
0.043125 -0.18862499 0.300125
0.043125 -0.189125 0.300625
0.041125 -0.190125 0.301875
0.041875001 -0.190125 0.301875
0.039875001 -0.19112501 0.30287501
0.041125 -0.186125 0.29662499
0.041875001 -0.186125 0.29662499
0.043125 -0.185875 0.29637501
0.044124998 -0.185875 0.29637501
0.044875 -0.185875 0.29637501
0.041875001 -0.18512499 0.29587501
0.043125 -0.18512499 0.29587501
0.043125 -0.186625 0.29712501
0.044124998 -0.186625 0.29712501
0.044875 -0.186625 0.29712501
0.041875001 -0.187125 0.29787499
0.043125 -0.187125 0.29787499
0.044124998 -0.187125 0.29787499
0.044875 -0.187125 0.29787499
0.044124998 -0.187875 0.298875
0.044124998 -0.188875 0.300125
0.039124999 -0.19212499 0.30487499
0.039124999 -0.192625 0.305875
0.039875001 -0.19312499 0.305875
0.038874999 -0.19312499 0.30687499
0.043125 -0.190125 0.301875
0.041125 -0.19112501 0.30287501
0.041875001 -0.19112501 0.30287501
0.039124999 -0.191375 0.30412501
0.039875001 -0.191375 0.30412501
0.041125 -0.191625 0.30412501
0.041875001 -0.191625 0.30412501
0.039875001 -0.19212499 0.30487499
0.041125 -0.19212499 0.30487499
0.041125 -0.19312499 0.305875
0.044875 -0.19212499 0.303875
0.044124998 -0.190375 0.301875
0.043125 -0.19112501 0.30287501
0.043875001 -0.191375 0.30287501
0.043125 -0.191875 0.30412501
0.044124998 -0.19212499 0.30412501
0.041875001 -0.192375 0.304625
0.043125 -0.192375 0.305125
0.044124998 -0.192625 0.305125
0.044875 -0.19312499 0.305125
0.041875001 -0.19312499 0.305875
0.044875 -0.189125 0.29987499
0.046124998 -0.187875 0.298125
0.044624999 -0.188125 0.298875
0.046124998 -0.18862499 0.298875
0.046124998 -0.189125 0.29987499
0.046875 -0.190125 0.300125
0.044124998 -0.18962499 0.30087501
0.046124998 -0.190375 0.300625
0.044875 -0.190125 0.30087501
0.046124998 -0.19112501 0.301875
0.046875 -0.190625 0.30087501
0.044875 -0.190625 0.30212501
0.044875 -0.191375 0.302625
0.046124998 -0.191625 0.30287501
0.046124998 -0.192375 0.303875
0.043125 -0.19312499 0.30562499
0.044124998 -0.19312499 0.30562499
0.044875 -0.19312499 0.305875
0.043125 -0.19337501 0.307125
0.044124998 -0.19337501 0.307125
0.044875 -0.193625 0.307125
0.044124998 -0.194125 0.30787501
0.044875 -0.194125 0.30787501
0.044875 -0.194125 0.30912501
0.045875002 -0.19437499 0.30787501
0.046124998 -0.19312499 0.305125
0.046124998 -0.19337501 0.305875
0.046875 -0.19337501 0.305875
0.048124999 -0.193625 0.305875
0.046124998 -0.193625 0.307125
0.046875 -0.193875 0.307125
0.048124999 -0.19112501 0.30087501
0.046875 -0.191375 0.301875
0.048124999 -0.191375 0.30212501
0.048625 -0.191625 0.30212501
0.046875 -0.19212499 0.30287501
0.048124999 -0.19212499 0.30287501
0.048625 -0.192375 0.302625
0.050124999 -0.192375 0.30287501
0.046875 -0.192625 0.30412501
0.048124999 -0.192625 0.30412501
0.050124999 -0.19312499 0.303875
0.048875 -0.19312499 0.30412501
0.046624999 -0.19312499 0.30487499
0.048124999 -0.19312499 0.30487499
0.048625 -0.19337501 0.305125
0.048625 -0.193625 0.305875
0.048124999 -0.194125 0.307125
0.048875 -0.194125 0.307125
0.046875 -0.19437499 0.307625
0.048124999 -0.194125 0.30787501
0.048875 -0.194125 0.30787501
0.050124999 -0.194125 0.30787501
0.046124998 -0.19437499 0.30912501
0.046875 -0.19437499 0.30912501
0.048124999 -0.19437499 0.30912501
0.048625 -0.19437499 0.30912501
0.050124999 -0.19437499 0.30912501
0.046875 -0.19437499 0.30987501
0.048124999 -0.19437499 0.30987501
0.048625 -0.19437499 0.30987501
0.050124999 -0.19437499 0.30987501
0.050124999 -0.19462501 0.31112501
0.050124999 -0.194125 0.307125
0.051125001 -0.19437499 0.30912501
0.051125001 -0.19462501 0.30987501
0.051624998 -0.19462501 0.30987501
0.051125001 -0.19462501 0.31112501
0.051624998 -0.19462501 0.31112501
0.051125001 -0.19437499 0.30787501
0.051624998 -0.19437499 0.30787501
0.051624998 -0.19437499 0.30912501
0.058874998 -0.146125 0.303875
0.058625001 -0.14687499 0.305125
0.058874998 -0.146125 0.305125
0.058625001 -0.14812499 0.307125
0.058625001 -0.14812499 0.30787501
0.058625001 -0.14687499 0.307125
0.058874998 -0.14712501 0.30787501
0.058874998 -0.14687499 0.305875
0.059374999 -0.14587501 0.305875
0.059875 -0.145125 0.305875
0.059374999 -0.14587501 0.307125
0.059875 -0.145125 0.307125
0.059374999 -0.14812499 0.31112501
0.059625 -0.14812499 0.31187499
0.058625001 -0.14812499 0.30912501
0.059625 -0.14687499 0.30987501
0.056875002 -0.14812499 0.29712501
0.055875 -0.14812499 0.28962499
0.055875 -0.148375 0.291125
0.056125 -0.14812499 0.291875
0.056375001 -0.14812499 0.293125
0.055875 -0.14912499 0.293125
0.056875002 -0.146125 0.28962499
0.056625001 -0.14687499 0.291125
0.057124998 -0.146125 0.291125
0.056875002 -0.14687499 0.291875
0.056875002 -0.14687499 0.293125
0.056375001 -0.14812499 0.29387501
0.056875002 -0.14712501 0.293625
0.056625001 -0.14812499 0.29512501
0.058874998 -0.149875 0.31187499
0.058874998 -0.150125 0.312875
0.059374999 -0.14912499 0.312875
0.059124999 -0.149875 0.314125
0.060125001 -0.14912499 0.31587499
0.060125001 -0.14912499 0.31687501
0.060125001 -0.14812499 0.314125
0.058375001 -0.150875 0.31187499
0.058625001 -0.150875 0.312875
0.058874998 -0.150875 0.314125
0.058625001 -0.152125 0.31487501
0.058874998 -0.151125 0.31462499
0.059374999 -0.149875 0.31487501
0.058625001 -0.152125 0.31587499
0.059374999 -0.150875 0.31612501
0.059625 -0.149875 0.31612501
0.059124999 -0.152125 0.31687501
0.059625 -0.150875 0.31687501
0.059875 -0.149875 0.31687501
0.057624999 -0.153125 0.31187499
0.058125 -0.152125 0.31187499
0.057875 -0.153375 0.31262499
0.058375001 -0.152125 0.312875
0.058375001 -0.153125 0.314125
0.058625001 -0.152125 0.314125
0.058375001 -0.153125 0.31487501
0.058625001 -0.153125 0.31612501
0.058874998 -0.153125 0.31687501
0.059374999 -0.152125 0.31812501
0.059625 -0.150875 0.31812501
0.060125001 -0.150125 0.317875
0.059625 -0.152125 0.31887501
0.059875 -0.150875 0.31887501
0.060125001 -0.149875 0.31887501
0.060375001 -0.14912499 0.31812501
0.060625002 -0.14912499 0.31887501
0.058874998 -0.153125 0.317875
0.059374999 -0.153125 0.31887501
0.057374999 -0.153125 0.30987501
0.057624999 -0.152125 0.30987501
0.056625001 -0.152125 0.305125
0.056875002 -0.150875 0.305125
0.056625001 -0.153125 0.305875
0.056875002 -0.152125 0.305875
0.056875002 -0.153125 0.307125
0.057124998 -0.152375 0.30687499
0.057374999 -0.152125 0.30787501
0.057624999 -0.152125 0.30912501
0.057124998 -0.153125 0.30787501
0.057374999 -0.153125 0.30912501
0.057624999 -0.153125 0.31112501
0.057875 -0.152125 0.31112501
0.056375001 -0.152125 0.30287501
0.056125 -0.153125 0.30412501
0.056375001 -0.152125 0.30412501
0.056875002 -0.150875 0.30412501
0.056375001 -0.153125 0.305125
0.058625001 -0.14912499 0.30912501
0.057875 -0.151125 0.309625
0.058375001 -0.149875 0.30987501
0.058125 -0.150875 0.31112501
0.057124998 -0.150875 0.305875
0.057624999 -0.149875 0.305875
0.057374999 -0.150875 0.307125
0.057875 -0.149875 0.307125
0.057875 -0.14937501 0.307125
0.057624999 -0.150875 0.30787501
0.057875 -0.150125 0.30787501
0.058375001 -0.14912499 0.30787501
0.057624999 -0.150875 0.30912501
0.058125 -0.149875 0.30912501
0.058874998 -0.148375 0.30987501
0.058625001 -0.149875 0.31112501
0.058625001 -0.14912499 0.31112501
0.059374999 -0.14912499 0.31187499
0.058874998 -0.14912499 0.30987501
0.057374999 -0.149875 0.305125
0.057875 -0.14912499 0.305875
0.058375001 -0.14812499 0.305875
0.055624999 -0.153125 0.298875
0.055624999 -0.153125 0.300125
0.055875 -0.153125 0.30087501
0.056375001 -0.149875 0.298875
0.056375001 -0.149875 0.300125
0.056375001 -0.150875 0.30087501
0.056375001 -0.150875 0.30212501
0.056625001 -0.150875 0.30287501
0.057624999 -0.14812499 0.30087501
0.057374999 -0.14912499 0.30212501
0.057374999 -0.14912499 0.30287501
0.057624999 -0.14812499 0.30287501
0.057124998 -0.150125 0.30412501
0.057624999 -0.14912499 0.30412501
0.057624999 -0.14812499 0.303875
0.057624999 -0.14912499 0.305125
0.057875 -0.148375 0.305125
0.056375001 -0.14912499 0.29712501
0.056625001 -0.14912499 0.298125
0.057124998 -0.14812499 0.29787499
0.056625001 -0.14912499 0.298875
0.057124998 -0.148375 0.298875
0.056875002 -0.14912499 0.300125
0.057374999 -0.14812499 0.300125
0.056625001 -0.149875 0.30087501
0.057124998 -0.14912499 0.30087501
0.056875002 -0.149875 0.301875
0.057124998 -0.150125 0.30287501
0.055374999 -0.149875 0.291875
0.055875 -0.14912499 0.291875
0.055125002 -0.151125 0.293125
0.055624999 -0.149875 0.293125
0.055374999 -0.150875 0.29387501
0.055624999 -0.149875 0.29387501
0.055875 -0.14912499 0.29387501
0.055624999 -0.149875 0.29512501
0.055875 -0.14937501 0.29512501
0.056125 -0.14912499 0.29587501
0.054875001 -0.152125 0.29387501
0.055125002 -0.152375 0.29512501
0.055374999 -0.150875 0.29512501
0.055125002 -0.152125 0.29587501
0.055624999 -0.150875 0.29587501
0.055875 -0.149875 0.295625
0.055374999 -0.152125 0.29712501
0.055624999 -0.150875 0.29712501
0.055875 -0.150125 0.296875
0.055624999 -0.152125 0.298125
0.055875 -0.150875 0.298125
0.056125 -0.149875 0.298125
0.055624999 -0.152125 0.298875
0.055875 -0.151125 0.298875
0.055875 -0.152125 0.300125
0.056125 -0.150875 0.300125
0.055624999 -0.152125 0.30087501
0.056125 -0.152125 0.30212501
0.055875 -0.153125 0.301875
0.055875 -0.153375 0.302625
0.054875001 -0.153125 0.29512501
0.055125002 -0.153125 0.29587501
0.055125002 -0.153125 0.29712501
0.055374999 -0.153125 0.298125
0.054125 -0.149875 0.286125
0.053874999 -0.151125 0.286625
0.054375 -0.149875 0.28687501
0.053874999 -0.152125 0.28812501
0.054125 -0.150875 0.28812501
0.053874999 -0.153125 0.28887501
0.053874999 -0.152375 0.28887501
0.054375 -0.150875 0.28887501
0.054375 -0.152125 0.289875
0.054375 -0.152125 0.291125
0.054625001 -0.152125 0.291875
0.052875001 -0.152375 0.28587499
0.053624999 -0.150875 0.28587499
0.052875001 -0.153375 0.286625
0.053624999 -0.152125 0.28687501
0.053624999 -0.153125 0.28812501
0.054625001 -0.149875 0.28812501
0.054875001 -0.149875 0.28887501
0.054625001 -0.150875 0.289875
0.055125002 -0.150125 0.289875
0.055624999 -0.14912499 0.289875
0.054875001 -0.150875 0.291125
0.055374999 -0.149875 0.291125
0.055875 -0.14912499 0.291125
0.055125002 -0.151125 0.291875
0.054875001 -0.152125 0.293125
0.055125002 -0.14912499 0.287875
0.054625001 -0.14912499 0.28587499
0.054875001 -0.14912499 0.286625
0.055374999 -0.14812499 0.28687501
0.055624999 -0.14812499 0.28812501
0.055875 -0.14712501 0.28812501
0.055374999 -0.14912499 0.28887501
0.055875 -0.14812499 0.28887501
0.055624999 -0.14687499 0.28687501
0.055125002 -0.148375 0.28587499
0.055875 -0.14687499 0.286125
0.052625 -0.153125 0.28587499
0.059875 -0.14812499 0.312875
0.054625001 -0.153125 0.29387501
0.053874999 -0.153125 0.289875
0.054125 -0.153125 0.291125
0.054375 -0.153125 0.291875
0.054625001 -0.153125 0.293125
0.059875 -0.14712501 0.31112501
0.060375001 -0.14587501 0.31112501
0.058125 -0.145375 0.29387501
0.057124998 -0.14712501 0.29512501
0.057624999 -0.14587501 0.29512501
0.056875002 -0.14812499 0.295625
0.056375001 -0.181125 0.319875
0.056875002 -0.183125 0.321125
0.056875002 -0.18187501 0.321125
0.056875002 -0.181125 0.321125
0.057124998 -0.18187501 0.32162499
0.057624999 -0.18187501 0.323125
0.056375001 -0.179875 0.319875
0.056375001 -0.179125 0.319875
0.056875002 -0.179875 0.321125
0.056875002 -0.179125 0.321125
0.056875002 -0.177875 0.321125
0.057124998 -0.181125 0.32162499
0.057124998 -0.179875 0.32187501
0.057374999 -0.179125 0.32187501
0.057624999 -0.181125 0.323125
0.056625001 -0.18387499 0.321125
0.056875002 -0.18387499 0.32187501
0.057124998 -0.183125 0.32162499
0.057624999 -0.183125 0.323125
0.056375001 -0.183125 0.319875
0.056375001 -0.18187501 0.319875
0.056375001 -0.18387499 0.319875
0.056125 -0.18512499 0.321125
0.055624999 -0.18512499 0.319875
0.056625001 -0.18512499 0.32187501
0.057124998 -0.18512499 0.32287499
0.057374999 -0.18387499 0.323125
0.062875003 -0.165875 0.32862499
0.062875003 -0.165125 0.32887501
0.063874997 -0.166125 0.330125
0.063874997 -0.165125 0.330125
0.062875003 -0.163875 0.32987499
0.064125001 -0.163875 0.33087501
0.064125001 -0.166875 0.32962501
0.064625002 -0.168125 0.330125
0.065875001 -0.17012499 0.330625
0.065624997 -0.16912501 0.33087501
0.065624997 -0.168125 0.330625
0.064874999 -0.166875 0.33087501
0.064874999 -0.165875 0.33087501
0.064374998 -0.165125 0.330625
0.058625001 -0.17012499 0.32212499
0.058625001 -0.16887499 0.32212499
0.059875 -0.16887499 0.323125
0.057875 -0.17012499 0.32162499
0.060375001 -0.165125 0.32387501
0.060874999 -0.165125 0.32512501
0.060625002 -0.164125 0.32587501
0.060625002 -0.167125 0.32387501
0.060625002 -0.165875 0.32387501
0.062125001 -0.168125 0.324875
0.061875001 -0.167125 0.32512501
0.060874999 -0.165875 0.324875
0.061375 -0.165125 0.32587501
0.061625 -0.165125 0.326875
0.061375 -0.163875 0.326875
0.059875 -0.166875 0.323125
0.059875 -0.165875 0.323125
0.058874998 -0.168125 0.32187501
0.059875 -0.168125 0.323125
0.060874999 -0.168125 0.32387501
0.059875 -0.17012499 0.323125
0.059875 -0.17112499 0.32387501
0.060375001 -0.17012499 0.32387501
0.060874999 -0.170875 0.32512501
0.060874999 -0.16912501 0.32387501
0.060874999 -0.17012499 0.32462499
0.061875001 -0.169875 0.32512501
0.058874998 -0.175125 0.32387501
0.060125001 -0.17487501 0.324875
0.060125001 -0.174125 0.324875
0.060125001 -0.172875 0.324875
0.060874999 -0.17487501 0.32587501
0.060874999 -0.174125 0.32587501
0.060874999 -0.172875 0.325625
0.060874999 -0.172125 0.325625
0.062125001 -0.17487501 0.326875
0.062125001 -0.174125 0.326875
0.062125001 -0.172875 0.32662499
0.062624998 -0.16887499 0.32512501
0.062125001 -0.16887499 0.32462499
0.062875003 -0.168125 0.32587501
0.062125001 -0.166875 0.32587501
0.062875003 -0.168125 0.326875
0.062125001 -0.170375 0.325625
0.063124999 -0.16887499 0.326875
0.062624998 -0.16912501 0.32587501
0.061625 -0.165875 0.32587501
0.062125001 -0.165875 0.32662499
0.062875003 -0.167125 0.32787499
0.062624998 -0.165875 0.328125
0.062125001 -0.165125 0.32787499
0.063625 -0.166875 0.32862499
0.039124999 -0.196125 0.335875
0.039124999 -0.196125 0.337125
0.039124999 -0.196375 0.33787501
0.062624998 -0.166875 0.326875
0.061875001 -0.170875 0.326125
0.062875003 -0.17012499 0.326875
0.063375004 -0.16887499 0.328125
0.063375004 -0.168125 0.328125
0.039124999 -0.19437499 0.32787499
0.063874997 -0.168375 0.32887501
0.064874999 -0.16187499 0.332625
0.065624997 -0.161125 0.33412501
0.065624997 -0.15987501 0.33412501
0.039875001 -0.193875 0.328125
0.065875001 -0.15987501 0.33487499
0.066124998 -0.161125 0.33462501
0.039124999 -0.19437499 0.32862499
0.061375 -0.16312499 0.326875
0.061625 -0.16187499 0.326875
0.039124999 -0.193625 0.32587501
0.039124999 -0.193875 0.326875
0.039124999 -0.19337501 0.32512501
0.039875001 -0.19337501 0.32587501
0.039875001 -0.193625 0.326875
0.041125 -0.19312499 0.325625
0.061625 -0.161125 0.326875
0.062125001 -0.16312499 0.32787499
0.062125001 -0.16187499 0.32787499
0.062125001 -0.161125 0.32787499
0.062875003 -0.16312499 0.32887501
0.062875003 -0.16187499 0.32887501
0.063375004 -0.16312499 0.330125
0.064125001 -0.16337501 0.33087501
0.061875001 -0.163875 0.328125
0.062624998 -0.163875 0.32862499
0.061875001 -0.15987501 0.326875
0.062375002 -0.15987501 0.328125
0.062624998 -0.159125 0.328125
0.062624998 -0.161125 0.32887501
0.062875003 -0.15987501 0.32887501
0.062875003 -0.159125 0.32862499
0.063625 -0.16187499 0.330125
0.063625 -0.161125 0.330125
0.063874997 -0.15987501 0.330125
0.063874997 -0.159125 0.330125
0.064125001 -0.158125 0.32987499
0.064125001 -0.16187499 0.330625
0.064125001 -0.161125 0.330625
0.064374998 -0.15987501 0.330625
0.039124999 -0.195875 0.33412501
0.064874999 -0.155875 0.33212501
0.065375 -0.155875 0.332625
0.065375 -0.154875 0.332625
0.038874999 -0.195875 0.335125
0.039875001 -0.195875 0.335125
0.065624997 -0.155875 0.33412501
0.065624997 -0.154875 0.33412501
0.064625002 -0.157125 0.330625
0.064874999 -0.157125 0.33212501
0.065375 -0.157875 0.332625
0.039124999 -0.195375 0.33212501
0.065375 -0.157125 0.332625
0.065624997 -0.157875 0.33412501
0.065624997 -0.157125 0.33412501
0.065875001 -0.155875 0.335125
0.064625002 -0.159125 0.330625
0.064625002 -0.157875 0.330625
0.064625002 -0.16312499 0.33212501
0.064625002 -0.16187499 0.33212501
0.064874999 -0.161125 0.33212501
0.064874999 -0.15987501 0.33212501
0.064874999 -0.159125 0.33212501
0.064874999 -0.157875 0.33212501
0.064874999 -0.161125 0.332625
0.065125003 -0.15987501 0.33287501
0.065375 -0.159125 0.332625
0.065624997 -0.159125 0.33412501
0.064874999 -0.16312499 0.332625
0.065624997 -0.16187499 0.33412501
0.066624999 -0.16187499 0.335125
0.066875003 -0.16187499 0.33562499
0.065624997 -0.164125 0.33287501
0.066875003 -0.164125 0.33412501
0.065875001 -0.16312499 0.333875
0.067125 -0.16312499 0.33487499
0.066875003 -0.16912501 0.33212501
0.066124998 -0.168125 0.33162501
0.065875001 -0.166875 0.331875
0.065624997 -0.165875 0.33212501
0.064874999 -0.165125 0.33162501
0.064625002 -0.164125 0.33212501
0.067125 -0.166875 0.332625
0.066875003 -0.165875 0.33287501
0.066875003 -0.168125 0.33237499
0.066124998 -0.165125 0.332625
0.067125 -0.172875 0.33162501
0.067125 -0.172125 0.33162501
0.067125 -0.170875 0.33162501
0.068875 -0.172125 0.333125
0.067874998 -0.172875 0.332625
0.067874998 -0.172125 0.332625
0.067874998 -0.170875 0.33237499
0.068875 -0.172875 0.333125
0.069875002 -0.172125 0.33412501
0.071125001 -0.172125 0.33462501
0.062125001 -0.172125 0.32662499
0.062624998 -0.170875 0.32712501
0.062875003 -0.17487501 0.32787499
0.062875003 -0.174125 0.32787499
0.062875003 -0.172875 0.32787499
0.062875003 -0.172125 0.32787499
0.064374998 -0.17012499 0.32862499
0.064125001 -0.16887499 0.32887501
0.064874999 -0.17012499 0.32962501
0.064874999 -0.16912501 0.32987499
0.063375004 -0.170875 0.328125
0.063874997 -0.17012499 0.328125
0.064125001 -0.174125 0.32887501
0.064125001 -0.172875 0.32887501
0.064125001 -0.172125 0.32862499
0.064125001 -0.170875 0.32862499
0.064874999 -0.172125 0.32962501
0.064874999 -0.170875 0.32962501
0.066124998 -0.170875 0.330625
0.063874997 -0.176875 0.32887501
0.063874997 -0.176125 0.32887501
0.064125001 -0.179875 0.32987499
0.064125001 -0.179125 0.32962501
0.064625002 -0.177875 0.330125
0.064874999 -0.176875 0.330125
0.064625002 -0.176125 0.330125
0.065624997 -0.177875 0.33112499
0.065875001 -0.176875 0.33087501
0.065624997 -0.176125 0.33087501
0.065875001 -0.17487501 0.33087501
0.064874999 -0.179125 0.330625
0.063874997 -0.177875 0.32912499
0.067125 -0.17487501 0.331875
0.064874999 -0.179875 0.33087501
0.066124998 -0.179125 0.33162501
0.066875003 -0.177875 0.33212501
0.066875003 -0.176875 0.33212501
0.066875003 -0.176125 0.33212501
0.067125 -0.179125 0.332625
0.064125001 -0.17487501 0.32887501
0.064874999 -0.17487501 0.32987499
0.064874999 -0.174125 0.32987499
0.064874999 -0.172875 0.32987499
0.065875001 -0.174125 0.33087501
0.065875001 -0.172875 0.33087501
0.066124998 -0.172125 0.330625
0.067125 -0.174125 0.331875
0.067625001 -0.164125 0.335125
0.070874996 -0.165125 0.335875
0.068875 -0.163875 0.33562499
0.069624998 -0.164125 0.335875
0.067874998 -0.16312499 0.33562499
0.067874998 -0.166125 0.33412501
0.067125 -0.165125 0.33362499
0.068875 -0.166875 0.33412501
0.068875 -0.165125 0.335125
0.067874998 -0.166875 0.33362499
0.068875 -0.165875 0.33462501
0.069624998 -0.166125 0.335125
0.071125001 -0.165875 0.33562499
0.071625002 -0.165875 0.335875
0.067874998 -0.165125 0.33462501
0.069875002 -0.165125 0.33562499
0.067125 -0.17012499 0.331875
0.068875 -0.170875 0.333125
0.067874998 -0.17012499 0.33287501
0.067874998 -0.16912501 0.33287501
0.067625001 -0.168125 0.333125
0.071874999 -0.165125 0.33662501
0.071125001 -0.163875 0.33662501
0.071625002 -0.164125 0.337125
0.068875 -0.16337501 0.335875
0.069875002 -0.16312499 0.33662501
0.070874996 -0.16337501 0.337125
0.072624996 -0.165125 0.337125
0.072875001 -0.164125 0.33787501
0.071874999 -0.16312499 0.337625
0.071874999 -0.167125 0.335875
0.070874996 -0.168125 0.335125
0.071874999 -0.168125 0.335875
0.072875001 -0.168125 0.336375
0.069875002 -0.166875 0.33487499
0.071125001 -0.166875 0.33537501
0.073124997 -0.166875 0.33687499
0.072624996 -0.16887499 0.33612499
0.071874999 -0.17012499 0.33562499
0.070874996 -0.16887499 0.335125
0.071874999 -0.16887499 0.33562499
0.068875 -0.168125 0.33412501
0.069875002 -0.168125 0.33462501
0.072875001 -0.170875 0.335875
0.074124999 -0.17112499 0.33687499
0.072624996 -0.17012499 0.335875
0.069875002 -0.170875 0.33412501
0.069124997 -0.17012499 0.33362499
0.068875 -0.16887499 0.333875
0.070874996 -0.17012499 0.335125
0.071125001 -0.17112499 0.33487499
0.071874999 -0.170875 0.33537501
0.069875002 -0.17012499 0.33437499
0.069875002 -0.16887499 0.33462501
0.073375002 -0.165125 0.33787501
0.072875001 -0.165875 0.33687499
0.073624998 -0.165875 0.33787501
0.074124999 -0.168125 0.33787501
0.073875003 -0.168125 0.338875
0.074124999 -0.16887499 0.337625
0.073875003 -0.168125 0.337125
0.073624998 -0.16887499 0.337125
0.074124999 -0.167125 0.337625
0.057124998 -0.17012499 0.319875
0.057124998 -0.16887499 0.31962499
0.057374999 -0.170875 0.321125
0.056875002 -0.172125 0.319875
0.056875002 -0.170875 0.319875
0.058874998 -0.15737499 0.31962499
0.059124999 -0.155875 0.319875
0.059374999 -0.154875 0.319875
0.059374999 -0.15387499 0.319875
0.059374999 -0.157125 0.321125
0.059374999 -0.155875 0.321125
0.059625 -0.154875 0.321125
0.059625 -0.15387499 0.321125
0.059875 -0.15387499 0.32187501
0.041125 -0.19562501 0.335125
0.041875001 -0.195375 0.335125
0.039875001 -0.195875 0.335875
0.041125 -0.19562501 0.335875
0.041875001 -0.19562501 0.335875
0.041875001 -0.19562501 0.337125
0.039875001 -0.195125 0.331875
0.041125 -0.194875 0.33212501
0.039124999 -0.19562501 0.332625
0.039875001 -0.195375 0.332625
0.041125 -0.195125 0.33287501
0.039875001 -0.19562501 0.33412501
0.041125 -0.195375 0.33412501
0.044875 -0.19437499 0.33287501
0.042874999 -0.194875 0.33412501
0.044124998 -0.194125 0.331875
0.044875 -0.193875 0.33212501
0.043125 -0.19462501 0.332625
0.044124998 -0.19437499 0.332625
0.041875001 -0.195375 0.33412501
0.044124998 -0.19462501 0.33412501
0.044875 -0.19437499 0.33412501
0.044875 -0.19462501 0.335125
0.043125 -0.19437499 0.33087501
0.041875001 -0.194875 0.33287501
0.044124998 -0.193875 0.33087501
0.041875001 -0.19462501 0.33212501
0.043125 -0.19437499 0.33212501
0.039124999 -0.195125 0.33087501
0.039875001 -0.19437499 0.32862499
0.039124999 -0.19462501 0.330125
0.039875001 -0.19437499 0.330125
0.039875001 -0.194875 0.33087501
0.041125 -0.19462501 0.330625
0.041875001 -0.194125 0.330125
0.040874999 -0.194125 0.32887501
0.041125 -0.19437499 0.330125
0.043125 -0.193625 0.330125
0.041875001 -0.19437499 0.330625
0.041875001 -0.19312499 0.32587501
0.043125 -0.192875 0.32587501
0.044124998 -0.192625 0.32587501
0.044875 -0.192375 0.32587501
0.041125 -0.19337501 0.326875
0.041875001 -0.19312499 0.326875
0.043875001 -0.19312499 0.328125
0.044875 -0.19337501 0.32887501
0.042874999 -0.19312499 0.326875
0.044124998 -0.192625 0.326875
0.044875 -0.192625 0.326875
0.041125 -0.193625 0.328125
0.041875001 -0.19337501 0.328125
0.043125 -0.19312499 0.328125
0.044875 -0.192875 0.328125
0.041875001 -0.193625 0.32862499
0.043125 -0.19337501 0.32862499
0.044124998 -0.19312499 0.32887501
0.044124998 -0.19337501 0.330125
0.046124998 -0.192375 0.326875
0.046124998 -0.192375 0.328125
0.046875 -0.19212499 0.328125
0.046124998 -0.192625 0.32862499
0.044875 -0.19312499 0.330125
0.045875002 -0.19312499 0.330125
0.046875 -0.19337501 0.33087501
0.046875 -0.192375 0.32862499
0.046875 -0.192625 0.330125
0.046124998 -0.19337501 0.330625
0.048124999 -0.19212499 0.32887501
0.048625 -0.19212499 0.32887501
0.048124999 -0.192375 0.330125
0.048875 -0.19212499 0.330125
0.048124999 -0.192875 0.33087501
0.046875 -0.192375 0.326875
0.047874998 -0.19212499 0.328125
0.048124999 -0.191875 0.326875
0.048625 -0.191625 0.326875
0.048875 -0.191875 0.328125
0.050124999 -0.191625 0.32862499
0.051125001 -0.191375 0.326875
0.050124999 -0.191375 0.326875
0.051624998 -0.190625 0.326875
0.053125001 -0.190375 0.326875
0.050124999 -0.191625 0.328125
0.051125001 -0.19112501 0.328125
0.051624998 -0.19112501 0.328125
0.039124999 -0.19337501 0.319875
0.039124999 -0.19337501 0.321125
0.039124999 -0.19337501 0.32187501
0.039124999 -0.19337501 0.323125
0.039124999 -0.19337501 0.32387501
0.039875001 -0.19312499 0.32512501
0.039875001 -0.19337501 0.323125
0.041125 -0.19312499 0.323125
0.039875001 -0.19312499 0.32387501
0.041125 -0.19312499 0.32387501
0.041875001 -0.192875 0.32387501
0.041125 -0.192875 0.32512501
0.041875001 -0.192875 0.32512501
0.044124998 -0.192375 0.32512501
0.044875 -0.19212499 0.32512501
0.043125 -0.192875 0.32387501
0.043125 -0.192625 0.32512501
0.046124998 -0.19337501 0.319875
0.044875 -0.19312499 0.32087499
0.046124998 -0.192875 0.321125
0.043875001 -0.19312499 0.32187501
0.044875 -0.192875 0.32187501
0.042874999 -0.19312499 0.32287499
0.044124998 -0.192625 0.323125
0.044875 -0.192625 0.323125
0.044124998 -0.192625 0.32387501
0.044875 -0.192375 0.32387501
0.046875 -0.192375 0.32387501
0.046124998 -0.192625 0.32187501
0.046875 -0.192375 0.32187501
0.046124998 -0.192375 0.323125
0.046875 -0.19212499 0.323125
0.046124998 -0.19212499 0.32387501
0.048124999 -0.191875 0.32387501
0.039875001 -0.19337501 0.319875
0.039875001 -0.19337501 0.321125
0.041125 -0.19312499 0.321125
0.039875001 -0.19337501 0.32187501
0.041125 -0.19312499 0.32187501
0.041875001 -0.19312499 0.323125
0.041125 -0.19337501 0.319875
0.041875001 -0.19337501 0.319875
0.043125 -0.19337501 0.319875
0.041875001 -0.19312499 0.321125
0.041875001 -0.19312499 0.32187501
0.044124998 -0.19312499 0.319875
0.044875 -0.19312499 0.319875
0.043125 -0.19312499 0.321125
0.044124998 -0.19312499 0.321125
0.043125 -0.19312499 0.32187501
0.046124998 -0.19212499 0.32512501
0.046624999 -0.19212499 0.32512501
0.048124999 -0.191875 0.32512501
0.046124998 -0.19212499 0.32587501
0.046875 -0.191875 0.32587501
0.048124999 -0.191875 0.32587501
0.048625 -0.191625 0.32587501
0.048875 -0.19212499 0.32187501
0.048625 -0.19212499 0.32287499
0.050875001 -0.19112501 0.32512501
0.048625 -0.191625 0.32512501
0.050124999 -0.191375 0.32512501
0.050124999 -0.191375 0.32587501
0.048625 -0.191625 0.32387501
0.050124999 -0.191375 0.32387501
0.050124999 -0.192375 0.321125
0.050124999 -0.19212499 0.32187501
0.051125001 -0.19212499 0.32162499
0.050124999 -0.191625 0.323125
0.051874999 -0.191875 0.32187501
0.051125001 -0.191375 0.323125
0.051624998 -0.191375 0.323125
0.051125001 -0.19112501 0.32387501
0.051624998 -0.19112501 0.32387501
0.050875001 -0.19112501 0.32587501
0.051624998 -0.190625 0.32512501
0.051624998 -0.190625 0.32587501
0.053125001 -0.190375 0.32587501
0.046875 -0.19312499 0.31962499
0.046875 -0.192625 0.321125
0.048124999 -0.192625 0.321125
0.048625 -0.192375 0.321125
0.048124999 -0.192375 0.32187501
0.048124999 -0.19212499 0.323125
0.048124999 -0.19312499 0.31962499
0.048875 -0.192875 0.319875
0.050124999 -0.192625 0.319875
0.051125001 -0.192625 0.319875
0.051125001 -0.19212499 0.321125
0.051624998 -0.192625 0.319875
0.053125001 -0.192625 0.319875
0.051874999 -0.19212499 0.321125
0.058874998 -0.157875 0.319875
0.058625001 -0.159125 0.319875
0.057624999 -0.16187499 0.319875
0.057875 -0.161125 0.31962499
0.058375001 -0.15987501 0.319875
0.058625001 -0.161125 0.321125
0.058625001 -0.15987501 0.321125
0.059374999 -0.15987501 0.32187501
0.057374999 -0.168125 0.319875
0.057624999 -0.17012499 0.321125
0.057624999 -0.16887499 0.321125
0.057624999 -0.168125 0.321125
0.060125001 -0.161125 0.32387501
0.060625002 -0.16187499 0.32512501
0.060625002 -0.161125 0.32512501
0.060874999 -0.16312499 0.32587501
0.060874999 -0.16212501 0.32587501
0.060874999 -0.161125 0.325625
0.057374999 -0.172125 0.321125
0.057624999 -0.174125 0.32187501
0.057624999 -0.172875 0.32187501
0.057875 -0.17487501 0.32287499
0.058125 -0.174125 0.32287499
0.057124998 -0.176125 0.32087499
0.057124998 -0.17487501 0.32087499
0.057124998 -0.174125 0.32087499
0.057124998 -0.172875 0.32087499
0.057624999 -0.176125 0.32187501
0.057624999 -0.17487501 0.32187501
0.057624999 -0.172125 0.32187501
0.057875 -0.170875 0.32187501
0.058625001 -0.172875 0.323125
0.058874998 -0.172125 0.323125
0.058874998 -0.17112499 0.32287499
0.058874998 -0.174125 0.323625
0.059374999 -0.172875 0.32387501
0.059875 -0.172125 0.32412499
0.060625002 -0.172125 0.32512501
0.057124998 -0.176875 0.32087499
0.057624999 -0.176875 0.32187501
0.057875 -0.177875 0.32287499
0.057875 -0.176875 0.32287499
0.057875 -0.176125 0.32287499
0.058874998 -0.177875 0.32387501
0.058625001 -0.176875 0.32412499
0.059374999 -0.179125 0.32512501
0.058625001 -0.179125 0.32412499
0.057875 -0.18187501 0.32387501
0.058874998 -0.181125 0.32512501
0.057875 -0.183375 0.32387501
0.057624999 -0.177875 0.32187501
0.057624999 -0.179875 0.323125
0.057875 -0.179125 0.32287499
0.057875 -0.181125 0.32387501
0.058375001 -0.179875 0.32387501
0.058874998 -0.179875 0.324875
0.059875 -0.179875 0.32587501
0.058874998 -0.176125 0.32387501
0.059374999 -0.177875 0.32512501
0.059875 -0.176875 0.32512501
0.059875 -0.176125 0.32512501
0.060125001 -0.17937499 0.32587501
0.060125001 -0.177875 0.325625
0.060625002 -0.176875 0.326125
0.060874999 -0.176125 0.32587501
0.060874999 -0.177875 0.32662499
0.061875001 -0.176875 0.32712501
0.061875001 -0.176125 0.326875
0.062875003 -0.176125 0.328125
0.060874999 -0.179875 0.326875
0.060874999 -0.179125 0.326875
0.062125001 -0.180125 0.32787499
0.062125001 -0.177875 0.32787499
0.062624998 -0.176875 0.328125
0.062875003 -0.179875 0.32887501
0.062875003 -0.179125 0.32862499
0.064125001 -0.181125 0.32987499
0.062125001 -0.179125 0.32787499
0.062875003 -0.177875 0.32837501
0.057624999 -0.18512499 0.32387501
0.057875 -0.18387499 0.32387501
0.058125 -0.18512499 0.324875
0.058874998 -0.18512499 0.32587501
0.060125001 -0.186125 0.32787499
0.058625001 -0.18387499 0.32512501
0.058625001 -0.183125 0.32512501
0.058874998 -0.18187501 0.32512501
0.058874998 -0.18387499 0.325625
0.059374999 -0.183125 0.32587501
0.059625 -0.18187501 0.32587501
0.059875 -0.181125 0.326125
0.059875 -0.18537501 0.326875
0.059875 -0.18387499 0.326875
0.060125001 -0.183125 0.326875
0.060125001 -0.18187501 0.32662499
0.060375001 -0.18512499 0.328125
0.060625002 -0.18387499 0.328125
0.060874999 -0.185875 0.32887501
0.057624999 -0.185875 0.32512501
0.058625001 -0.185875 0.326125
0.058625001 -0.186875 0.326875
0.059374999 -0.185875 0.326875
0.058625001 -0.187875 0.328125
0.059625 -0.187125 0.328125
0.060125001 -0.187125 0.32862499
0.060625002 -0.181125 0.32712501
0.060625002 -0.183125 0.328125
0.060874999 -0.18187501 0.32787499
0.060874999 -0.18512499 0.32862499
0.061875001 -0.18387499 0.32912499
0.062125001 -0.183125 0.32887501
0.062624998 -0.18187501 0.32912499
0.062875003 -0.181125 0.32887501
0.063874997 -0.18187501 0.330125
0.062875003 -0.183375 0.32987499
0.062125001 -0.18187501 0.32862499
0.061875001 -0.181125 0.328125
0.059875 -0.16312499 0.323125
0.059875 -0.16187499 0.323125
0.059875 -0.161125 0.323125
0.060375001 -0.163875 0.32387501
0.060125001 -0.16312499 0.32387501
0.060125001 -0.16187499 0.32387501
0.060625002 -0.163875 0.32512501
0.060625002 -0.16312499 0.32512501
0.057624999 -0.166875 0.319875
0.057624999 -0.165875 0.319875
0.057875 -0.166875 0.32087499
0.057624999 -0.163875 0.319875
0.057875 -0.16312499 0.319875
0.058625001 -0.163875 0.321125
0.056875002 -0.176125 0.319875
0.056875002 -0.17487501 0.319875
0.056875002 -0.174125 0.319875
0.056875002 -0.172875 0.319875
0.058625001 -0.16312499 0.321125
0.058625001 -0.16187499 0.321125
0.058874998 -0.163875 0.32162499
0.058874998 -0.16312499 0.32162499
0.058874998 -0.16187499 0.32162499
0.059374999 -0.161125 0.32187501
0.059875 -0.165125 0.323125
0.059875 -0.163875 0.323125
0.056625001 -0.176875 0.319875
0.057624999 -0.165125 0.32012501
0.057875 -0.165875 0.32087499
0.058375001 -0.165125 0.321125
0.058874998 -0.166875 0.32187501
0.058874998 -0.166125 0.32187501
0.058874998 -0.165125 0.32162499
0.060625002 -0.155875 0.32387501
0.060625002 -0.154875 0.32387501
0.060874999 -0.157125 0.32512501
0.060874999 -0.155875 0.324875
0.060874999 -0.154875 0.324875
0.061375 -0.159125 0.32587501
0.061375 -0.157875 0.32587501
0.061375 -0.157125 0.32587501
0.061625 -0.155875 0.32587501
0.056625001 -0.177875 0.319875
0.060375001 -0.15387499 0.323125
0.060625002 -0.15387499 0.32387501
0.060874999 -0.15387499 0.324875
0.061625 -0.154875 0.32587501
0.061625 -0.15387499 0.32587501
0.062125001 -0.15387499 0.326875
0.061875001 -0.159125 0.326875
0.061875001 -0.157875 0.326875
0.062125001 -0.157125 0.326875
0.062125001 -0.155875 0.32662499
0.062624998 -0.157875 0.328125
0.062875003 -0.157125 0.328125
0.062875003 -0.155875 0.328125
0.063375004 -0.157875 0.32862499
0.063375004 -0.157125 0.32862499
0.064125001 -0.157125 0.32987499
0.063874997 -0.15512501 0.330125
0.063874997 -0.15387499 0.330125
0.064625002 -0.155875 0.330625
0.064374998 -0.154875 0.330625
0.064374998 -0.15387499 0.330625
0.064874999 -0.154875 0.33212501
0.064874999 -0.15387499 0.33212501
0.064874999 -0.15387499 0.332625
0.062125001 -0.15512501 0.32662499
0.062875003 -0.15512501 0.328125
0.062875003 -0.15387499 0.328125
0.063625 -0.155875 0.32862499
0.063375004 -0.154875 0.32862499
0.063375004 -0.15387499 0.32862499
0.064125001 -0.155875 0.32987499
0.058874998 -0.159125 0.32087499
0.059625 -0.159125 0.32187501
0.059875 -0.15987501 0.323125
0.060375001 -0.15987501 0.32387501
0.055125002 -0.187875 0.319875
0.060874999 -0.15987501 0.32512501
0.055374999 -0.187125 0.319875
0.055624999 -0.185875 0.319875
0.055374999 -0.187875 0.321125
0.055624999 -0.187125 0.321125
0.055875 -0.185875 0.321125
0.039875001 -0.195875 0.337125
0.041125 -0.195875 0.337125
0.039875001 -0.196125 0.33787501
0.041125 -0.195875 0.33787501
0.041875001 -0.19562501 0.33787501
0.044875 -0.194875 0.33787501
0.044875 -0.19462501 0.335875
0.044875 -0.194875 0.337125
0.044124998 -0.195125 0.33787501
0.044124998 -0.195125 0.335875
0.043125 -0.195125 0.335125
0.043875001 -0.194875 0.335125
0.043125 -0.195375 0.335875
0.043125 -0.195375 0.337125
0.044124998 -0.195125 0.337125
0.043125 -0.195375 0.33787501
0.048124999 -0.19437499 0.335875
0.046124998 -0.19437499 0.335875
0.046875 -0.19437499 0.335875
0.046124998 -0.19462501 0.337125
0.046875 -0.19437499 0.337125
0.048124999 -0.194125 0.337125
0.046124998 -0.19462501 0.33787501
0.046875 -0.19462501 0.33787501
0.048875 -0.194125 0.33787501
0.048124999 -0.19437499 0.33787501
0.048625 -0.194125 0.337125
0.050124999 -0.193625 0.33787501
0.050124999 -0.19337501 0.335875
0.051125001 -0.19312499 0.335875
0.050124999 -0.193625 0.337125
0.051125001 -0.19337501 0.337125
0.051125001 -0.19337501 0.33787501
0.055125002 -0.19212499 0.33787501
0.044875 -0.19337501 0.330625
0.046124998 -0.193625 0.33212501
0.046124998 -0.193875 0.33287501
0.046124998 -0.194125 0.333875
0.046875 -0.19437499 0.33487499
0.046875 -0.19337501 0.33212501
0.046875 -0.193625 0.332625
0.046875 -0.193875 0.33412501
0.048124999 -0.193625 0.33412501
0.046124998 -0.19437499 0.335125
0.048124999 -0.193875 0.335125
0.049874999 -0.19212499 0.330125
0.048625 -0.192375 0.330625
0.050124999 -0.19212499 0.33087501
0.048124999 -0.19337501 0.331875
0.048875 -0.19312499 0.33287501
0.048875 -0.192875 0.33212501
0.050124999 -0.192625 0.33212501
0.050124999 -0.192625 0.332625
0.051125001 -0.192375 0.332625
0.049874999 -0.19312499 0.33412501
0.051125001 -0.192625 0.33412501
0.050875001 -0.19312499 0.335125
0.053125001 -0.192375 0.333875
0.051125001 -0.192375 0.33212501
0.051874999 -0.19212499 0.33287501
0.051624998 -0.192375 0.33412501
0.053624999 -0.191625 0.33412501
0.051624998 -0.19212499 0.33212501
0.055125002 -0.191375 0.331875
0.053125001 -0.191625 0.33212501
0.053624999 -0.191375 0.33212501
0.053125001 -0.191875 0.33287501
0.053624999 -0.191625 0.332625
0.048124999 -0.19337501 0.332625
0.048875 -0.19312499 0.33412501
0.048625 -0.19337501 0.335125
0.050124999 -0.19312499 0.335125
0.048875 -0.193875 0.335875
0.050875001 -0.19212499 0.33087501
0.051125001 -0.191375 0.32862499
0.051874999 -0.19112501 0.32887501
0.051125001 -0.191625 0.330125
0.061375 -0.15987501 0.32587501
0.053624999 -0.190125 0.32587501
0.053125001 -0.190375 0.32512501
0.053624999 -0.190125 0.32512501
0.052875001 -0.19112501 0.32287499
0.053125001 -0.190625 0.32387501
0.053874999 -0.190125 0.32387501
0.055125002 -0.189375 0.326875
0.055125002 -0.191375 0.319875
0.053125001 -0.19212499 0.321125
0.053125001 -0.191625 0.32187501
0.054875001 -0.19112501 0.32087499
0.053874999 -0.191375 0.32187501
0.053874999 -0.192375 0.319875
0.053624999 -0.191625 0.321125
0.054125 -0.190375 0.323125
0.055125002 -0.190375 0.32187501
0.059374999 -0.157875 0.321125
0.059625 -0.157875 0.32187501
0.057124998 -0.186125 0.32387501
0.057124998 -0.187125 0.324875
0.055875 -0.186125 0.32162499
0.055624999 -0.187875 0.323125
0.055875 -0.187125 0.32287499
0.056625001 -0.185875 0.323125
0.055875 -0.187875 0.32387501
0.056375001 -0.187125 0.32387501
0.054875001 -0.188875 0.32512501
0.055125002 -0.189125 0.32587501
0.055875 -0.188125 0.32512501
0.055875 -0.18862499 0.32587501
0.054875001 -0.188875 0.32387501
0.055125002 -0.189125 0.323125
0.055125002 -0.188875 0.32187501
0.057624999 -0.186875 0.32587501
0.055624999 -0.187875 0.32187501
0.055875 -0.186875 0.32187501
0.059625 -0.157125 0.32187501
0.059625 -0.155875 0.32187501
0.059875 -0.154875 0.32187501
0.060125001 -0.159375 0.32287499
0.055374999 -0.189125 0.319875
0.060125001 -0.157875 0.32287499
0.060125001 -0.157125 0.32287499
0.055374999 -0.190125 0.319875
0.055374999 -0.189125 0.321125
0.055374999 -0.190125 0.321125
0.060125001 -0.155875 0.32287499
0.051874999 -0.19312499 0.337125
0.051874999 -0.192875 0.335875
0.053125001 -0.192625 0.337125
0.053624999 -0.192375 0.337125
0.051874999 -0.19312499 0.33787501
0.053125001 -0.192875 0.33787501
0.053624999 -0.192625 0.33787501
0.055624999 -0.19212499 0.33787501
0.056875002 -0.191625 0.33787501
0.060125001 -0.190125 0.33687499
0.060125001 -0.190125 0.33787501
0.057875 -0.19112501 0.33787501
0.058874998 -0.190625 0.33787501
0.060874999 -0.189375 0.33787501
0.061875001 -0.188875 0.33787501
0.055875 -0.191375 0.333875
0.055125002 -0.19112501 0.33287501
0.055624999 -0.19112501 0.33287501
0.055125002 -0.191375 0.33412501
0.057124998 -0.19087499 0.33412501
0.053125001 -0.190625 0.328125
0.052875001 -0.19112501 0.32887501
0.051624998 -0.191375 0.330125
0.053125001 -0.191375 0.32987499
0.051624998 -0.191625 0.330625
0.053874999 -0.191375 0.33087501
0.053874999 -0.19087499 0.330125
0.053125001 -0.191375 0.330625
0.053874999 -0.190125 0.326875
0.053874999 -0.190375 0.328125
0.055125002 -0.18987501 0.328125
0.053624999 -0.190375 0.32862499
0.055125002 -0.190125 0.32862499
0.055125002 -0.190375 0.330125
0.055125002 -0.19087499 0.33087501
0.056875002 -0.190625 0.332625
0.057875 -0.190125 0.33287501
0.057875 -0.190375 0.33412501
0.055624999 -0.188875 0.326875
0.057624999 -0.187875 0.326875
0.056875002 -0.187875 0.32587501
0.056875002 -0.188375 0.326875
0.055875 -0.190375 0.32987499
0.058874998 -0.189125 0.32987499
0.057124998 -0.190375 0.33087501
0.055875 -0.189375 0.328125
0.055875 -0.18962499 0.32862499
0.056875002 -0.189375 0.32862499
0.056875002 -0.18962499 0.330125
0.057875 -0.189375 0.330125
0.055875 -0.190375 0.330625
0.057124998 -0.189125 0.32787499
0.057875 -0.189125 0.32887501
0.057875 -0.18862499 0.328125
0.058874998 -0.18862499 0.32862499
0.057624999 -0.190125 0.33212501
0.057875 -0.18962499 0.330625
0.058874998 -0.189375 0.330625
0.055875 -0.190625 0.33212501
0.056875002 -0.190375 0.33212501
0.058874998 -0.18962499 0.33212501
0.058625001 -0.190125 0.33287501
0.051624998 -0.192625 0.335125
0.053125001 -0.192375 0.335125
0.053624999 -0.19212499 0.335125
0.055125002 -0.191625 0.335125
0.053874999 -0.19212499 0.335875
0.055125002 -0.191875 0.335875
0.055875 -0.191625 0.337125
0.055125002 -0.192375 0.33687499
0.053125001 -0.192375 0.335875
0.056875002 -0.19112501 0.335125
0.055875 -0.191375 0.335125
0.055875 -0.191375 0.335875
0.057124998 -0.19112501 0.335875
0.056875002 -0.191375 0.337125
0.057624999 -0.19112501 0.337125
0.057875 -0.190625 0.335125
0.057875 -0.19087499 0.335875
0.058874998 -0.190375 0.335875
0.058874998 -0.190625 0.337125
0.058874998 -0.190375 0.333875
0.058874998 -0.190375 0.335125
0.059875 -0.190125 0.335875
0.060874999 -0.189125 0.33487499
0.060125001 -0.18962499 0.33412501
0.060125001 -0.18962499 0.335125
0.060874999 -0.189125 0.335875
0.059875 -0.188875 0.330625
0.059875 -0.188875 0.33212501
0.060874999 -0.188125 0.331875
0.060125001 -0.189125 0.33287501
0.062125001 -0.188125 0.335875
0.060874999 -0.189125 0.337125
0.062125001 -0.18862499 0.337125
0.062875003 -0.187875 0.337125
0.062875003 -0.18762501 0.335875
0.062875003 -0.188125 0.33787501
0.064125001 -0.18762501 0.33787501
0.064125001 -0.186125 0.333875
0.062875003 -0.187125 0.335125
0.063874997 -0.186875 0.335875
0.064625002 -0.187125 0.33787501
0.064125001 -0.186125 0.335125
0.064125001 -0.187125 0.337125
0.064874999 -0.18537501 0.335125
0.064625002 -0.185875 0.335875
0.065875001 -0.18512499 0.335875
0.064874999 -0.186125 0.337125
0.066875003 -0.18387499 0.335875
0.066124998 -0.18537501 0.337125
0.067874998 -0.183125 0.335875
0.067625001 -0.18387499 0.337125
0.069124997 -0.183375 0.33687499
0.065624997 -0.185875 0.33787501
0.067125 -0.18537501 0.337625
0.066875003 -0.184625 0.337125
0.062125001 -0.186125 0.330625
0.062624998 -0.185875 0.33212501
0.063625 -0.185875 0.332625
0.059374999 -0.187875 0.32862499
0.060125001 -0.188125 0.32987499
0.060874999 -0.186875 0.330125
0.060625002 -0.187875 0.330625
0.061375 -0.187125 0.330625
0.062125001 -0.187125 0.331875
0.061875001 -0.185875 0.330125
0.064625002 -0.18512499 0.33412501
0.062125001 -0.18537501 0.32987499
0.062624998 -0.18387499 0.330125
0.062875003 -0.18512499 0.33087501
0.063375004 -0.18387499 0.330625
0.063874997 -0.183125 0.33087501
0.064374998 -0.18187501 0.330625
0.063625 -0.18512499 0.33212501
0.064125001 -0.18412501 0.331875
0.064625002 -0.183125 0.33212501
0.064125001 -0.18537501 0.332625
0.064625002 -0.18387499 0.333125
0.064874999 -0.183375 0.332625
0.065375 -0.18387499 0.33412501
0.064874999 -0.182125 0.331875
0.065875001 -0.183125 0.333875
0.065875001 -0.18412501 0.33487499
0.067125 -0.183125 0.33487499
0.065875001 -0.182125 0.33287501
0.062125001 -0.188125 0.335125
0.060874999 -0.188125 0.332625
0.060625002 -0.188875 0.33412501
0.061875001 -0.187875 0.33412501
0.062125001 -0.18737499 0.332625
0.062624998 -0.186875 0.332625
0.062875003 -0.186875 0.33412501
0.067625001 -0.17712501 0.33287501
0.067874998 -0.176125 0.33287501
0.069624998 -0.176875 0.33412501
0.067625001 -0.177875 0.33287501
0.069124997 -0.17812499 0.333875
0.068875 -0.176875 0.33362499
0.068875 -0.176125 0.33337501
0.068125002 -0.17487501 0.332625
0.068875 -0.174125 0.333125
0.069875002 -0.176125 0.33412501
0.069875002 -0.17487501 0.33412501
0.069875002 -0.174125 0.33412501
0.069875002 -0.172875 0.33412501
0.071125001 -0.176875 0.33487499
0.071125001 -0.176125 0.33487499
0.071125001 -0.17487501 0.33487499
0.071125001 -0.172875 0.33462501
0.068875 -0.17487501 0.33337501
0.067874998 -0.174125 0.332625
0.071125001 -0.174125 0.33487499
0.071874999 -0.174125 0.33562499
0.071874999 -0.172875 0.33537501
0.071874999 -0.172125 0.33537501
0.067874998 -0.179125 0.33362499
0.068875 -0.179125 0.33412501
0.069875002 -0.177875 0.33437499
0.072875001 -0.176875 0.335875
0.072875001 -0.176125 0.335875
0.074124999 -0.177875 0.33687499
0.071874999 -0.176875 0.33562499
0.071874999 -0.176125 0.33562499
0.071874999 -0.17487501 0.33562499
0.068875 -0.181125 0.335125
0.069124997 -0.182125 0.335875
0.069875002 -0.182125 0.33687499
0.067625001 -0.18187501 0.335125
0.069875002 -0.181125 0.335875
0.071125001 -0.180875 0.33612499
0.070874996 -0.18187501 0.337125
0.069875002 -0.17937499 0.33487499
0.070874996 -0.177875 0.335125
0.068875 -0.179875 0.33462501
0.069624998 -0.179875 0.335125
0.071125001 -0.179875 0.33562499
0.071625002 -0.179875 0.335875
0.071125001 -0.179125 0.33537501
0.071874999 -0.179125 0.335875
0.072875001 -0.179875 0.33662501
0.072875001 -0.179125 0.336375
0.072875001 -0.177875 0.335875
0.074124999 -0.179125 0.33687499
0.071874999 -0.177875 0.33562499
0.064874999 -0.181125 0.33087501
0.065875001 -0.179875 0.331875
0.067125 -0.179875 0.33287501
0.067874998 -0.180125 0.333875
0.065624997 -0.181125 0.33212501
0.066875003 -0.181125 0.33287501
0.067125 -0.182125 0.333875
0.067625001 -0.181125 0.33412501
0.074124999 -0.170875 0.33787501
0.074124999 -0.17012499 0.337625
0.073875003 -0.172125 0.337125
0.074124999 -0.173125 0.33787501
0.074124999 -0.173125 0.338875
0.073875003 -0.172875 0.337125
0.074124999 -0.172125 0.33787501
0.072624996 -0.174125 0.33612499
0.072624996 -0.172875 0.33612499
0.072875001 -0.172125 0.335875
0.073875003 -0.17487501 0.337125
0.072624996 -0.17487501 0.33612499
0.074124999 -0.176875 0.33687499
0.074375004 -0.176125 0.33787501
0.073624998 -0.174125 0.337125
0.073875003 -0.17012499 0.337125
0.073875003 -0.174125 0.33787501
0.074124999 -0.17487501 0.33787501
0.074124999 -0.176125 0.33687499
0.074625 -0.176875 0.33787501
0.074874997 -0.177875 0.33787501
0.074874997 -0.179125 0.33787501
0.069124997 -0.18412501 0.337625
0.067874998 -0.184875 0.33787501
0.069875002 -0.183375 0.337625
0.067125 -0.186125 0.338875
0.069875002 -0.18412501 0.338875
0.071125001 -0.183125 0.33787501
0.071125001 -0.18412501 0.338875
0.071874999 -0.18412501 0.338875
0.071874999 -0.183125 0.33787501
0.065375 -0.15387499 0.33412501
0.065624997 -0.15387499 0.335125
0.066124998 -0.155875 0.33787501
0.065624997 -0.157875 0.335125
0.065875001 -0.157125 0.335125
0.065375 -0.15387499 0.33787501
0.065624997 -0.15387499 0.337125
0.065875001 -0.15387499 0.335875
0.065375 -0.154875 0.33787501
0.065875001 -0.155875 0.335875
0.065875001 -0.154875 0.335875
0.065875001 -0.154875 0.337125
0.065875001 -0.154875 0.335125
0.066124998 -0.157875 0.335875
0.065875001 -0.157125 0.33562499
0.066375002 -0.157125 0.337125
0.065875001 -0.155875 0.337125
0.065875001 -0.159125 0.33487499
0.066624999 -0.157875 0.337125
0.066624999 -0.157125 0.33787501
0.067125 -0.157125 0.338875
0.066875003 -0.15987501 0.335875
0.066375002 -0.159125 0.335875
0.066875003 -0.159125 0.337125
0.067125 -0.157875 0.337625
0.067125 -0.161125 0.335875
0.067874998 -0.161125 0.33687499
0.067874998 -0.160125 0.337125
0.068875 -0.160125 0.33787501
0.067625001 -0.159375 0.33787501
0.069875002 -0.15987501 0.338875
0.069124997 -0.16187499 0.33687499
0.069875002 -0.16212501 0.337125
0.067625001 -0.16212501 0.335875
0.068875 -0.161125 0.33737499
0.069875002 -0.161125 0.337625
0.071125001 -0.16187499 0.337625
0.071125001 -0.161125 0.338875
0.071874999 -0.16187499 0.338875
0.072875001 -0.16312499 0.338875
0.072875001 -0.183125 0.338375
0.074124999 -0.183125 0.33862501
0.072875001 -0.182125 0.337625
0.071874999 -0.18187501 0.33737499
0.071874999 -0.181375 0.33687499
0.073875003 -0.18187501 0.33787501
0.072624996 -0.181125 0.337125
0.074874997 -0.181125 0.33787501
0.074874997 -0.180125 0.33787501
0.075125001 -0.18187501 0.338875
0.074124999 -0.181125 0.33737499
0.073875003 -0.179875 0.337125
0.060125001 -0.15512501 0.32287499
0.060375001 -0.159125 0.32387501
0.060625002 -0.157875 0.32387501
0.060625002 -0.157125 0.32387501
0.060874999 -0.159125 0.32512501
0.060874999 -0.157875 0.32512501
0.063874997 -0.14812499 0.33412501
0.064125001 -0.14912499 0.33412501
0.064125001 -0.14912499 0.335125
0.064125001 -0.14912499 0.332625
0.064874999 -0.150875 0.33287501
0.064625002 -0.149875 0.332625
0.063874997 -0.150125 0.33087501
0.064374998 -0.150875 0.33212501
0.064125001 -0.149875 0.33212501
0.064374998 -0.14912499 0.33787501
0.064125001 -0.14912499 0.337125
0.064625002 -0.149875 0.335875
0.064125001 -0.14912499 0.335875
0.064625002 -0.149875 0.337125
0.064374998 -0.149875 0.33787501
0.064874999 -0.151125 0.337125
0.064874999 -0.150125 0.33412501
0.064625002 -0.150125 0.335125
0.065125003 -0.150875 0.335125
0.065624997 -0.152125 0.335875
0.064874999 -0.150875 0.335875
0.065624997 -0.152125 0.335125
0.064874999 -0.152125 0.332625
0.065375 -0.152125 0.33412501
0.065125003 -0.150875 0.33412501
0.063124999 -0.153125 0.32887501
0.060874999 -0.150125 0.32187501
0.060625002 -0.14912499 0.319875
0.059625 -0.153125 0.319875
0.059875 -0.153125 0.321125
0.059875 -0.152125 0.321125
0.060125001 -0.153375 0.32187501
0.060125001 -0.152125 0.32187501
0.064125001 -0.150875 0.330625
0.064625002 -0.152125 0.33212501
0.062875003 -0.152125 0.32862499
0.063625 -0.153125 0.330125
0.063625 -0.152125 0.330125
0.063625 -0.150875 0.330125
0.064125001 -0.153125 0.330625
0.063375004 -0.14912499 0.330125
0.063625 -0.14912499 0.330625
0.063375004 -0.149875 0.32862499
0.063375004 -0.14912499 0.32862499
0.063625 -0.149875 0.330125
0.064125001 -0.152125 0.330625
0.064625002 -0.153125 0.33212501
0.062624998 -0.153125 0.328125
0.062624998 -0.149875 0.32587501
0.062624998 -0.150875 0.326875
0.060625002 -0.150875 0.323125
0.061375 -0.150875 0.32387501
0.061875001 -0.149875 0.32387501
0.062375002 -0.14912499 0.32387501
0.061875001 -0.150875 0.32512501
0.062375002 -0.149875 0.32512501
0.062875003 -0.149875 0.326875
0.062875003 -0.152125 0.328125
0.062624998 -0.150875 0.328125
0.062875003 -0.149875 0.32787499
0.063375004 -0.150875 0.32862499
0.061875001 -0.152125 0.32587501
0.060375001 -0.153125 0.323125
0.060625002 -0.152125 0.323125
0.060874999 -0.153125 0.32387501
0.060874999 -0.152375 0.32387501
0.061375 -0.153125 0.32512501
0.061375 -0.152125 0.32512501
0.062375002 -0.150875 0.32587501
0.062375002 -0.152125 0.326875
0.059875 -0.152125 0.319875
0.060125001 -0.151125 0.319875
0.060375001 -0.150875 0.321125
0.061625 -0.153125 0.32587501
0.062125001 -0.153125 0.32662499
0.060625002 -0.149875 0.319875
0.060874999 -0.149875 0.321125
0.061375 -0.14912499 0.321125
0.060625002 -0.150875 0.32187501
0.062875003 -0.14912499 0.326875
0.062875003 -0.14812499 0.32787499
0.063124999 -0.14812499 0.32887501
0.062375002 -0.14812499 0.32387501
0.064625002 -0.150875 0.33787501
0.064874999 -0.152125 0.33787501
0.065125003 -0.152125 0.337125
0.065375 -0.153125 0.33787501
0.064874999 -0.153125 0.332625
0.065375 -0.153125 0.33412501
0.065624997 -0.153125 0.335125
0.062624998 -0.14812499 0.32512501
0.062875003 -0.14812499 0.32587501
0.062875003 -0.14812499 0.326875
0.065624997 -0.153125 0.337125
0.065875001 -0.153125 0.335875
0.061625 -0.14912499 0.32187501
0.061375 -0.14812499 0.319875
0.061625 -0.14812499 0.321125
0.062375002 -0.14812499 0.323125
