# .PCD v0.7 - Point Cloud Data file format
VERSION 0.7
FIELDS x y z
SIZE 4 4 4
TYPE F F F
COUNT 1 1 1
WIDTH 3355
HEIGHT 1
VIEWPOINT 0 0 0 1 0 0 0
POINTS 3355
DATA ascii
0.078874998 -0.026125001 0.47812501
0.078874998 -0.026875 0.477375
0.080124997 -0.026374999 0.47787499
0.079875 -0.027875001 0.47687501
0.078625001 -0.027875001 0.47687501
0.080124997 -0.026875 0.47762501
0.081124999 -0.026875 0.47762501
0.081124999 -0.027875001 0.47712499
0.082874998 -0.026125001 0.47787499
0.081874996 -0.026374999 0.47787499
0.081124999 -0.026374999 0.47812501
0.081874996 -0.026875 0.47762501
0.083125003 -0.026875 0.477375
0.081874996 -0.027875001 0.477375
0.083125003 -0.027875001 0.477375
0.083875 -0.027875001 0.47712499
0.083125003 -0.028875001 0.477375
0.083875 -0.028875001 0.477375
0.085124999 -0.028875001 0.477375
0.085124999 -0.027875001 0.47712499
0.083875 -0.026125001 0.47787499
0.083875 -0.026875 0.477375
0.085124999 -0.026875 0.47712499
0.085874997 -0.027124999 0.476625
0.084875003 -0.026125001 0.47787499
0.085874997 -0.026125001 0.477375
0.087125003 -0.026374999 0.47687501
0.087875001 -0.026125001 0.47687501
0.088124998 -0.027875001 0.47687501
0.085874997 -0.028875001 0.47712499
0.085874997 -0.027875001 0.47712499
0.087125003 -0.027875001 0.47687501
0.087125003 -0.026875 0.47687501
0.088124998 -0.026875 0.47687501
0.090125002 -0.028875001 0.47637501
0.088875003 -0.027875001 0.476625
0.090125002 -0.027875001 0.47637501
0.088875003 -0.026125001 0.47637501
0.090125002 -0.026125001 0.476125
0.088875003 -0.026875 0.476625
0.090125002 -0.026875 0.47637501
0.090875 -0.026125001 0.47562501
0.092124999 -0.026125001 0.475375
0.092874996 -0.026125001 0.475375
0.090875 -0.026875 0.47587499
0.092124999 -0.026875 0.47562501
0.092874996 -0.026875 0.475375
0.092874996 -0.028875001 0.47562501
0.092874996 -0.027875001 0.47562501
0.094125003 -0.027875001 0.47562501
0.094875 -0.028875001 0.47562501
0.094125003 -0.026125001 0.475375
0.094875 -0.026125001 0.47562501
0.094875 -0.026875 0.47562501
0.095875002 -0.026125001 0.47562501
0.097625002 -0.026125001 0.476125
0.095875002 -0.028875001 0.47587499
0.094875 -0.027875001 0.47562501
0.095875002 -0.027875001 0.47587499
0.064874999 -0.027875001 0.46562499
0.064125001 -0.026875 0.46537501
0.064874999 -0.026875 0.46537501
0.064125001 -0.026125001 0.46512499
0.064874999 -0.026125001 0.46562499
0.065624997 -0.026125001 0.465875
0.065875001 -0.026125001 0.46687499
0.065875001 -0.026875 0.465875
0.066875003 -0.027124999 0.467125
0.065624997 -0.028875001 0.46612501
0.065875001 -0.027875001 0.465875
0.067625001 -0.027875001 0.467125
0.067125 -0.028875001 0.46687499
0.066875003 -0.027875001 0.46612501
0.066624999 -0.026125001 0.467875
0.067125 -0.026125001 0.46887499
0.067374997 -0.026125001 0.46987501
0.067874998 -0.026125001 0.47087499
0.068875 -0.026374999 0.47187501
0.067874998 -0.027124999 0.469625
0.068875 -0.027124999 0.47112501
0.069624998 -0.026125001 0.47312501
0.067125 -0.026875 0.467875
0.067625001 -0.027124999 0.469125
0.068125002 -0.027875001 0.467875
0.068875 -0.028124999 0.469125
0.071125001 -0.026125001 0.47462499
0.071874999 -0.026125001 0.475375
0.071874999 -0.026875 0.47462499
0.072875001 -0.027124999 0.47512501
0.069624998 -0.027124999 0.47187501
0.069875002 -0.027875001 0.47087499
0.069875002 -0.026875 0.472875
0.070124999 -0.026125001 0.47387499
0.071125001 -0.026875 0.47387499
0.070874996 -0.028875001 0.47112501
0.071874999 -0.028875001 0.47187501
0.071874999 -0.028124999 0.47312501
0.071125001 -0.027375 0.47312501
0.072624996 -0.028124999 0.474125
0.071874999 -0.027625 0.47387499
0.072624996 -0.028875001 0.47312501
0.069124997 -0.028875001 0.46887499
0.069875002 -0.028875001 0.46987501
0.073124997 -0.028875001 0.47387499
0.074124999 -0.028875001 0.47437501
0.060874999 -0.026125001 0.46437499
0.072624996 -0.026374999 0.476125
0.074124999 -0.026125001 0.476625
0.074124999 -0.027875001 0.47462499
0.073875003 -0.027124999 0.476125
0.075874999 -0.028124999 0.476125
0.074874997 -0.027875001 0.47587499
0.074874997 -0.026875 0.476625
0.074625 -0.026374999 0.47687501
0.076125003 -0.026125001 0.47762501
0.076875001 -0.026125001 0.47787499
0.076125003 -0.026875 0.47687501
0.076875001 -0.027124999 0.47687501
0.076875001 -0.027875001 0.47637501
0.078125 -0.027875001 0.476625
0.069875002 0.0098750005 0.45912501
0.068875 0.0093750004 0.460125
0.067874998 0.0098750005 0.45587501
0.068875 0.0098750005 0.455625
0.067874998 0.0098750005 0.45712501
0.069624998 0.006875 0.471625
0.069124997 0.006875 0.47312501
0.069875002 0.006875 0.47312501
0.069875002 0.0066249999 0.47387499
0.067874998 0.007125 0.47112501
0.068875 0.007125 0.47112501
0.067874998 0.006875 0.47187501
0.071125001 0.007125 0.47112501
0.071125001 0.006875 0.47187501
0.071874999 0.007125 0.47187501
0.071125001 0.006875 0.47312501
0.071874999 0.006875 0.47312501
0.071125001 0.0066249999 0.47387499
0.071874999 0.0066249999 0.47387499
0.072875001 0.0066249999 0.47387499
0.071125001 0.007375 0.46987501
0.071874999 0.007375 0.46987501
0.072875001 0.007375 0.46987501
0.074124999 0.0076250001 0.46987501
0.074874997 0.0076250001 0.46987501
0.071874999 0.007125 0.47112501
0.072875001 0.007375 0.47112501
0.074124999 0.007375 0.47112501
0.072875001 0.007125 0.47187501
0.074124999 0.007125 0.47187501
0.072875001 0.006875 0.472875
0.069875002 0.0053750002 0.47887501
0.071125001 0.0056250002 0.47887501
0.071874999 0.0056250002 0.47887501
0.092874996 -0.018874999 0.475375
0.071125001 0.0053750002 0.48012501
0.071874999 0.0053750002 0.48012501
0.069875002 0.0053750002 0.47787499
0.071125001 0.0056250002 0.47787499
0.093874998 -0.018124999 0.47462499
0.094125003 -0.017124999 0.474875
0.094875 -0.017124999 0.474875
0.094875 -0.016124999 0.474875
0.071874999 0.0058749998 0.47787499
0.072875001 0.0056250002 0.478625
0.072875001 0.0056250002 0.48012501
0.073875003 0.0058749998 0.47887501
0.074124999 0.0063749999 0.47787499
0.092124999 0.0038749999 0.47687501
0.091875002 0.003125 0.47687501
0.091875002 0.0021250001 0.47687501
0.093374997 0.0021250001 0.474875
0.092625 0.0021250001 0.47587499
0.092625 0.002875 0.47587499
0.060375001 0.0021250001 0.46487501
0.061375 0.00012500001 0.46412501
0.060625002 0.00087500003 0.46487501
0.061375 0.00087500003 0.462125
0.069624998 0.010125 0.45587501
0.069875002 0.0098750005 0.45712501
0.060874999 0.001125 0.462625
0.060874999 0.00087500003 0.463875
0.060625002 0.0021250001 0.46412501
0.061625 -0.001125 0.46487501
0.060874999 0.00012500001 0.46487501
0.062125001 -0.0021250001 0.46612501
0.061875001 -0.001125 0.46287501
0.061625 -0.001125 0.46412501
0.053624999 -0.0021250001 0.458125
0.053125001 -0.003125 0.45787501
0.094125003 -0.0021250001 0.474125
0.094125003 -0.001125 0.474125
0.094875 -0.001125 0.47337499
0.094125003 -0.003125 0.474125
0.094875 -0.0021250001 0.473625
0.095875002 -0.0021250001 0.47387499
0.095875002 -0.001125 0.47337499
0.053125001 -0.0021250001 0.457625
0.053125001 -0.001125 0.45737499
0.053874999 -0.001125 0.45787501
0.053624999 0.00012500001 0.457625
0.053624999 -0.003125 0.45837501
0.055125002 -0.0021250001 0.45862499
0.055125002 -0.0033750001 0.458875
0.055125002 -0.00012500001 0.45787501
0.055125002 -0.001125 0.45837501
0.055875 -0.001125 0.45862499
0.055875 0.00012500001 0.45787501
0.055875 -0.0023749999 0.458875
0.057124998 -0.001125 0.458875
0.056875002 -0.003125 0.45937499
0.057124998 -0.0021250001 0.45912501
0.056875002 0.00012500001 0.458125
0.057624999 0.00012500001 0.45787501
0.056875002 0.00087500003 0.457625
0.057875 0.00087500003 0.457625
0.058874998 0.00012500001 0.45787501
0.058874998 0.00087500003 0.457625
0.058874998 0.0021250001 0.45712501
0.060125001 0.0021250001 0.45712501
0.057875 -0.001125 0.458875
0.058874998 -0.001125 0.45862499
0.060125001 -0.001375 0.458875
0.060125001 0.00012500001 0.45837501
0.060125001 0.00087500003 0.45787501
0.058874998 0.003125 0.45612499
0.054875001 -0.004125 0.45912501
0.056875002 -0.0048750001 0.460125
0.056875002 -0.004125 0.45962501
0.055875 -0.003125 0.45937499
0.055125002 -0.0048750001 0.45912501
0.055875 -0.0051250001 0.45962501
0.055875 -0.004125 0.45937499
0.057875 -0.003125 0.45937499
0.057875 -0.0021250001 0.45912501
0.058874998 -0.0021250001 0.45912501
0.058874998 -0.004125 0.45962501
0.058874998 -0.003125 0.45937499
0.057875 -0.0091249999 0.460875
0.057875 -0.0081249997 0.46062499
0.057875 -0.007125 0.46062499
0.057875 -0.0048750001 0.460125
0.057875 -0.004125 0.45962501
0.058874998 -0.0051250001 0.45987499
0.058874998 -0.0058749998 0.46037501
0.060125001 -0.0058749998 0.46037501
0.060874999 -0.001375 0.458875
0.060125001 -0.0021250001 0.45937499
0.061875001 -0.001125 0.462125
0.061625 0.00012500001 0.462125
0.061375 0.00012500001 0.462625
0.061625 0.00012500001 0.46062499
0.097125001 -0.001125 0.473625
0.060874999 0.00012500001 0.45837501
0.061625 -0.001125 0.460125
0.060125001 -0.003125 0.45962501
0.060874999 -0.0021250001 0.45937499
0.060125001 -0.004125 0.45962501
0.060874999 -0.003125 0.45987499
0.059875 -0.0048750001 0.45987499
0.060625002 -0.004125 0.45987499
0.060874999 -0.0051250001 0.46037501
0.061875001 -0.0021250001 0.460875
0.061875001 -0.001125 0.460875
0.062125001 -0.0021250001 0.46412501
0.062125001 -0.0021250001 0.46487501
0.061875001 -0.0021250001 0.462125
0.062125001 -0.003125 0.46287501
0.061875001 -0.0021250001 0.46287501
0.062125001 -0.003125 0.46412501
0.062125001 -0.003125 0.46487501
0.061625 -0.0021250001 0.460125
0.060375001 0.0058749998 0.46487501
0.060125001 0.0058749998 0.46612501
0.101125 -0.003125 0.474875
0.101875 -0.003125 0.474875
0.101875 -0.0051250001 0.475375
0.101875 0.00012500001 0.47312501
0.101625 -0.001125 0.47387499
0.101875 -0.0021250001 0.47462499
0.101875 -0.0083750002 0.47587499
0.101875 -0.006875 0.47587499
0.101125 -0.0058749998 0.47562501
0.101875 -0.0058749998 0.47562501
0.101125 -0.0051250001 0.475375
0.060874999 0.006875 0.46612501
0.060874999 0.0066249999 0.467125
0.060874999 0.006875 0.46487501
0.060375001 0.0058749998 0.467125
0.060375001 0.0058749998 0.467875
0.060125001 0.0048750001 0.469125
0.059875 0.0048750001 0.467125
0.059875 0.0048750001 0.467875
0.060874999 0.0058749998 0.469125
0.060874999 0.0058749998 0.46987501
0.062125001 0.006875 0.467125
0.094875 -0.018124999 0.474875
0.095875002 -0.018874999 0.475375
0.095875002 -0.018124999 0.475375
0.095875002 -0.017124999 0.475375
0.091124997 -0.023125 0.476125
0.092124999 -0.023125 0.47562501
0.092874996 -0.021875 0.47512501
0.062875003 0.001125 0.474125
0.063874997 0.00012500001 0.474875
0.064625002 0.00012500001 0.476125
0.093625002 -0.004125 0.474875
0.061875001 0.00087500003 0.47312501
0.062624998 -0.00012500001 0.474125
0.093625002 -0.0051250001 0.474875
0.065624997 0.0048750001 0.476125
0.066875003 0.0053750002 0.47587499
0.067874998 0.0056250002 0.47587499
0.067874998 0.0053750002 0.47687501
0.067874998 0.0046250001 0.47787499
0.094125003 -0.004125 0.47437501
0.066875003 0.0038749999 0.47812501
0.094125003 -0.0051250001 0.47437501
0.067125 0.0046250001 0.476625
0.069124997 -0.011375 0.47787499
0.071125001 -0.013875 0.47887501
0.070874996 -0.012875 0.47887501
0.070874996 -0.011875 0.47912499
0.069624998 -0.011875 0.47812501
0.071874999 -0.011875 0.479875
0.071125001 -0.010125 0.479875
0.071125001 -0.011375 0.47962499
0.071625002 -0.011125 0.48012501
0.071874999 -0.010375 0.48037499
0.071874999 -0.013875 0.479375
0.072875001 -0.013875 0.479875
0.074124999 -0.013875 0.48037499
0.071874999 -0.012875 0.47962499
0.072624996 -0.012875 0.48012501
0.073875003 -0.015125 0.48012501
0.072875001 -0.014875 0.47962499
0.074874997 -0.016124999 0.48012501
0.074124999 -0.016375 0.47962499
0.076125003 -0.011375 0.48162499
0.076125003 -0.010125 0.481875
0.074874997 -0.0091249999 0.481875
0.076125003 -0.0091249999 0.48212501
0.074874997 -0.0081249997 0.48212501
0.076125003 -0.0081249997 0.482375
0.071874999 -0.0083750002 0.48087499
0.067874998 0.0058749998 0.47462499
0.068875 0.0056250002 0.47587499
0.092874996 -0.023375001 0.474875
0.093874998 -0.021875 0.474875
0.093874998 -0.020874999 0.47462499
0.093874998 -0.019874999 0.47462499
0.093874998 -0.018874999 0.47462499
0.094875 -0.018874999 0.474875
0.094625004 -0.019874999 0.474875
0.095875002 -0.019874999 0.475375
0.062875003 0.0066249999 0.467875
0.060874999 0.0063749999 0.467875
0.062125001 0.0066249999 0.467875
0.062125001 0.0063749999 0.469125
0.094625004 -0.020874999 0.474875
0.092124999 -0.024125 0.475375
0.060375001 0.0058749998 0.46412501
0.092625 -0.024125 0.47462499
0.092625 -0.025125001 0.474875
0.060874999 0.007125 0.46412501
0.060375001 0.0058749998 0.462625
0.060874999 0.006875 0.46287501
0.060874999 0.006875 0.462125
0.060375001 0.0038749999 0.46412501
0.060125001 0.0048750001 0.46412501
0.060375001 0.002875 0.46487501
0.060125001 0.0038749999 0.46487501
0.060125001 0.0048750001 0.46487501
0.059875 0.0048750001 0.46612501
0.060625002 0.0038749999 0.462125
0.060625002 0.002875 0.462625
0.060375001 0.0038749999 0.462625
0.060375001 0.0048750001 0.462625
0.060375001 0.002875 0.46412501
0.060874999 0.0021250001 0.462125
0.060874999 0.003125 0.46187499
0.060874999 0.0021250001 0.46287501
0.072875001 -0.0081249997 0.48137501
0.062125001 0.0076250001 0.46412501
0.062125001 0.007375 0.46487501
0.074124999 -0.0081249997 0.481875
0.072875001 -0.006875 0.481875
0.072875001 -0.010125 0.48087499
0.093874998 -0.024125 0.474875
0.061875001 0.007125 0.46612501
0.094125003 -0.023125 0.474875
0.062875003 0.006875 0.46687499
0.094875 -0.023125 0.475375
0.094125003 -0.025125001 0.47512501
0.094875 -0.024125 0.475375
0.090125002 0.00012500001 0.47812501
0.097125001 -0.0021250001 0.47387499
0.094875 -0.025125001 0.47562501
0.095875002 -0.024125 0.47562501
0.090125002 0.00087500003 0.47812501
0.097125001 -0.004125 0.47462499
0.097874999 -0.025125001 0.476125
0.090875 0.00012500001 0.47762501
0.090875 0.00087500003 0.47762501
0.064125001 0.007375 0.465875
0.091875002 0.001125 0.47687501
0.062875003 0.007125 0.46612501
0.062875003 0.007375 0.46487501
0.092625 0.00012500001 0.47587499
0.091624998 0.00012500001 0.476625
0.065875001 0.0076250001 0.465875
0.064874999 0.0078750001 0.46487501
0.095875002 -0.025125001 0.47562501
0.062125001 0.0078750001 0.462125
0.062125001 0.0076250001 0.462625
0.097125001 -0.025125001 0.47587499
0.097125001 -0.024125 0.47587499
0.095875002 -0.023125 0.47562501
0.094875 -0.021875 0.47512501
0.095875002 -0.021875 0.47562501
0.095875002 -0.020874999 0.475375
0.062875003 0.0076250001 0.46412501
0.068875 0.0056250002 0.47687501
0.069875002 0.0056250002 0.47687501
0.068875 0.0053750002 0.47787499
0.069124997 0.0061249998 0.474875
0.064125001 0.0078750001 0.46412501
0.069624998 0.0058749998 0.476125
0.063874997 0.0081249997 0.46287501
0.065875001 0.0056250002 0.474875
0.066875003 0.0056250002 0.474875
0.066875003 0.0066249999 0.47187501
0.065875001 0.0061249998 0.47312501
0.066875003 0.0063749999 0.47312501
0.065624997 0.0056250002 0.47387499
0.066875003 0.0058749998 0.47387499
0.067874998 0.0063749999 0.47387499
0.068875 0.0066249999 0.47387499
0.062875003 0.0081249997 0.462125
0.071874999 -0.0091249999 0.480625
0.072624996 -0.0091249999 0.48087499
0.076875001 -0.0058749998 0.48287499
0.076875001 -0.0048750001 0.483125
0.078125 -0.0051250001 0.48337501
0.078625001 -0.010375 0.481875
0.078125 -0.0091249999 0.482375
0.078874998 -0.0091249999 0.482375
0.078125 -0.0081249997 0.48262501
0.076875001 -0.006875 0.48287499
0.078125 -0.0061249998 0.483125
0.078125 -0.007125 0.48262501
0.074874997 -0.012125 0.48087499
0.073875003 -0.011125 0.48087499
0.076125003 -0.011875 0.48137501
0.072875001 -0.011375 0.480625
0.074874997 -0.011375 0.48137501
0.074124999 -0.010375 0.48137501
0.074874997 -0.010375 0.48162499
0.074124999 -0.0091249999 0.48162499
0.074874997 -0.013875 0.480625
0.095875002 -0.003125 0.474125
0.097125001 -0.003125 0.47437501
0.094875 -0.0051250001 0.47437501
0.095875002 -0.0051250001 0.47462499
0.094875 -0.004125 0.474125
0.095875002 -0.004125 0.47437501
0.094875 -0.0033750001 0.47387499
0.074124999 -0.012875 0.480625
0.074874997 -0.012875 0.48087499
0.075874999 -0.012875 0.48087499
0.083875 -0.013875 0.48037499
0.085124999 -0.013875 0.48012501
0.085874997 -0.013875 0.479875
0.072875001 -0.011875 0.48037499
0.074124999 -0.011875 0.480625
0.074874997 -0.014875 0.48037499
0.076125003 -0.014875 0.480625
0.076125003 -0.013875 0.48087499
0.076875001 -0.013875 0.48087499
0.076125003 -0.016375 0.48037499
0.076875001 -0.016375 0.48037499
0.078125 -0.016375 0.48037499
0.076875001 -0.014875 0.480625
0.087875001 -0.012875 0.47887501
0.078125 -0.014875 0.48087499
0.078125 -0.014125 0.48087499
0.078625001 -0.014125 0.48087499
0.076875001 -0.012875 0.48137501
0.078125 -0.012875 0.48137501
0.078874998 -0.012875 0.48137501
0.078125 -0.011875 0.48162499
0.078874998 -0.011875 0.48162499
0.076875001 -0.010125 0.481875
0.076875001 -0.011875 0.48162499
0.062875003 0.0078750001 0.462625
0.076875001 -0.011125 0.481875
0.097125001 -0.023125 0.47587499
0.097125001 -0.021875 0.47562501
0.062875003 0.0083750002 0.46062499
0.078125 -0.011125 0.481875
0.064125001 0.0083750002 0.462125
0.064125001 0.0086249998 0.460125
0.064874999 0.0088750003 0.460125
0.078874998 -0.011125 0.481875
0.078125 -0.010375 0.481875
0.076875001 -0.0091249999 0.482375
0.076875001 -0.0081249997 0.48262501
0.081124999 -0.0091249999 0.481875
0.080124997 -0.0081249997 0.482375
0.081124999 -0.0081249997 0.481875
0.080124997 -0.007125 0.482375
0.081124999 -0.006875 0.48212501
0.081124999 -0.0058749998 0.482375
0.080124997 -0.010125 0.481875
0.080124997 -0.0091249999 0.48212501
0.078874998 -0.0081249997 0.48262501
0.083125003 -0.012875 0.48087499
0.088875003 -0.004125 0.478625
0.081124999 -0.011875 0.48137501
0.081874996 -0.011875 0.48137501
0.080124997 -0.011125 0.481875
0.090125002 -0.0021250001 0.47812501
0.081124999 -0.011375 0.48162499
0.081124999 -0.010125 0.481875
0.083125003 -0.012125 0.48087499
0.081874996 -0.011375 0.48137501
0.083125003 -0.011125 0.481125
0.080124997 -0.014125 0.48087499
0.081124999 -0.013875 0.48087499
0.078874998 -0.014875 0.48087499
0.080124997 -0.014875 0.480625
0.081124999 -0.014875 0.480625
0.080124997 -0.012875 0.48137501
0.064125001 0.0083750002 0.46062499
0.064874999 0.0086249998 0.46062499
0.065875001 0.0091249999 0.460125
0.065875001 0.0091249999 0.45912501
0.064874999 0.0083750002 0.462125
0.064874999 0.0081249997 0.46287501
0.064625002 0.0081249997 0.46412501
0.064125001 0.0076250001 0.46487501
0.065875001 0.0081249997 0.46412501
0.065624997 0.0078750001 0.464625
0.067125 0.0078750001 0.464625
0.067874998 0.0078750001 0.46487501
0.090125002 -0.001125 0.47812501
0.097874999 -0.024125 0.47587499
0.097874999 -0.023125 0.47587499
0.097125001 -0.020874999 0.47562501
0.069124997 0.0078750001 0.46487501
0.098875001 -0.021875 0.476125
0.099124998 -0.020874999 0.47587499
0.064125001 0.0066249999 0.469125
0.064874999 0.006875 0.46887499
0.099875003 -0.024125 0.47637501
0.098875001 -0.023125 0.476125
0.099875003 -0.023125 0.476125
0.097874999 -0.021875 0.47587499
0.099875003 -0.021875 0.476125
0.097874999 -0.020874999 0.47587499
0.095875002 -0.016375 0.475375
0.072875001 0.0061249998 0.47812501
0.091124997 -0.0021250001 0.47712499
0.091624998 -0.001125 0.476625
0.090125002 -0.003125 0.47812501
0.097125001 0.0021250001 0.47112501
0.095875002 0.0038749999 0.467875
0.097125001 0.004375 0.467125
0.097874999 0.004375 0.467125
0.096874997 0.0038749999 0.467875
0.097125001 0.0036249999 0.469125
0.097874999 0.0036249999 0.469125
0.097125001 0.002875 0.46987501
0.099124998 0.004375 0.467125
0.097874999 0.0038749999 0.467875
0.099124998 0.0038749999 0.467875
0.099124998 0.0036249999 0.469125
0.099875003 0.0038749999 0.467875
0.100875 0.0038749999 0.467875
0.097874999 0.003125 0.46987501
0.099124998 0.003125 0.46987501
0.099875003 0.0036249999 0.469125
0.101125 0.0036249999 0.469125
0.099875003 0.003125 0.46987501
0.101875 0.0036249999 0.469125
0.100875 0.003125 0.46987501
0.095875002 -0.00012500001 0.472875
0.097125001 -0.00012500001 0.472875
0.099124998 0.00087500003 0.472875
0.097874999 0.00012500001 0.47312501
0.099124998 -0.001125 0.47387499
0.097874999 -0.001125 0.473625
0.099124998 0.00012500001 0.47337499
0.099875003 -0.001125 0.474125
0.099875003 -0.0021250001 0.47462499
0.099875003 0.00087500003 0.472875
0.101125 0.00087500003 0.472875
0.101125 -0.001125 0.474125
0.099875003 0.00012500001 0.47337499
0.101125 0.00012500001 0.47337499
0.097874999 0.0021250001 0.47112501
0.099124998 0.0023749999 0.47112501
0.099875003 0.002625 0.47112501
0.099124998 0.001875 0.471625
0.101125 0.002625 0.47112501
0.099875003 0.001875 0.471625
0.101125 0.001875 0.471625
0.101875 0.003125 0.46987501
0.101875 0.001875 0.471625
0.101875 0.00087500003 0.47262499
0.101875 0.0038749999 0.467875
0.072875001 0.0063749999 0.47587499
0.067874998 0.0096249999 0.457625
0.092124999 -0.0021250001 0.476625
0.090875 -0.001125 0.477375
0.072875001 0.0063749999 0.47687501
0.069124997 0.0098750005 0.45787501
0.074124999 0.0066249999 0.47687501
0.074874997 0.0063749999 0.47787499
0.074874997 0.0066249999 0.47687501
0.076125003 0.0066249999 0.47687501
0.074874997 0.0056250002 0.479875
0.069875002 0.0098750005 0.45787501
0.090125002 -0.0058749998 0.47812501
0.071125001 0.010125 0.45712501
0.070874996 0.010125 0.45787501
0.071125001 0.0098750005 0.458875
0.069875002 0.0096249999 0.460125
0.071125001 0.0098750005 0.460125
0.071874999 0.010125 0.45912501
0.072875001 0.010125 0.45912501
0.076125003 0.0061249998 0.48012501
0.076875001 0.0063749999 0.48012501
0.078125 0.0063749999 0.48012501
0.074874997 0.0058749998 0.48087499
0.076125003 0.0056250002 0.480625
0.076125003 0.0063749999 0.47787499
0.074874997 0.0061249998 0.47887501
0.076125003 0.0063749999 0.47887501
0.076875001 0.0063749999 0.47887501
0.078874998 0.007375 0.47587499
0.076875001 0.0066249999 0.47687501
0.078125 0.006875 0.47687501
0.078874998 0.007125 0.47687501
0.074124999 0.010125 0.45912501
0.089874998 -0.0048750001 0.47787499
0.076875001 0.0066249999 0.47787499
0.071874999 0.0098750005 0.460125
0.072875001 0.0098750005 0.45987499
0.078125 0.0066249999 0.47787499
0.078625001 0.006875 0.47787499
0.078125 0.0066249999 0.47887501
0.071874999 0.0098750005 0.460875
0.063874997 0.007125 0.467125
0.064125001 0.006875 0.46762499
0.064874999 0.007125 0.467875
0.064874999 0.0076250001 0.465875
0.064874999 0.007375 0.467125
0.065875001 0.007375 0.467125
0.065875001 0.007375 0.467875
0.066875003 0.0076250001 0.465875
0.067874998 0.0076250001 0.465875
0.066875003 0.007375 0.467125
0.067874998 0.007375 0.467125
0.067125 0.007125 0.467875
0.065875001 0.007125 0.469125
0.060874999 0.0038749999 0.460875
0.060625002 0.0048750001 0.462125
0.061875001 0.0048750001 0.458875
0.061375 0.0048750001 0.460125
0.101875 0.0023749999 0.47112501
0.060625002 0.0048750001 0.460875
0.060874999 0.0056250002 0.460875
0.060625002 0.0058749998 0.462125
0.078874998 0.011875 0.453125
0.078125 0.010625 0.457625
0.076125003 0.010125 0.45912501
0.076875001 0.010375 0.45912501
0.076125003 0.0098750005 0.460125
0.071874999 0.010125 0.45712501
0.074124999 0.006875 0.474875
0.074874997 0.010375 0.45712501
0.074874997 0.006875 0.474875
0.076125003 0.010625 0.45712501
0.076875001 0.010625 0.45712501
0.076125003 0.010375 0.457625
0.072875001 0.010375 0.45712501
0.074124999 0.010375 0.45712501
0.071874999 0.010125 0.45787501
0.072875001 0.010125 0.45787501
0.074124999 0.010375 0.457625
0.074874997 0.010375 0.457625
0.068875 0.010125 0.45487499
0.069875002 0.010125 0.455125
0.071125001 0.010625 0.455125
0.069875002 0.010125 0.45387501
0.071125001 0.010625 0.45387501
0.071874999 0.010875 0.453125
0.074124999 0.0066249999 0.47587499
0.074874997 0.006875 0.476125
0.076125003 0.007375 0.47312501
0.076875001 0.0076250001 0.47312501
0.071874999 0.010875 0.45387501
0.074124999 0.006875 0.474125
0.071874999 0.010875 0.455125
0.072875001 0.010875 0.45487499
0.071125001 0.010375 0.45587501
0.074625 0.007125 0.474125
0.076125003 0.007375 0.47387499
0.075874999 0.007125 0.474875
0.076875001 0.006875 0.47587499
0.076125003 0.006875 0.476125
0.078125 0.007125 0.476125
0.078125 0.0078750001 0.47312501
0.076875001 0.007375 0.47387499
0.078125 0.0076250001 0.47387499
0.078874998 0.0078750001 0.474125
0.076875001 0.007125 0.474875
0.078125 0.007375 0.474875
0.078874998 0.0076250001 0.474875
0.076875001 0.0078750001 0.47087499
0.074124999 0.006875 0.472875
0.076125003 0.0078750001 0.46987501
0.074874997 0.007375 0.47112501
0.076125003 0.0076250001 0.47112501
0.074874997 0.007375 0.47187501
0.076125003 0.0076250001 0.47187501
0.076875001 0.0078750001 0.47187501
0.077875003 0.0081249997 0.47187501
0.099875003 -0.016124999 0.476125
0.074874997 0.007125 0.47312501
0.078874998 0.0078750001 0.472875
0.097125001 -0.018874999 0.47562501
0.097125001 -0.018124999 0.47562501
0.097874999 -0.018124999 0.47587499
0.097125001 -0.017124999 0.47562501
0.097874999 -0.017124999 0.47562501
0.099124998 -0.017124999 0.47587499
0.097874999 -0.016375 0.47562501
0.099124998 -0.016124999 0.47587499
0.101125 -0.016124999 0.476125
0.101875 -0.014875 0.47637501
0.080124997 0.0081249997 0.47312501
0.081124999 0.0081249997 0.47312501
0.081874996 0.0081249997 0.47312501
0.083125003 0.0083750002 0.47312501
0.099875003 -0.014875 0.47587499
0.080124997 0.0078750001 0.474125
0.081124999 0.0078750001 0.47387499
0.097125001 -0.016375 0.47562501
0.080124997 0.0076250001 0.474875
0.097125001 -0.014875 0.475375
0.097874999 -0.014875 0.47562501
0.099124998 -0.014875 0.47587499
0.101125 -0.014875 0.476125
0.072875001 0.0038749999 0.48387501
0.073875003 0.0038749999 0.48387501
0.073875003 0.0048750001 0.483125
0.074874997 0.0046250001 0.48387501
0.099875003 -0.020874999 0.476125
0.101125 -0.020874999 0.47637501
0.101875 -0.020874999 0.47637501
0.097125001 -0.019874999 0.47562501
0.097874999 -0.019874999 0.47587499
0.099124998 -0.019874999 0.47587499
0.099875003 -0.019874999 0.476125
0.101125 -0.019874999 0.47637501
0.101875 -0.019874999 0.47637501
0.097874999 -0.018874999 0.47587499
0.099124998 -0.018874999 0.47587499
0.099875003 -0.018874999 0.476125
0.101125 -0.018874999 0.476125
0.101875 -0.018874999 0.47637501
0.099124998 -0.018124999 0.47587499
0.099624999 -0.018124999 0.476125
0.101125 -0.018124999 0.476125
0.101875 -0.018124999 0.47637501
0.099624999 -0.017124999 0.476125
0.101125 -0.017124999 0.476125
0.101875 -0.017124999 0.47637501
0.101875 -0.016375 0.47637501
0.076125003 0.0048750001 0.48387501
0.074874997 0.0048750001 0.483125
0.074124999 0.0021250001 0.48387501
0.074874997 0.001875 0.48387501
0.074874997 0.0038749999 0.48412499
0.076125003 0.0038749999 0.48412499
0.074124999 0.003125 0.48412499
0.074874997 0.003125 0.48412499
0.076125003 0.003125 0.48412499
0.076125003 0.001875 0.48387501
0.076875001 0.003125 0.48412499
0.074874997 0.0056250002 0.481875
0.076125003 0.0053750002 0.483125
0.076875001 0.0053750002 0.483125
0.076875001 0.0058749998 0.48087499
0.078125 0.0058749998 0.48087499
0.076125003 0.0056250002 0.481875
0.076875001 0.0056250002 0.481875
0.078125 0.0058749998 0.481875
0.078874998 0.0058749998 0.481875
0.078125 0.0056250002 0.483125
0.078874998 0.0063749999 0.48087499
0.071874999 0.010375 0.45587501
0.072875001 0.011125 0.453125
0.072875001 0.011125 0.45387501
0.074124999 0.011125 0.45387501
0.072875001 0.010625 0.45587501
0.074124999 0.010625 0.45587501
0.074874997 0.010125 0.45912501
0.074124999 0.0098750005 0.45987499
0.074874997 0.0098750005 0.460125
0.072875001 0.0098750005 0.460875
0.074124999 0.0096249999 0.46062499
0.074874997 0.0096249999 0.46062499
0.074124999 0.011375 0.453125
0.074874997 0.011375 0.45387501
0.076125003 0.011375 0.45387501
0.076125003 0.011375 0.453125
0.074874997 0.011375 0.453125
0.080124997 0.0063749999 0.48087499
0.081124999 0.0066249999 0.48087499
0.080124997 0.0058749998 0.481875
0.076875001 0.0048750001 0.48387501
0.076875001 0.0038749999 0.48387501
0.078874998 0.0056250002 0.483125
0.078125 0.0048750001 0.48362499
0.081124999 0.0058749998 0.481875
0.079875 0.0046250001 0.48287499
0.078874998 0.0048750001 0.48337501
0.081124999 0.0048750001 0.48262501
0.081874996 0.0058749998 0.48162499
0.074874997 0.001125 0.48387501
0.074874997 0.00012500001 0.48362499
0.076125003 0.00012500001 0.48362499
0.076875001 -0.001125 0.48387501
0.076875001 0.0021250001 0.48387501
0.076125003 0.00087500003 0.48362499
0.076875001 0.00087500003 0.48362499
0.078125 0.001125 0.48387501
0.078125 0.003125 0.48387501
0.078125 0.0021250001 0.48387501
0.076875001 0.00012500001 0.48362499
0.078125 0.00012500001 0.48387501
0.078125 -0.001125 0.48387501
0.078874998 -0.001125 0.48387501
0.078874998 0.00012500001 0.48387501
0.078874998 0.001125 0.48387501
0.078874998 0.0021250001 0.48387501
0.074124999 0.010875 0.45487499
0.078125 0.0038749999 0.48387501
0.074874997 0.010875 0.455125
0.076125003 0.011125 0.455125
0.074874997 0.010625 0.45587501
0.076875001 0.011375 0.45387501
0.078125 0.011375 0.45387501
0.076875001 0.011375 0.455125
0.076875001 0.011375 0.453125
0.078125 0.011875 0.453125
0.088875003 -0.0051250001 0.478625
0.085625 -0.020874999 0.478625
0.085874997 -0.020125 0.47887501
0.087125003 -0.019874999 0.478625
0.085874997 -0.018874999 0.479375
0.086874999 -0.018874999 0.47887501
0.085874997 -0.018124999 0.479375
0.087125003 -0.018124999 0.47887501
0.085874997 -0.011875 0.479875
0.085874997 -0.011125 0.48012501
0.054875001 -0.018124999 0.460125
0.085874997 -0.010125 0.48012501
0.078874998 0.003125 0.48387501
0.080124997 0.002875 0.48362499
0.078874998 0.0038749999 0.48362499
0.080124997 0.0038749999 0.48337501
0.080875002 0.0036249999 0.48287499
0.087125003 -0.021875 0.47837499
0.087125003 -0.020874999 0.478625
0.088124998 -0.020874999 0.47787499
0.088124998 -0.019874999 0.47837499
0.088624999 -0.019874999 0.47787499
0.088124998 -0.018874999 0.478625
0.078125 -0.004125 0.48337501
0.078874998 -0.004125 0.48337501
0.078125 -0.003125 0.48362499
0.078874998 -0.003125 0.48362499
0.078125 -0.0021250001 0.48387501
0.078874998 -0.0021250001 0.48362499
0.081124999 0.002875 0.48337501
0.081625 0.003125 0.48287499
0.081874996 0.0038749999 0.482375
0.080124997 0.001125 0.48387501
0.080124997 0.0021250001 0.48387501
0.080124997 0.00012500001 0.48387501
0.081874996 0.001125 0.48287499
0.081124999 0.00012500001 0.48337501
0.081625 0.00012500001 0.48287499
0.081124999 0.00087500003 0.48337501
0.081874996 0.0021250001 0.48287499
0.083125003 0.00087500003 0.48212501
0.081124999 0.0021250001 0.48337501
0.083125003 0.0021250001 0.481875
0.083125003 0.003125 0.481875
0.065624997 -0.017124999 0.47112501
0.081124999 -0.0051250001 0.48262501
0.080124997 -0.003125 0.48337501
0.080124997 -0.0021250001 0.48362499
0.080124997 -0.001125 0.48387501
0.078625001 -0.0058749998 0.48287499
0.078874998 -0.0048750001 0.483125
0.078874998 -0.007125 0.48262501
0.080124997 -0.0058749998 0.48262501
0.079875 -0.0048750001 0.48287499
0.080124997 -0.004125 0.483125
0.080875002 -0.003125 0.48287499
0.081124999 -0.0021250001 0.483125
0.081124999 -0.001125 0.483125
0.081124999 -0.004125 0.48287499
0.081874996 -0.003125 0.482375
0.081874996 -0.0021250001 0.48262501
0.081874996 -0.001125 0.48262501
0.083125003 -0.001125 0.481875
0.080124997 0.007375 0.47587499
0.080124997 0.007375 0.47687501
0.079875 0.007125 0.47812501
0.078874998 0.0066249999 0.47887501
0.083125003 0.00012500001 0.48212501
0.081874996 -0.0051250001 0.481875
0.080124997 0.006875 0.47887501
0.082874998 -0.0021250001 0.481875
0.080875002 0.007125 0.47887501
0.083125003 -0.0051250001 0.48162499
0.081874996 -0.004125 0.481875
0.083125003 -0.004125 0.48162499
0.078874998 0.0066249999 0.48012501
0.082874998 -0.003125 0.481875
0.080124997 0.0066249999 0.48012501
0.081124999 0.006875 0.48012501
0.060125001 0.0038749999 0.46987501
0.081124999 0.007375 0.47687501
0.081874996 0.007375 0.47687501
0.081124999 0.007125 0.47812501
0.081874996 0.007375 0.47787499
0.083125003 0.0076250001 0.47787499
0.101875 -0.012875 0.47637501
0.100875 -0.011875 0.476125
0.101875 -0.011875 0.476125
0.100875 -0.011125 0.476125
0.083875 0.007125 0.48012501
0.099875003 -0.010125 0.47587499
0.101125 -0.010125 0.47587499
0.080124997 -0.023125 0.47887501
0.065875001 -0.016124999 0.471625
0.066875003 -0.017124999 0.47312501
0.081874996 0.0066249999 0.48087499
0.067374997 -0.017124999 0.47387499
0.078874998 -0.024125 0.478625
0.078874998 -0.023125 0.47887501
0.083125003 0.006875 0.480625
0.081874996 0.007125 0.48012501
0.081874996 0.007375 0.47887501
0.083125003 0.0076250001 0.47887501
0.083125003 0.007375 0.48012501
0.081124999 0.0076250001 0.47587499
0.081874996 0.0078750001 0.476125
0.078874998 -0.021875 0.47912499
0.080124997 -0.021875 0.479375
0.081124999 -0.021875 0.479375
0.078874998 -0.020874999 0.479375
0.078874998 -0.025125001 0.478625
0.080124997 -0.024125 0.47887501
0.083875 -0.025125001 0.47837499
0.080124997 -0.025125001 0.478625
0.081124999 -0.024125 0.47887501
0.081124999 -0.023375001 0.47887501
0.064625002 -0.014125 0.47112501
0.064874999 -0.011875 0.471625
0.065624997 -0.014875 0.47187501
0.065624997 -0.013875 0.47187501
0.060125001 0.0048750001 0.46987501
0.066875003 0.0021250001 0.47887501
0.067125 0.001125 0.478625
0.060625002 0.0048750001 0.47112501
0.060375001 0.0038749999 0.47112501
0.065375 -0.012875 0.47187501
0.060874999 0.0038749999 0.47187501
0.082874998 0.0081249997 0.476125
0.066624999 -0.016375 0.47312501
0.066375002 -0.014875 0.47312501
0.067874998 0.001125 0.48012501
0.065624997 -0.001375 0.47687501
0.065875001 -0.013875 0.472875
0.065624997 -0.013125 0.47312501
0.067625001 0.0038749999 0.47887501
0.067874998 0.002875 0.479875
0.067125 0.002875 0.478625
0.083875 0.0081249997 0.47812501
0.083875 0.0081249997 0.47687501
0.083125003 0.0076250001 0.47687501
0.085124999 0.0083750002 0.47687501
0.085124999 0.0083750002 0.47787499
0.085874997 0.0081249997 0.47887501
0.083875 0.0078750001 0.47887501
0.084875003 0.0081249997 0.47887501
0.086874999 0.0078750001 0.478625
0.085874997 0.0088750003 0.47812501
0.087125003 0.0088750003 0.47812501
0.085874997 0.0086249998 0.47687501
0.087125003 0.0088750003 0.47687501
0.087875001 0.0091249999 0.47687501
0.088124998 0.0086249998 0.47787499
0.081874996 0.0081249997 0.474125
0.081874996 0.0078750001 0.474875
0.083875 0.0086249998 0.47312501
0.083125003 0.0083750002 0.47387499
0.083875 0.0083750002 0.47387499
0.081124999 0.0078750001 0.474875
0.083125003 0.0081249997 0.474875
0.083875 0.0083750002 0.474875
0.085124999 0.0086249998 0.474875
0.083875 0.0083750002 0.47587499
0.085124999 0.0086249998 0.47587499
0.085124999 0.0086249998 0.47312501
0.085124999 0.0086249998 0.47387499
0.085874997 0.0088750003 0.474125
0.087125003 0.0091249999 0.474125
0.085874997 0.0088750003 0.474875
0.086874999 0.0091249999 0.47462499
0.088124998 0.0093750004 0.474875
0.088875003 0.0096249999 0.474875
0.085874997 0.0088750003 0.476125
0.085874997 0.0091249999 0.47312501
0.085124999 0.0088750003 0.47187501
0.085625 0.0091249999 0.47187501
0.087125003 0.0093750004 0.47187501
0.087125003 0.0093750004 0.47312501
0.088124998 0.0096249999 0.47312501
0.088124998 0.0093750004 0.47387499
0.086874999 0.0088750003 0.476125
0.088124998 0.0091249999 0.476125
0.088875003 0.0093750004 0.47587499
0.068875 0.0038749999 0.48012501
0.065624997 -0.011875 0.47312501
0.081874996 0.0048750001 0.481875
0.083125003 0.0048750001 0.481875
0.083125003 0.0038749999 0.481875
0.084875003 0.0046250001 0.48087499
0.083875 0.0048750001 0.48137501
0.083125003 0.0058749998 0.48137501
0.083875 0.0056250002 0.48087499
0.085124999 0.0058749998 0.480625
0.084875003 0.007125 0.48012501
0.085874997 0.0058749998 0.48012501
0.083875 0.0038749999 0.48162499
0.083875 0.0021250001 0.48162499
0.083875 0.002875 0.48162499
0.085124999 0.003125 0.48087499
0.085124999 0.0038749999 0.48087499
0.083875 -0.0051250001 0.48087499
0.084875003 -0.0021250001 0.48087499
0.085124999 -0.001125 0.48087499
0.067125 -0.016124999 0.47387499
0.067125 -0.014875 0.47387499
0.076875001 0.010625 0.457625
0.061875001 0.0048750001 0.47187501
0.061875001 0.0058749998 0.46987501
0.078874998 0.010875 0.45787501
0.065624997 -0.018124999 0.47112501
0.066875003 -0.013875 0.474125
0.078125 0.010375 0.45912501
0.068125002 -0.013875 0.47587499
0.078874998 0.010375 0.45912501
0.076875001 0.0098750005 0.45987499
0.066875003 -0.012875 0.474125
0.078125 0.0098750005 0.45987499
0.078874998 0.0098750005 0.45987499
0.080124997 0.0098750005 0.45987499
0.076875001 0.010875 0.45587501
0.062875003 0.0063749999 0.469125
0.062875003 0.0061249998 0.46987501
0.067874998 -0.012875 0.47587499
0.064874999 -0.014875 0.47087499
0.064125001 0.0063749999 0.46987501
0.062875003 0.0056250002 0.47087499
0.062125001 0.0056250002 0.47112501
0.064125001 0.0058749998 0.47112501
0.062875003 0.0056250002 0.47187501
0.061875001 0.002875 0.47312501
0.060874999 0.003125 0.47187501
0.065875001 -0.017124999 0.471625
0.061875001 0.0038749999 0.47312501
0.076125003 0.010875 0.455625
0.078125 0.010875 0.456875
0.078874998 0.011375 0.45387501
0.078125 0.011375 0.455125
0.078874998 0.011375 0.455125
0.078125 0.011125 0.45587501
0.078874998 0.011375 0.45587501
0.078625001 0.010875 0.45712501
0.080875002 0.010875 0.45787501
0.080124997 0.010875 0.457625
0.081874996 0.010875 0.45787501
0.080124997 0.010375 0.45912501
0.081124999 0.010375 0.45912501
0.080124997 0.011375 0.455125
0.080124997 0.011375 0.45587501
0.081124999 0.011375 0.45587501
0.080124997 0.011125 0.45712501
0.081124999 0.011375 0.45712501
0.081874996 0.011375 0.45712501
0.080124997 0.011875 0.453125
0.080875002 0.011875 0.45387501
0.080124997 0.011875 0.45387501
0.081124999 0.011375 0.455125
0.081874996 0.011875 0.45487499
0.081874996 0.011375 0.45587501
0.080875002 0.011875 0.45287499
0.081874996 0.011625 0.453125
0.081874996 0.012125 0.45387501
0.083125003 0.011875 0.45362499
0.083125003 0.011375 0.453125
0.099875003 0.0053750002 0.46412501
0.099875003 0.0048750001 0.46487501
0.100875 0.0048750001 0.46487501
0.061625 0.00012500001 0.47187501
0.060874999 0.00087500003 0.471625
0.099875003 0.0046250001 0.465875
0.060625002 0.001875 0.47187501
0.062125001 0.00012500001 0.472875
0.101125 0.0046250001 0.465875
0.101875 0.0046250001 0.465875
0.061875001 -0.001375 0.47187501
0.085625 0.006875 0.479875
0.087125003 0.007125 0.47962499
0.088124998 0.007125 0.47887501
0.088124998 0.0081249997 0.478625
0.088875003 0.0081249997 0.47787499
0.088124998 0.0048750001 0.479375
0.088624999 0.0048750001 0.478625
0.086874999 0.0056250002 0.479875
0.086874999 0.0038749999 0.479875
0.085874997 0.0038749999 0.480625
0.088124998 0.0038749999 0.479375
0.085874997 0.0048750001 0.48037499
0.086874999 0.0048750001 0.479875
0.088624999 0.0038749999 0.478625
0.088124998 0.0058749998 0.479375
0.088624999 0.0056250002 0.478625
0.090125002 0.0056250002 0.47787499
0.090125002 0.007125 0.47812501
0.090125002 0.0048750001 0.47837499
0.071125001 0.0078750001 0.465875
0.071125001 0.0078750001 0.467125
0.071874999 0.0078750001 0.467125
0.072875001 0.0078750001 0.46687499
0.071125001 0.0076250001 0.467875
0.071874999 0.0076250001 0.467875
0.072875001 0.0078750001 0.467875
0.074124999 0.0078750001 0.467875
0.071125001 0.007375 0.469125
0.071874999 0.0076250001 0.469125
0.072875001 0.0076250001 0.469125
0.074124999 0.0076250001 0.469125
0.074874997 0.0078750001 0.469125
0.071874999 0.0081249997 0.46612501
0.075874999 0.0081249997 0.469125
0.076125003 0.0086249998 0.465875
0.076125003 0.0083750002 0.467125
0.076125003 0.0081249997 0.467875
0.076875001 0.0083750002 0.469125
0.076624997 0.0081249997 0.46987501
0.076125003 0.0088750003 0.463875
0.076125003 0.0088750003 0.46487501
0.076875001 0.0088750003 0.464625
0.076875001 0.0088750003 0.46612501
0.078125 0.0088750003 0.46612501
0.076875001 0.0086249998 0.467125
0.078125 0.0088750003 0.467125
0.078874998 0.0088750003 0.467125
0.076875001 0.0086249998 0.467875
0.078125 0.0086249998 0.467875
0.078874998 0.0086249998 0.467875
0.080124997 0.0088750003 0.467875
0.078125 0.0083750002 0.469125
0.078874998 0.0086249998 0.469125
0.080124997 0.0086249998 0.469125
0.081124999 0.0086249998 0.469125
0.078125 0.0083750002 0.46987501
0.078874998 0.0083750002 0.46987501
0.080124997 0.0086249998 0.46987501
0.081124999 0.0086249998 0.46987501
0.081874996 0.0086249998 0.46987501
0.078125 0.0081249997 0.47112501
0.078874998 0.0083750002 0.47112501
0.078125 -0.018874999 0.479875
0.076875001 -0.018124999 0.479875
0.078125 -0.018375 0.48012501
0.076875001 -0.017124999 0.48012501
0.063874997 0.0048750001 0.474125
0.062624998 0.0038749999 0.474125
0.078125 -0.017124999 0.48012501
0.062624998 0.0048750001 0.47312501
0.064874999 0.0066249999 0.46987501
0.065875001 0.006875 0.469625
0.064874999 0.0063749999 0.47112501
0.065875001 0.0066249999 0.47112501
0.081874996 -0.013875 0.48087499
0.083125003 -0.013875 0.480625
0.081124999 -0.012875 0.481125
0.081874996 -0.013125 0.48087499
0.080124997 -0.011875 0.48162499
0.069375001 -0.014875 0.47687501
0.069124997 -0.013875 0.476625
0.069875002 -0.013875 0.47787499
0.068875 -0.016124999 0.476125
0.068875 -0.014875 0.476125
0.070124999 -0.014875 0.47787499
0.067625001 -0.016124999 0.474875
0.067874998 -0.017124999 0.474875
0.069875002 -0.016375 0.47687501
0.070874996 -0.016124999 0.47812501
0.071125001 -0.014875 0.478625
0.069875002 -0.018874999 0.476125
0.069375001 -0.018124999 0.47587499
0.068875 -0.017124999 0.47587499
0.068875 -0.018124999 0.47512501
0.069875002 -0.017124999 0.47687501
0.069875002 -0.018124999 0.47637501
0.066375002 -0.018124999 0.47187501
0.067125 -0.018874999 0.472875
0.067125 -0.018124999 0.472875
0.067874998 -0.019125 0.47387499
0.067625001 -0.018124999 0.474125
0.067874998 -0.019874999 0.47387499
0.080124997 0.0083750002 0.47112501
0.081124999 0.0083750002 0.47112501
0.081874996 0.0086249998 0.47112501
0.083125003 0.0086249998 0.47112501
0.078874998 0.0081249997 0.47187501
0.080124997 0.0083750002 0.47187501
0.081124999 0.0083750002 0.47187501
0.081874996 0.0083750002 0.47187501
0.083125003 0.0086249998 0.47187501
0.083875 0.0086249998 0.47187501
0.085124999 -0.011875 0.48037499
0.079875 0.0088750003 0.467125
0.083625004 -0.011125 0.48087499
0.080875002 0.0088750003 0.46762499
0.085124999 -0.011375 0.48037499
0.085124999 -0.010375 0.48037499
0.085874997 -0.0091249999 0.48012501
0.085874997 -0.012875 0.479875
0.083875 -0.012875 0.480625
0.085124999 -0.012875 0.48037499
0.083875 -0.011875 0.480625
0.087875001 -0.011125 0.47887501
0.087125003 -0.011875 0.479375
0.087125003 -0.011375 0.479375
0.087125003 -0.010375 0.47962499
0.093374997 0.00087500003 0.474875
0.092625 0.00087500003 0.47587499
0.091624998 -0.004125 0.476625
0.091124997 -0.003125 0.47712499
0.090875 -0.004125 0.477375
0.076875001 0.0091249999 0.46412501
0.078125 0.0093750004 0.46412501
0.092124999 -0.003125 0.476625
0.078874998 0.0096249999 0.46412501
0.078125 0.0091249999 0.46487501
0.078874998 0.0093750004 0.46487501
0.080124997 0.0093750004 0.46487501
0.081124999 0.0096249999 0.46487501
0.081874996 0.0098750005 0.46487501
0.082874998 0.010125 0.46487501
0.078625001 0.0091249999 0.465875
0.080124997 0.0091249999 0.46612501
0.081124999 0.0093750004 0.465875
0.081874996 0.0096249999 0.465875
0.083125003 0.0098750005 0.46612501
0.081124999 0.0091249999 0.467125
0.081874996 0.0093750004 0.467125
0.083125003 0.0096249999 0.467125
0.081874996 0.0091249999 0.467875
0.083125003 0.0093750004 0.467875
0.081874996 0.0088750003 0.46887499
0.083125003 0.0091249999 0.469125
0.083875 0.0093750004 0.469125
0.083125003 0.0088750003 0.46987501
0.083625004 0.0091249999 0.46987501
0.083875 0.0088750003 0.47112501
0.091124997 -0.0058749998 0.47712499
0.092124999 -0.0058749998 0.476625
0.091624998 -0.0051250001 0.476625
0.090125002 -0.004125 0.47812501
0.090875 -0.0051250001 0.477375
0.067125 0.006875 0.47112501
0.064625002 0.0058749998 0.47187501
0.065875001 0.0063749999 0.47187501
0.064125001 0.0056250002 0.47312501
0.064874999 0.0058749998 0.472875
0.064874999 0.0056250002 0.47387499
0.064125001 0.0058749998 0.47187501
0.067874998 0.0066249999 0.47312501
0.076125003 0.0093750004 0.46062499
0.076875001 0.0096249999 0.46062499
0.078125 0.0096249999 0.46062499
0.076125003 0.0093750004 0.462125
0.076875001 0.0093750004 0.462125
0.081874996 0.010125 0.46412501
0.078874998 0.0096249999 0.46062499
0.080124997 0.0098750005 0.460875
0.078125 0.0093750004 0.462125
0.078874998 0.0096249999 0.462125
0.080124997 0.0098750005 0.462125
0.081124999 0.0098750005 0.462125
0.076125003 0.0091249999 0.46287501
0.076875001 0.0093750004 0.462625
0.078125 0.0093750004 0.462625
0.078874998 0.0096249999 0.462625
0.080124997 0.0098750005 0.46287501
0.081124999 0.0098750005 0.46287501
0.081625 0.010125 0.462625
0.080124997 0.0096249999 0.46412501
0.081124999 0.0098750005 0.46412501
0.083125003 0.010125 0.46412501
0.081124999 0.0098750005 0.460875
0.081874996 0.010125 0.460875
0.081874996 0.010125 0.462125
0.083125003 0.010125 0.46287501
0.083875 0.010125 0.46612501
0.084875003 0.0088750003 0.47112501
0.083875 0.0098750005 0.467125
0.083875 0.0096249999 0.467875
0.085124999 0.0098750005 0.467875
0.085124999 0.0096249999 0.469125
0.085124999 0.0093750004 0.46987501
0.085874997 0.0096249999 0.46987501
0.085874997 0.0093750004 0.47112501
0.087125003 0.0093750004 0.47112501
0.081874996 0.010625 0.45912501
0.080875002 0.010125 0.460125
0.081874996 0.010375 0.460125
0.084875003 0.010875 0.460125
0.083125003 0.011125 0.45787501
0.083125003 0.010875 0.458875
0.083875 0.010875 0.45912501
0.085124999 0.011375 0.45912501
0.083125003 0.010625 0.460125
0.083875 0.010875 0.460125
0.085874997 0.011375 0.460125
0.083125003 0.010375 0.46062499
0.083875 0.010625 0.46062499
0.085124999 0.010875 0.460875
0.085874997 0.011125 0.460875
0.083125003 0.010125 0.462125
0.083875 0.010625 0.462125
0.085124999 0.010875 0.462125
0.083875 0.010375 0.462625
0.085124999 0.010875 0.46287501
0.083875 0.010375 0.46412501
0.068875 -0.018874999 0.474875
0.083875 0.011875 0.45587501
0.082874998 0.011875 0.455125
0.083875 0.012375 0.455125
0.083125003 0.011875 0.45587501
0.083125003 0.011375 0.45712501
0.083875 0.011875 0.45362499
0.085124999 0.012375 0.455125
0.085124999 0.011875 0.45387501
0.083875 0.011375 0.453125
0.085874997 0.012375 0.455125
0.088875003 0.0098750005 0.474125
0.088124998 0.0096249999 0.47187501
0.088875003 0.0098750005 0.47312501
0.088875003 0.0098750005 0.47187501
0.089874998 0.010125 0.47187501
0.090875 0.010375 0.47187501
0.089874998 0.010125 0.47312501
0.088875003 0.0091249999 0.47687501
0.089874998 0.0088750003 0.476625
0.090125002 0.0093750004 0.47587499
0.090125002 0.0096249999 0.474875
0.090875 0.0093750004 0.474875
0.090125002 0.0098750005 0.47387499
0.090875 0.010125 0.47312501
0.090875 0.0098750005 0.474125
0.092124999 0.010125 0.47312501
0.092124999 0.010375 0.47187501
0.092124999 0.0096249999 0.47387499
0.088875003 0.007125 0.478625
0.089874998 0.0081249997 0.47787499
0.090875 0.0081249997 0.477375
0.092124999 0.0091249999 0.474875
0.090875 0.0091249999 0.476125
0.092124999 0.0086249998 0.47587499
0.091624998 0.0081249997 0.476625
0.090875 0.0086249998 0.47687501
0.092625 0.0081249997 0.47587499
0.093625002 0.0091249999 0.47312501
0.092874996 0.0088750003 0.474125
0.090875 0.0058749998 0.47762501
0.090875 0.007125 0.47762501
0.091875002 0.007125 0.47687501
0.090625003 0.0048750001 0.47787499
0.092124999 0.0048750001 0.47687501
0.091875002 0.0058749998 0.47687501
0.093874998 0.0081249997 0.47312501
0.093625002 0.0058749998 0.47387499
0.093374997 0.007125 0.47387499
0.093374997 0.0081249997 0.47387499
0.092874996 0.007125 0.474875
0.092874996 0.0081249997 0.474875
0.092874996 0.0096249999 0.47312501
0.092874996 0.010125 0.47187501
0.084875003 0.0098750005 0.46687499
0.083875 0.010125 0.46487501
0.085124999 0.010125 0.46612501
0.085874997 0.010375 0.465875
0.085874997 0.010125 0.467125
0.087125003 0.010375 0.467125
0.088124998 0.010375 0.467125
0.085874997 0.0098750005 0.46762499
0.087125003 0.010125 0.467875
0.088124998 0.010375 0.467875
0.088875003 0.010375 0.467875
0.085874997 0.0096249999 0.469125
0.087125003 0.0098750005 0.469125
0.087875001 0.010125 0.469125
0.087125003 0.0096249999 0.46987501
0.085874997 0.010875 0.46287501
0.087125003 0.011375 0.46062499
0.088124998 0.011375 0.46062499
0.085625 0.010875 0.462125
0.087125003 0.011375 0.462125
0.088124998 0.011375 0.462125
0.088875003 0.011375 0.462125
0.087125003 0.011125 0.46287501
0.088124998 0.011375 0.462625
0.088875003 0.011375 0.462625
0.085124999 0.010625 0.46412501
0.085874997 0.010875 0.46412501
0.086874999 0.010875 0.463875
0.089874998 0.010875 0.46612501
0.090125002 0.011375 0.462625
0.088124998 0.011125 0.46412501
0.088875003 0.011375 0.46412501
0.090125002 0.011375 0.46412501
0.085124999 0.010375 0.46487501
0.085874997 0.010625 0.46487501
0.087125003 0.010625 0.46487501
0.088124998 0.010875 0.464625
0.088875003 0.010875 0.46487501
0.090125002 0.011375 0.46487501
0.087125003 0.010625 0.465875
0.088124998 0.010625 0.465875
0.088875003 0.010875 0.46612501
0.088875003 0.010625 0.467125
0.090875 0.011375 0.46487501
0.090125002 0.010875 0.467125
0.090875 0.010875 0.46762499
0.090875 0.011375 0.465875
0.090625003 0.010875 0.467125
0.090875 0.011875 0.46412501
0.093125001 0.011125 0.465875
0.092874996 0.010875 0.46412501
0.093125001 0.011125 0.46487501
0.085874997 0.011375 0.45912501
0.087125003 0.011375 0.460125
0.087125003 0.012125 0.45787501
0.087125003 0.011875 0.458875
0.087875001 0.011875 0.45912501
0.088124998 0.012125 0.45787501
0.088875003 0.012375 0.45912501
0.088124998 0.011875 0.460125
0.084875003 0.011875 0.456875
0.085874997 0.011875 0.45787501
0.085124999 0.012125 0.45587501
0.083875 0.011375 0.45712501
0.083875 0.011375 0.457625
0.085124999 0.011375 0.457625
0.085874997 0.012125 0.45712501
0.085874997 0.012375 0.45587501
0.087125003 0.012375 0.45712501
0.087125003 0.012625 0.45587501
0.088124998 0.012375 0.45712501
0.088124998 0.011875 0.45587501
0.088124998 0.011375 0.455125
0.086874999 0.011875 0.455125
0.085874997 0.011875 0.45387501
0.088875003 0.011875 0.456875
0.089125 0.011125 0.45587501
0.088875003 0.012375 0.457625
0.089874998 0.011875 0.45787501
0.090125002 0.012375 0.45912501
0.089625001 0.0091249999 0.45387501
0.090125002 0.0091249999 0.45487499
0.090875 0.0088750003 0.45587501
0.090125002 0.010125 0.455625
0.090125002 0.010875 0.456875
0.090125002 0.0081249997 0.45387501
0.090875 0.0081249997 0.45487499
0.092874996 -0.0048750001 0.47587499
0.088624999 0.011875 0.460125
0.090125002 0.012375 0.460125
0.088875003 0.011875 0.46062499
0.090125002 0.012125 0.460875
0.090125002 0.011875 0.46187499
0.090875 0.011875 0.460875
0.090875 0.011875 0.462125
0.090875 0.011875 0.46287501
0.092124999 0.011875 0.46287501
0.092124999 0.011875 0.46412501
0.091875002 0.011875 0.462125
0.090625003 0.011625 0.45912501
0.090875 0.011875 0.45987499
0.092124999 0.011125 0.46062499
0.093374997 0.0091249999 0.462125
0.092874996 0.010125 0.46187499
0.072875001 -0.001125 0.48337501
0.071125001 0.001125 0.48287499
0.071625002 0.00012500001 0.483125
0.072875001 0.00012500001 0.48337501
0.080124997 -0.020874999 0.47962499
0.081124999 -0.020874999 0.47962499
0.078874998 -0.019874999 0.47962499
0.080124997 -0.019874999 0.47962499
0.081124999 -0.019874999 0.47962499
0.080124997 -0.018874999 0.479875
0.081124999 -0.018874999 0.479875
0.074124999 -0.001125 0.48362499
0.074124999 0.00012500001 0.48362499
0.074124999 0.00087500003 0.48362499
0.074874997 -0.001125 0.48362499
0.076125003 -0.001125 0.48387501
0.067874998 -0.0048750001 0.47812501
0.067625001 -0.004125 0.47812501
0.067374997 -0.003125 0.47787499
0.068374999 -0.004125 0.47887501
0.068125002 -0.003125 0.478625
0.067125 0.00012500001 0.478625
0.067874998 0.00012500001 0.479875
0.068875 -0.00012500001 0.48087499
0.068875 0.00087500003 0.481125
0.092625 0.010875 0.462125
0.092874996 0.010875 0.46287501
0.090875 0.010875 0.45787501
0.091375001 0.010875 0.45912501
0.091875002 0.0078750001 0.45587501
0.091375001 0.0091249999 0.45712501
0.090875 0.010125 0.456875
0.091375001 0.010125 0.457625
0.092124999 0.010125 0.458875
0.092874996 0.0078750001 0.45912501
0.092874996 0.0081249997 0.460125
0.092625 0.0081249997 0.457625
0.092124999 0.0091249999 0.457625
0.092375003 0.0091249999 0.45912501
0.092874996 0.0091249999 0.460125
0.092375003 0.010125 0.460125
0.091875002 0.010875 0.460125
0.092874996 0.0091249999 0.46062499
0.092625 0.010125 0.46062499
0.067625001 -0.001125 0.47887501
0.068875 -0.0021250001 0.48012501
0.068125002 -0.001125 0.479875
0.069124997 -0.001125 0.480625
0.069875002 -0.001125 0.481875
0.069875002 -0.003125 0.48087499
0.069624998 -0.0021250001 0.481125
0.067125 -0.0021250001 0.47787499
0.066875003 -0.001125 0.47812501
0.067625001 -0.0023749999 0.47887501
0.092124999 0.0081249997 0.45712501
0.069624998 -0.0051250001 0.48012501
0.088875003 0.0098750005 0.47087499
0.090125002 0.010375 0.46987501
0.090875 0.010625 0.46987501
0.088124998 0.0096249999 0.47112501
0.090125002 0.010125 0.47112501
0.090875 0.010375 0.47112501
0.090125002 0.010625 0.467875
0.088875003 0.010125 0.469125
0.090125002 0.010375 0.469125
0.090875 0.010875 0.469125
0.088124998 0.0098750005 0.46987501
0.088624999 0.010125 0.46987501
0.092124999 0.010875 0.46987501
0.092124999 0.010625 0.47112501
0.092124999 0.010875 0.46887499
0.092874996 0.010875 0.469125
0.092874996 0.010625 0.46987501
0.093125001 0.010125 0.47112501
0.093874998 0.0098750005 0.46987501
0.093874998 0.0098750005 0.46887499
0.094125003 0.010125 0.467875
0.093874998 0.0088750003 0.47187501
0.094125003 0.0088750003 0.47112501
0.092124999 0.011375 0.46487501
0.092124999 0.011375 0.465875
0.092124999 0.011375 0.467125
0.092124999 0.011125 0.467875
0.092874996 0.010875 0.467125
0.092874996 0.010875 0.467875
0.094125003 0.010125 0.464625
0.094125003 0.010125 0.46612501
0.094625004 0.0081249997 0.467125
0.094374999 0.0091249999 0.467125
0.094374999 0.0091249999 0.467875
0.094374999 0.0081249997 0.46487501
0.094125003 0.0091249999 0.46487501
0.094625004 0.0081249997 0.465875
0.094374999 0.0091249999 0.465875
0.094125003 0.010125 0.467125
0.094125003 0.007125 0.47187501
0.093874998 0.0058749998 0.472875
0.093874998 0.007125 0.472875
0.094374999 0.0048750001 0.47187501
0.094125003 0.0058749998 0.47187501
0.093874998 0.0048750001 0.472875
0.094625004 0.0048750001 0.47112501
0.094374999 0.0058749998 0.47112501
0.094125003 0.0091249999 0.46987501
0.078874998 -0.018874999 0.479875
0.078625001 -0.018375 0.48012501
0.080124997 -0.018124999 0.48012501
0.081124999 -0.018124999 0.48012501
0.078874998 -0.017124999 0.48037499
0.080124997 -0.017124999 0.48037499
0.081124999 -0.017124999 0.48037499
0.078874998 -0.016375 0.480625
0.080124997 -0.016375 0.480625
0.081124999 -0.016375 0.48037499
0.083875 -0.017375 0.48012501
0.083125003 -0.016375 0.48037499
0.083875 -0.016124999 0.48012501
0.081874996 -0.014875 0.480625
0.083875 -0.004125 0.48087499
0.083875 -0.003125 0.48137501
0.084875003 -0.003125 0.48087499
0.083875 -0.0021250001 0.48137501
0.083875 -0.001125 0.48162499
0.083125003 -0.014875 0.480625
0.081874996 -0.020874999 0.479375
0.081874996 -0.019874999 0.47962499
0.081874996 -0.023125 0.47887501
0.081124999 -0.025125001 0.478625
0.081874996 -0.025125001 0.478625
0.083125003 -0.025125001 0.47837499
0.081874996 -0.024125 0.47887501
0.094125003 0.0081249997 0.47112501
0.094125003 0.0081249997 0.47187501
0.094625004 0.007125 0.467875
0.094625004 0.0081249997 0.467875
0.094625004 0.007125 0.469125
0.094374999 0.0081249997 0.469125
0.094374999 0.0091249999 0.469125
0.094374999 0.007125 0.46987501
0.094374999 0.0081249997 0.46987501
0.094374999 0.007125 0.47112501
0.094625004 0.0058749998 0.469125
0.094625004 0.0058749998 0.46987501
0.094875 0.0058749998 0.46687499
0.094875 0.0058749998 0.467875
0.094625004 0.007125 0.46487501
0.094625004 0.007125 0.465875
0.094875 0.0058749998 0.46612501
0.094625004 0.007125 0.467125
0.094875 0.0048750001 0.467875
0.094875 0.0046250001 0.46887499
0.095375001 0.0048750001 0.467125
0.095875002 0.004375 0.467125
0.093374997 0.010125 0.462625
0.093874998 0.010125 0.46412501
0.093374997 0.0081249997 0.46062499
0.093874998 0.006875 0.462125
0.093625002 0.0081249997 0.462125
0.094125003 0.007125 0.46287501
0.067874998 0.0021250001 0.48012501
0.093874998 0.0078750001 0.46287501
0.093625002 0.0091249999 0.462625
0.094125003 0.0081249997 0.46412501
0.093874998 0.0088750003 0.46412501
0.069124997 0.002875 0.48087499
0.069124997 0.0046250001 0.478625
0.094374999 0.007125 0.46412501
0.068875 0.0021250001 0.481125
0.065624997 -0.0081249997 0.474125
0.065375 -0.007125 0.47387499
0.064874999 -0.0058749998 0.47387499
0.064874999 -0.0048750001 0.47387499
0.065624997 -0.0061249998 0.474875
0.065624997 -0.0048750001 0.474875
0.065875001 -0.004125 0.47587499
0.066875003 -0.003125 0.47712499
0.065875001 -0.006875 0.474875
0.066875003 -0.006875 0.476125
0.066624999 -0.0058749998 0.47587499
0.066375002 -0.0051250001 0.47587499
0.067125 -0.0058749998 0.476625
0.067125 -0.0048750001 0.47687501
0.066875003 -0.004375 0.47687501
0.066624999 -0.0091249999 0.474875
0.066375002 -0.0081249997 0.474875
0.067125 -0.0091249999 0.47587499
0.067125 -0.0081249997 0.47587499
0.069124997 -0.004125 0.479875
0.070124999 -0.004125 0.480625
0.067874998 -0.0058749998 0.47787499
0.068875 -0.0061249998 0.47887501
0.068875 -0.0051250001 0.47912499
0.083125003 -0.024125 0.47887501
0.083875 -0.024125 0.478625
0.083125003 -0.019874999 0.47962499
0.081874996 -0.018874999 0.479875
0.083125003 -0.018874999 0.479875
0.083875 -0.018874999 0.47962499
0.094875 0.0058749998 0.46287501
0.083125003 -0.023125 0.47887501
0.085874997 -0.025125001 0.47787499
0.083875 -0.023125 0.47887501
0.085124999 -0.025125001 0.47837499
0.087125003 -0.025125001 0.47762501
0.081874996 -0.021875 0.479375
0.083125003 -0.021875 0.47912499
0.083875 -0.022125 0.47887501
0.083125003 -0.020874999 0.479375
0.083875 -0.020874999 0.479375
0.083875 -0.019874999 0.479375
0.087875001 -0.021875 0.47787499
0.088124998 -0.023125 0.47762501
0.088875003 -0.023125 0.477375
0.089874998 -0.023125 0.47687501
0.088875003 -0.021875 0.47762501
0.090125002 -0.022125 0.47687501
0.088875003 -0.020874999 0.47762501
0.086874999 -0.024125 0.47787499
0.085874997 -0.024125 0.47837499
0.083125003 -0.018124999 0.479875
0.088124998 -0.024125 0.47762501
0.088875003 -0.024125 0.47687501
0.087125003 -0.023125 0.47787499
0.090625003 -0.025125001 0.47587499
0.088124998 -0.025125001 0.477375
0.088624999 -0.025125001 0.47687501
0.090125002 -0.025125001 0.47637501
0.090125002 -0.024125 0.476625
0.090875 -0.024125 0.476125
0.081874996 -0.018375 0.48012501
0.094875 0.0058749998 0.462125
0.093874998 0.006875 0.460125
0.093874998 0.006875 0.46062499
0.092874996 0.006875 0.45712501
0.093125001 0.007125 0.457625
0.093374997 0.007125 0.45912501
0.094125003 0.006875 0.45587501
0.094875 0.0066249999 0.45587501
0.095875002 0.0066249999 0.45587501
0.094125003 0.0066249999 0.45712501
0.094875 0.0066249999 0.45712501
0.095875002 0.0066249999 0.45712501
0.097125001 0.0066249999 0.45712501
0.094875 0.0061249998 0.460875
0.094125003 0.0066249999 0.45912501
0.094875 0.0063749999 0.460125
0.095875002 0.0063749999 0.460125
0.094125003 0.0066249999 0.457625
0.094875 0.0063749999 0.45912501
0.094875 0.0066249999 0.457625
0.095875002 0.0063749999 0.457625
0.097125001 0.0063749999 0.457625
0.095875002 0.0063749999 0.45912501
0.097125001 0.0063749999 0.45912501
0.094875 0.0058749998 0.46412501
0.094875 0.0056250002 0.46487501
0.095875002 0.0046250001 0.465875
0.095875002 0.0051250001 0.46487501
0.095875002 0.0058749998 0.46187499
0.095875002 0.0056250002 0.462625
0.097125001 0.0058749998 0.46287501
0.095875002 0.0053750002 0.46412501
0.097125001 0.0053750002 0.46412501
0.097125001 0.0058749998 0.462125
0.097874999 0.0058749998 0.46287501
0.097874999 0.0048750001 0.46487501
0.099124998 0.0048750001 0.46487501
0.097125001 0.0048750001 0.46612501
0.097874999 0.0048750001 0.46612501
0.099124998 0.0046250001 0.465875
0.097874999 0.0053750002 0.46412501
0.083875 -0.018124999 0.479875
0.099124998 0.0053750002 0.46412501
0.097125001 0.0048750001 0.46487501
0.097125001 0.0063749999 0.460125
0.095875002 0.0061249998 0.460875
0.097125001 0.0061249998 0.460875
0.097874999 0.0058749998 0.46187499
0.099124998 0.0058749998 0.46287501
0.097874999 0.0061249998 0.460875
0.099124998 0.0061249998 0.460875
0.099124998 0.0058749998 0.46187499
0.097874999 0.0063749999 0.457625
0.097874999 0.0063749999 0.45912501
0.097874999 0.0063749999 0.460125
0.099875003 0.0061249998 0.460875
0.099624999 0.0058749998 0.46187499
0.099124998 0.0063749999 0.45912501
0.099124998 0.0063749999 0.460125
0.099124998 0.0063749999 0.457625
0.099875003 0.0063749999 0.45912501
0.101125 0.0063749999 0.45912501
0.101875 0.0061249998 0.45912501
0.099875003 0.0063749999 0.460125
0.101125 0.0061249998 0.460875
0.100875 0.0056250002 0.46187499
0.101875 0.0056250002 0.46187499
0.099875003 0.0058749998 0.46287501
0.101125 0.0061249998 0.460125
0.101875 0.0061249998 0.460125
0.101875 0.0061249998 0.460875
0.085124999 0.011125 0.45287499
0.081874996 -0.017124999 0.48037499
0.083125003 -0.017124999 0.48012501
0.081874996 -0.016375 0.48037499
0.084875003 -0.016124999 0.479875
0.085124999 -0.014875 0.48012501
0.092625 -0.0058749998 0.47587499
0.070874996 -0.025125001 0.474875
0.070124999 -0.024125 0.47462499
0.069624998 -0.023125 0.474875
0.093874998 -0.007125 0.47462499
0.092124999 -0.010375 0.476125
0.092625 -0.0091249999 0.47587499
0.090875 -0.010125 0.47687501
0.092874996 -0.010375 0.47562501
0.093874998 -0.0081249997 0.47462499
0.093874998 -0.010375 0.47462499
0.093874998 -0.0091249999 0.474875
0.095875002 -0.0081249997 0.474875
0.094875 -0.0091249999 0.47462499
0.069875002 0.0063749999 0.474875
0.065624997 0.00012500001 0.47712499
0.065375 0.00087500003 0.47687501
0.064874999 0.0021250001 0.476625
0.094875 -0.0081249997 0.47462499
0.095875002 -0.006875 0.474875
0.094875 -0.0058749998 0.47437501
0.095875002 -0.0058749998 0.47462499
0.097874999 -0.0051250001 0.47462499
0.096874997 -0.006875 0.474875
0.097125001 -0.0058749998 0.47462499
0.097874999 -0.0058749998 0.47512501
0.097125001 -0.0048750001 0.474875
0.099124998 -0.0048750001 0.47512501
0.092874996 0.0048750001 0.474875
0.092874996 0.0058749998 0.474875
0.092625 0.0048750001 0.47587499
0.092625 0.0058749998 0.47587499
0.092625 0.007125 0.47587499
0.093874998 -0.0058749998 0.47462499
0.094875 -0.007125 0.47462499
0.097125001 -0.0081249997 0.47512501
0.097874999 -0.0081249997 0.475375
0.099124998 -0.0081249997 0.47562501
0.097874999 -0.006875 0.47512501
0.099124998 -0.007125 0.475375
0.099124998 -0.0058749998 0.475375
0.099875003 -0.0051250001 0.475375
0.093874998 -0.011875 0.474875
0.093874998 -0.012875 0.474875
0.093874998 -0.011125 0.47462499
0.093874998 -0.013875 0.474875
0.094875 -0.013875 0.474875
0.094875 -0.011125 0.47462499
0.094875 -0.010125 0.474875
0.094875 -0.012875 0.474875
0.094875 -0.011875 0.474875
0.095875002 -0.0091249999 0.474875
0.095875002 -0.013875 0.475375
0.095875002 -0.012875 0.47512501
0.095875002 -0.011875 0.47512501
0.095875002 -0.011125 0.47512501
0.095624998 -0.010375 0.474875
0.097125001 -0.012875 0.475375
0.097125001 -0.011875 0.475375
0.097125001 -0.011375 0.475375
0.097125001 -0.010375 0.475375
0.097874999 -0.010375 0.475375
0.097125001 -0.0091249999 0.47512501
0.097874999 -0.0091249999 0.475375
0.097125001 -0.013875 0.475375
0.097874999 -0.013875 0.47562501
0.099124998 -0.013875 0.47587499
0.099875003 -0.013875 0.47587499
0.101125 -0.013875 0.476125
0.101875 -0.013875 0.47637501
0.097874999 -0.012875 0.47562501
0.099124998 -0.012875 0.47587499
0.099875003 -0.012875 0.47587499
0.101125 -0.012875 0.476125
0.097874999 -0.011875 0.47562501
0.099124998 -0.011875 0.47562501
0.099875003 -0.011875 0.47587499
0.097874999 -0.011375 0.47562501
0.099124998 -0.011375 0.47562501
0.099875003 -0.011125 0.47587499
0.099124998 -0.010375 0.47562501
0.099124998 -0.0091249999 0.47562501
0.099875003 -0.0091249999 0.47587499
0.101125 -0.0091249999 0.47587499
0.099875003 -0.0081249997 0.47562501
0.101125 -0.0081249997 0.47587499
0.099875003 -0.007125 0.47562501
0.101125 -0.007125 0.47562501
0.099875003 -0.0058749998 0.475375
0.081874996 -0.006875 0.481875
0.081874996 -0.010375 0.48162499
0.081874996 -0.0091249999 0.48162499
0.081874996 -0.0081249997 0.481875
0.081874996 -0.0058749998 0.481875
0.051125001 0.0033750001 0.453125
0.051624998 0.0036249999 0.453125
0.049874999 0.003125 0.453125
0.051125001 0.002875 0.45362499
0.051125001 0.001875 0.45487499
0.094125003 0.0038749999 0.47312501
0.093874998 0.003125 0.474125
0.093625002 0.0038749999 0.47387499
0.093625002 0.0048750001 0.47387499
0.093125001 0.002875 0.47512501
0.092874996 0.0038749999 0.474875
0.092625 0.0038749999 0.47587499
0.094125003 0.003125 0.47312501
0.093874998 0.0021250001 0.47387499
0.094625004 0.002875 0.47187501
0.094374999 0.0021250001 0.47312501
0.094875 0.0021250001 0.47187501
0.094625004 0.00087500003 0.472875
0.093874998 0.001125 0.47387499
0.094875 0.00012500001 0.47312501
0.094625004 0.0048750001 0.46987501
0.094625004 0.0038749999 0.47112501
0.094374999 0.0038749999 0.47187501
0.094875 0.0038749999 0.46987501
0.095624998 0.0036249999 0.469125
0.094875 0.003125 0.47112501
0.095875002 0.003125 0.46987501
0.095875002 0.001125 0.47187501
0.095875002 0.0021250001 0.47112501
0.097125001 0.001125 0.47187501
0.097874999 0.001125 0.47187501
0.068875 -0.003125 0.479875
0.061625 0.0058749998 0.460125
0.061375 0.007125 0.46062499
0.062375002 0.0048750001 0.457625
0.051624998 0.0021250001 0.455125
0.062624998 0.0058749998 0.457625
0.062125001 0.0056250002 0.45912501
0.061875001 0.007125 0.45987499
0.062125001 0.0038749999 0.45787501
0.061875001 0.0038749999 0.45912501
0.061375 0.0038749999 0.460125
0.092625 -0.001125 0.47587499
0.092625 -0.0021250001 0.47587499
0.093374997 -0.003125 0.474875
0.093374997 -0.0021250001 0.474875
0.092874996 -0.004125 0.47587499
0.092874996 -0.003125 0.47587499
0.094125003 0.00012500001 0.474125
0.093374997 0.00012500001 0.474875
0.063874997 0.0038749999 0.474875
0.093374997 -0.001125 0.474875
0.053125001 0.0036249999 0.45287499
0.053624999 0.0038749999 0.453125
0.084875003 -0.017124999 0.479875
0.083875 -0.014875 0.48037499
0.053624999 0.0036249999 0.45387501
0.055125002 0.004375 0.453125
0.055125002 0.0038749999 0.45387501
0.062624998 -0.001125 0.47312501
0.055875 0.004375 0.453125
0.062375002 -0.0021250001 0.47187501
0.062875003 -0.0021250001 0.472875
0.062875003 -0.001125 0.47387499
0.063874997 -0.0023749999 0.474125
0.064125001 -0.001125 0.47462499
0.063874997 -0.003125 0.47312501
0.064374998 -0.003125 0.47387499
0.064874999 -0.0023749999 0.474875
0.065624997 -0.0021250001 0.47587499
0.064874999 -0.001125 0.47587499
0.066124998 -0.0021250001 0.476625
0.064874999 -0.004125 0.474125
0.065624997 -0.004125 0.474875
0.067874998 -0.0093750004 0.47687501
0.056875002 0.0046250001 0.453125
0.055624999 0.0038749999 0.45387501
0.052875001 0.00012500001 0.45712501
0.067625001 -0.0081249997 0.47712499
0.067625001 -0.007125 0.47687501
0.053125001 0.00087500003 0.45662501
0.064874999 -0.003125 0.47462499
0.053874999 0.001125 0.45712501
0.053624999 0.0021250001 0.45612499
0.051874999 0.001125 0.45587501
0.051125001 0.00087500003 0.45537499
0.085124999 -0.018124999 0.479875
0.085874997 -0.017124999 0.47962499
0.085874997 -0.016375 0.47962499
0.084875003 -0.021875 0.478625
0.050875001 0.00012500001 0.45587501
0.051624998 0.00012500001 0.45662501
0.053874999 0.002875 0.45487499
0.051624998 0.003125 0.45387501
0.053125001 0.0033750001 0.45387501
0.053125001 0.002875 0.45487499
0.053125001 0.001875 0.45587501
0.055125002 0.0033750001 0.455125
0.055125002 0.002875 0.455625
0.055125002 0.001125 0.45712501
0.055125002 0.0021250001 0.45662501
0.055875 0.001875 0.456875
0.055875 0.00087500003 0.457625
0.057124998 0.0021250001 0.45712501
0.057875 0.0021250001 0.45712501
0.055875 0.002875 0.45587501
0.065624997 -0.0033750001 0.476125
0.056875002 0.004375 0.45387501
0.055875 0.0036249999 0.455125
0.056875002 0.0036249999 0.45487499
0.057624999 0.0038749999 0.45487499
0.057124998 0.003125 0.45587501
0.057875 0.003125 0.45587501
0.062125001 0.0078750001 0.46062499
0.057875 0.0048750001 0.453125
0.058874998 0.0048750001 0.45287499
0.058874998 0.0046250001 0.45387501
0.057875 0.004375 0.45387501
0.058874998 0.0038749999 0.45487499
0.059875 0.0038749999 0.455125
0.060874999 0.004125 0.455125
0.062125001 0.0046250001 0.455125
0.059875 0.0048750001 0.453125
0.061875001 0.0048750001 0.45387501
0.060125001 0.0046250001 0.45387501
0.060874999 0.0048750001 0.45362499
0.060874999 0.0051250001 0.453125
0.083125003 -0.010375 0.48137501
0.083125003 -0.0091249999 0.48137501
0.062125001 0.0053750002 0.453125
0.083125003 -0.0081249997 0.48137501
0.083125003 -0.007125 0.48137501
0.083125003 -0.0058749998 0.48137501
0.083875 -0.0081249997 0.48087499
0.083875 -0.006875 0.48087499
0.083875 -0.0058749998 0.48087499
0.083625004 -0.010375 0.48087499
0.083625004 -0.0091249999 0.48087499
0.085124999 -0.0091249999 0.480625
0.085124999 -0.0081249997 0.480625
0.085124999 -0.007125 0.480625
0.085124999 -0.0051250001 0.480625
0.085124999 -0.004125 0.480625
0.085874997 -0.004125 0.48012501
0.087125003 -0.004125 0.47962499
0.085874997 -0.003125 0.48037499
0.086874999 -0.003125 0.479875
0.085874997 -0.0021250001 0.48037499
0.085874997 -0.0058749998 0.48012501
0.085874997 -0.0048750001 0.48012501
0.085874997 -0.0081249997 0.48012501
0.085874997 -0.006875 0.48012501
0.085124999 -0.0058749998 0.480625
0.087125003 -0.0058749998 0.47962499
0.087125003 -0.0051250001 0.47962499
0.090125002 -0.006875 0.47812501
0.088124998 -0.006875 0.47887501
0.087125003 -0.0081249997 0.47962499
0.087125003 -0.007125 0.47962499
0.065375 -0.016375 0.47112501
0.092124999 -0.025125001 0.47512501
0.065875001 -0.011125 0.47387499
0.085124999 -0.024125 0.478625
0.085124999 -0.023125 0.47887501
0.065875001 -0.010125 0.47387499
0.065875001 -0.0091249999 0.474125
0.085874997 -0.023125 0.478625
0.066875003 -0.010375 0.47512501
0.085874997 -0.021875 0.478625
0.062875003 0.0053750002 0.453125
0.062875003 0.0048750001 0.45387501
0.062375002 0.007125 0.45912501
0.062624998 0.0081249997 0.460125
0.062875003 0.0081249997 0.458875
0.067374997 -0.010375 0.47587499
0.085124999 -0.020874999 0.47912499
0.062875003 0.007125 0.457625
0.085124999 -0.019874999 0.479375
0.085124999 -0.018874999 0.47962499
0.063375004 0.0058749998 0.45587501
0.063375004 0.007125 0.45712501
0.064125001 0.0086249998 0.457625
0.064625002 0.0091249999 0.45912501
0.064125001 0.0088750003 0.45912501
0.064625002 0.0091249999 0.457625
0.063874997 0.0081249997 0.456875
0.063375004 0.0081249997 0.457625
0.064874999 0.0083750002 0.45587501
0.064874999 0.0088750003 0.45712501
0.067874998 -0.010125 0.47687501
0.063874997 0.007125 0.455625
0.064125001 0.0056250002 0.453125
0.063874997 0.0058749998 0.45487499
0.064625002 0.007125 0.455125
0.064374998 0.0081249997 0.45587501
0.064874999 0.0078750001 0.455125
0.088875003 -0.007125 0.478625
0.067125 -0.011875 0.474875
0.066875003 -0.011375 0.474875
0.067874998 -0.012125 0.476125
0.067625001 -0.011375 0.47587499
0.064625002 0.0058749998 0.45387501
0.064874999 0.006875 0.45387501
0.068125002 -0.011375 0.476625
0.062875003 -0.012875 0.463875
0.064874999 0.0056250002 0.453125
0.062624998 -0.012125 0.46412501
0.088124998 -0.0058749998 0.47887501
0.063375004 -0.012875 0.46487501
0.063625 -0.012875 0.465875
0.088875003 -0.0058749998 0.478625
0.088124998 -0.0048750001 0.47887501
0.085124999 0.00012500001 0.48087499
0.085874997 -0.001125 0.480625
0.083875 0.00012500001 0.48162499
0.085874997 0.00012500001 0.480625
0.083875 0.00087500003 0.48162499
0.085124999 0.001125 0.48087499
0.085124999 0.0021250001 0.48087499
0.086874999 0.00012500001 0.479875
0.086874999 0.001125 0.479875
0.086874999 0.0021250001 0.479875
0.086874999 0.003125 0.479875
0.085874997 0.00087500003 0.480625
0.085874997 0.0021250001 0.480625
0.088124998 0.0021250001 0.479375
0.085874997 0.002875 0.480625
0.088124998 0.002875 0.479375
0.086874999 -0.001125 0.479875
0.088124998 0.00087500003 0.479375
0.062875003 0.0048750001 0.456875
0.062375002 0.0038749999 0.45712501
0.088124998 -0.001125 0.479375
0.088624999 -0.001125 0.478625
0.088124998 0.00012500001 0.479375
0.088624999 0.00012500001 0.478625
0.086874999 -0.0021250001 0.479875
0.088124998 -0.004125 0.47887501
0.088124998 -0.003125 0.47887501
0.088124998 -0.0021250001 0.479375
0.088875003 -0.003125 0.478625
0.088624999 -0.0023749999 0.478625
0.090125002 0.0021250001 0.47812501
0.090125002 0.002875 0.47812501
0.088624999 0.001125 0.478625
0.088624999 0.0021250001 0.478625
0.090875 0.0021250001 0.47762501
0.088624999 0.003125 0.478625
0.090875 0.002875 0.47762501
0.090125002 0.0038749999 0.47837499
0.090625003 0.0038749999 0.47787499
0.061875001 0.001125 0.460125
0.061375 0.0021250001 0.46062499
0.061875001 0.0021250001 0.45912501
0.061875001 0.003125 0.45912501
0.061625 0.0021250001 0.460125
0.065624997 0.007125 0.45287499
0.065875001 0.0078750001 0.45387501
0.060125001 0.003125 0.467875
0.068625003 -0.0081249997 0.47787499
0.068125002 -0.007125 0.47787499
0.069124997 -0.006875 0.47887501
0.069124997 -0.0081249997 0.478625
0.069124997 -0.010125 0.47787499
0.068875 -0.0091249999 0.47812501
0.070124999 -0.011375 0.478625
0.059875 0.0038749999 0.467875
0.060125001 0.003125 0.469125
0.059875 0.0038749999 0.469125
0.060125001 0.0021250001 0.469125
0.060375001 0.0021250001 0.46987501
0.061375 0.002875 0.460125
0.061124999 0.003125 0.460875
0.060125001 0.003125 0.46987501
0.060375001 0.002875 0.47112501
0.060375001 0.0021250001 0.467125
0.060125001 0.003125 0.467125
0.060125001 0.0038749999 0.467125
0.071125001 -0.003125 0.481875
0.071874999 -0.003125 0.482375
0.070874996 -0.0023749999 0.481875
0.071874999 -0.0021250001 0.48262501
0.069624998 -0.0061249998 0.48012501
0.071125001 -0.0058749998 0.48087499
0.070874996 -0.0048750001 0.48087499
0.071125001 -0.007125 0.480625
0.101875 0.0048750001 0.46487501
0.101125 0.0056250002 0.462625
0.101875 0.0056250002 0.462625
0.101125 0.0053750002 0.46412501
0.101875 0.0053750002 0.46412501
0.099875003 0.004375 0.467125
0.101125 0.004375 0.467125
0.101875 0.004375 0.467125
0.060125001 0.0021250001 0.467875
0.060375001 0.00087500003 0.469125
0.060375001 0.00087500003 0.46987501
0.097874999 -0.003125 0.47462499
0.097874999 -0.0021250001 0.474125
0.099124998 -0.0021250001 0.47437501
0.098875001 -0.004375 0.47462499
0.097874999 -0.004125 0.474875
0.099875003 -0.004125 0.47512501
0.099124998 -0.003125 0.474875
0.099875003 -0.0033750001 0.47462499
0.101125 -0.0021250001 0.47462499
0.101125 -0.004125 0.47512501
0.101875 -0.004125 0.47512501
0.060625002 0.0021250001 0.47112501
0.060625002 0.00087500003 0.47112501
0.060625002 0.00087500003 0.465875
0.060375001 0.00087500003 0.467125
0.060375001 0.00087500003 0.467875
0.060874999 -0.00012500001 0.467125
0.060874999 -0.00012500001 0.467875
0.091875002 -0.020874999 0.47587499
0.060874999 -0.001125 0.469125
0.060625002 0.00012500001 0.469125
0.060625002 0.00012500001 0.46987501
0.090875 -0.021875 0.47637501
0.091875002 -0.021875 0.47587499
0.090125002 -0.020874999 0.47687501
0.090875 -0.020874999 0.476625
0.061625 -0.001125 0.465875
0.060874999 -0.00012500001 0.46612501
0.061375 -0.001125 0.467125
0.061375 -0.001125 0.467875
0.060375001 0.0021250001 0.465875
0.060125001 0.003125 0.46612501
0.060125001 0.0038749999 0.46612501
0.092874996 -0.020874999 0.475375
0.092124999 -0.018124999 0.476125
0.090625003 -0.018874999 0.476625
0.090875 -0.017124999 0.47687501
0.090125002 -0.018874999 0.477375
0.062624998 -0.012875 0.462625
0.062624998 -0.011875 0.462625
0.064625002 -0.016375 0.467125
0.064374998 -0.014875 0.467125
0.064125001 -0.013875 0.467125
0.064625002 -0.016375 0.467875
0.064625002 -0.014875 0.467875
0.064374998 -0.013875 0.467875
0.064625002 -0.014875 0.469125
0.064874999 -0.014875 0.46987501
0.063625 -0.013875 0.46487501
0.064125001 -0.014875 0.465875
0.063874997 -0.013875 0.46612501
0.062375002 -0.013875 0.462625
0.064874999 -0.017124999 0.467875
0.064874999 -0.017124999 0.46887499
0.064874999 -0.016124999 0.469125
0.065375 -0.018124999 0.46987501
0.065125003 -0.017124999 0.46987501
0.064874999 -0.016124999 0.469625
0.090125002 -0.018124999 0.477375
0.090625003 -0.018124999 0.47687501
0.091875002 -0.019874999 0.47587499
0.092124999 -0.018874999 0.476125
0.090125002 -0.019874999 0.47712499
0.090875 -0.019874999 0.476625
0.092874996 -0.019874999 0.475375
0.071625002 0.0038749999 0.483125
0.074124999 0.0058749998 0.48012501
0.071874999 0.0051250001 0.48087499
0.072875001 0.0053750002 0.48087499
0.074124999 0.0056250002 0.48087499
0.069875002 -0.010125 0.478625
0.069624998 -0.0091249999 0.47912499
0.071874999 0.0046250001 0.48162499
0.071874999 -0.007125 0.48137501
0.071874999 -0.0058749998 0.48162499
0.071125001 -0.004125 0.48162499
0.072875001 -0.0061249998 0.481875
0.073875003 -0.006875 0.481875
0.072875001 -0.0051250001 0.482375
0.072875001 -0.004125 0.48262501
0.071874999 -0.004375 0.481875
0.071874999 -0.0048750001 0.481875
0.072875001 -0.003125 0.48287499
0.074124999 -0.004125 0.48287499
0.074124999 -0.0058749998 0.482375
0.074124999 -0.0051250001 0.48262501
0.074124999 -0.003125 0.483125
0.074124999 -0.0021250001 0.48337501
0.074874997 -0.007125 0.482375
0.076125003 -0.007125 0.48262501
0.074874997 -0.0058749998 0.48262501
0.076125003 -0.0058749998 0.48287499
0.074874997 -0.0048750001 0.48287499
0.074874997 -0.004125 0.483125
0.076125003 -0.0051250001 0.483125
0.076125003 -0.004125 0.48337501
0.076875001 -0.004125 0.48337501
0.074874997 -0.003125 0.48337501
0.076125003 -0.003125 0.48337501
0.076875001 -0.003125 0.48362499
0.074874997 -0.0021250001 0.48362499
0.076125003 -0.0021250001 0.48362499
0.076875001 -0.0021250001 0.48387501
0.062875003 -0.004375 0.46987501
0.062375002 -0.003125 0.46987501
0.062875003 -0.004125 0.47087499
0.060625002 -0.00012500001 0.47112501
0.060874999 -0.001125 0.46987501
0.061625 -0.001125 0.47112501
0.062125001 -0.0021250001 0.47087499
0.061875001 -0.0021250001 0.46987501
0.062624998 -0.003125 0.47112501
0.062125001 -0.0021250001 0.467125
0.062375002 -0.003125 0.467875
0.061875001 -0.0021250001 0.467875
0.062875003 -0.004125 0.469125
0.062375002 -0.003125 0.469125
0.061875001 -0.0023749999 0.469125
0.062375002 -0.003125 0.465875
0.062375002 -0.003125 0.467125
0.062624998 -0.004125 0.467125
0.062875003 -0.0051250001 0.467875
0.062624998 -0.004125 0.467875
0.069875002 -0.013125 0.47787499
0.063375004 -0.0058749998 0.469125
0.062875003 -0.0048750001 0.469125
0.062624998 -0.0051250001 0.46487501
0.062375002 -0.004125 0.46487501
0.062875003 -0.0058749998 0.46612501
0.062624998 -0.0051250001 0.465875
0.068875 -0.013125 0.47687501
0.062624998 -0.004125 0.465875
0.062875003 -0.0058749998 0.46687499
0.062875003 -0.0048750001 0.467125
0.068875 -0.011875 0.47712499
0.072624996 -0.016375 0.47912499
0.071874999 -0.015125 0.47887501
0.071874999 -0.016375 0.478625
0.071125001 -0.018874999 0.476625
0.070874996 -0.018124999 0.47712499
0.072125003 -0.018874999 0.47787499
0.071874999 -0.018124999 0.47812501
0.071125001 -0.017124999 0.47787499
0.071874999 -0.019874999 0.477375
0.069624998 -0.021875 0.47512501
0.069124997 -0.020874999 0.47462499
0.068875 -0.019874999 0.47462499
0.070124999 -0.020874999 0.47587499
0.069875002 -0.019874999 0.47587499
0.063124999 -0.0058749998 0.467875
0.063874997 -0.006875 0.46987501
0.063375004 -0.0058749998 0.46987501
0.070874996 -0.0093750004 0.48012501
0.070874996 -0.0081249997 0.48012501
0.071125001 -0.019874999 0.476625
0.072875001 0.0048750001 0.48287499
0.069124997 0.0098750005 0.45712501
0.072875001 0.0051250001 0.481875
0.074124999 0.0053750002 0.481875
0.066875003 0.0096249999 0.457625
0.069875002 -0.0081249997 0.47962499
0.063124999 -0.0048750001 0.46987501
0.071125001 0.0056250002 0.476625
0.069875002 -0.006875 0.479875
0.064125001 -0.006875 0.47087499
0.063625 -0.0058749998 0.47112501
0.063375004 -0.0051250001 0.47112501
0.063375004 -0.004125 0.47187501
0.062624998 -0.0033750001 0.47187501
0.071125001 -0.020874999 0.47637501
0.071625002 -0.020874999 0.47687501
0.072875001 -0.017124999 0.478625
0.072875001 -0.018124999 0.478625
0.071874999 -0.017124999 0.47837499
0.074124999 -0.018874999 0.47887501
0.074124999 -0.019874999 0.478625
0.072875001 -0.018874999 0.47837499
0.074874997 -0.020125 0.47887501
0.074874997 -0.020874999 0.47887501
0.074874997 -0.018874999 0.47912499
0.073875003 -0.018124999 0.47887501
0.074874997 -0.018124999 0.479375
0.074124999 -0.017124999 0.479375
0.074874997 -0.017124999 0.47962499
0.074874997 -0.021875 0.47837499
0.074124999 -0.020874999 0.47837499
0.072624996 -0.020125 0.47812501
0.072875001 -0.024125 0.47687501
0.073875003 -0.022125 0.47812501
0.072875001 -0.025125001 0.476625
0.074124999 -0.024125 0.477375
0.072624996 -0.023125 0.47687501
0.064374998 -0.0051250001 0.47312501
0.074124999 -0.023125 0.47762501
0.072875001 -0.021875 0.47762501
0.072875001 -0.020874999 0.47787499
0.071874999 -0.025125001 0.47587499
0.070874996 -0.022125 0.476125
0.071874999 -0.021875 0.47687501
0.071125001 -0.024125 0.475375
0.071625002 -0.024125 0.476125
0.071125001 -0.023125 0.47587499
0.071874999 -0.023125 0.476625
0.073875003 -0.025125001 0.47687501
0.074874997 -0.025125001 0.47762501
0.074874997 -0.024125 0.47787499
0.074625 -0.023125 0.47787499
0.076125003 -0.020874999 0.478625
0.075874999 -0.017124999 0.48012501
0.076125003 -0.019874999 0.47912499
0.076875001 -0.019874999 0.479375
0.076125003 -0.018874999 0.47962499
0.076875001 -0.018874999 0.47962499
0.076125003 -0.018124999 0.479875
0.048124999 0.0021250001 0.453125
0.048625 0.0021250001 0.45362499
0.048875 0.002875 0.45287499
0.048124999 0.00087500003 0.45387501
0.050124999 -0.001125 0.455625
0.048875 0.00012500001 0.45487499
0.050124999 0.00012500001 0.45537499
0.050625 -0.001125 0.45612499
0.051874999 -0.0021250001 0.45712501
0.051874999 -0.001125 0.456875
0.051125001 -0.0021250001 0.456375
0.051125001 -0.003125 0.45662501
0.051874999 -0.0048750001 0.45712501
0.051125001 -0.004125 0.456375
0.051624998 -0.004125 0.45712501
0.051874999 -0.0058749998 0.45712501
0.053125001 -0.0058749998 0.45787501
0.053125001 -0.0048750001 0.45787501
0.053125001 -0.004125 0.45787501
0.054125 -0.0051250001 0.45862499
0.053624999 -0.004125 0.45862499
0.051874999 -0.0081249997 0.45712501
0.053125001 -0.010375 0.45787501
0.053125001 -0.0091249999 0.45787501
0.053125001 -0.011875 0.45787501
0.053125001 -0.011375 0.457625
0.051874999 -0.006875 0.45712501
0.053125001 -0.0081249997 0.45787501
0.054125 -0.010375 0.45862499
0.052875001 -0.006875 0.45787501
0.054125 -0.0058749998 0.45862499
0.055125002 -0.0081249997 0.45937499
0.053874999 -0.006875 0.458875
0.054125 -0.0091249999 0.45862499
0.055125002 -0.0091249999 0.45937499
0.053874999 -0.0081249997 0.458875
0.055125002 -0.010375 0.45937499
0.055125002 -0.007125 0.45937499
0.055875 -0.006875 0.45987499
0.055125002 -0.0058749998 0.45937499
0.055875 -0.0058749998 0.45987499
0.056875002 -0.0058749998 0.460125
0.055875 -0.0091249999 0.460125
0.055875 -0.0081249997 0.45987499
0.056875002 -0.0091249999 0.46037501
0.056875002 -0.0081249997 0.46037501
0.056875002 -0.007125 0.46037501
0.053125001 -0.012875 0.45787501
0.054125 -0.012875 0.45862499
0.054125 -0.011875 0.45862499
0.055125002 -0.012875 0.45962501
0.054125 -0.011375 0.45862499
0.053874999 -0.017124999 0.45912501
0.053874999 -0.016124999 0.45912501
0.055125002 -0.017124999 0.45987499
0.055125002 -0.016124999 0.45987499
0.055125002 -0.014875 0.45962501
0.070874996 0.0021250001 0.483125
0.071874999 0.001125 0.483125
0.069624998 0.0038749999 0.48087499
0.069875002 0.0046250001 0.479875
0.072875001 0.00087500003 0.48337501
0.071874999 0.0021250001 0.48337501
0.071874999 0.002875 0.48337501
0.072875001 0.002875 0.48387501
0.072875001 0.0021250001 0.48387501
0.071125001 -0.001125 0.48262501
0.071125001 0.00012500001 0.48287499
0.071874999 -0.001125 0.48287499
0.071125001 0.0063749999 0.47587499
0.071874999 0.0061249998 0.47687501
0.071125001 0.0063749999 0.474875
0.071125001 0.0046250001 0.48087499
0.069624998 0.003125 0.481875
0.055125002 -0.013875 0.45962501
0.052875001 -0.014875 0.45787501
0.052875001 -0.013875 0.45787501
0.053874999 -0.014875 0.458875
0.053874999 -0.013875 0.458875
0.055875 -0.011125 0.460125
0.055875 -0.010125 0.45987499
0.056875002 -0.010375 0.46037501
0.055875 -0.011875 0.460125
0.055624999 -0.012875 0.460125
0.055125002 -0.011875 0.45937499
0.055125002 -0.011375 0.45937499
0.056875002 -0.011875 0.46062499
0.056875002 -0.011375 0.46062499
0.057875 -0.011125 0.460875
0.057624999 -0.011875 0.460875
0.057875 -0.010375 0.46062499
0.058874998 -0.011875 0.46162501
0.058874998 -0.011375 0.461375
0.055875 -0.016375 0.46037501
0.055875 -0.014875 0.46037501
0.054875001 -0.019874999 0.460125
0.055875 -0.018874999 0.46062499
0.056875002 -0.018874999 0.460875
0.055875 -0.018124999 0.46062499
0.056875002 -0.017124999 0.460875
0.056875002 -0.016124999 0.460875
0.058125 -0.018124999 0.46162501
0.056875002 -0.018124999 0.460875
0.055875 -0.017124999 0.46062499
0.057875 -0.017124999 0.46162501
0.056875002 -0.014875 0.460875
0.057124998 -0.013875 0.460875
0.055875 -0.013875 0.46037501
0.057124998 -0.012875 0.460875
0.057875 -0.013875 0.461375
0.057875 -0.012875 0.461375
0.059875 -0.013875 0.46187499
0.058874998 -0.012875 0.46162501
0.060125001 -0.012875 0.46187499
0.060125001 -0.011875 0.46162501
0.057875 -0.014875 0.461375
0.058874998 -0.014875 0.46187499
0.059875 -0.014875 0.462125
0.058874998 -0.013875 0.46187499
0.060625002 -0.012875 0.462125
0.060874999 -0.013875 0.462125
0.071874999 0.0066249999 0.474875
0.072875001 0.0066249999 0.474875
0.071874999 0.0063749999 0.47587499
0.069875002 0.007125 0.47112501
0.060625002 0.001125 0.45787501
0.060874999 0.0021250001 0.457625
0.062125001 0.002875 0.45787501
0.072624996 -0.0023749999 0.483125
0.055875 -0.020874999 0.460875
0.056125 -0.019874999 0.46062499
0.056875002 -0.021875 0.46162501
0.056875002 -0.020874999 0.461375
0.056875002 -0.019874999 0.461375
0.057875 -0.019874999 0.46187499
0.057875 -0.018874999 0.46187499
0.058874998 -0.018124999 0.462125
0.060125001 -0.018124999 0.462625
0.058625001 -0.017124999 0.462125
0.057875 -0.016375 0.46162501
0.057875 -0.020874999 0.462125
0.058874998 -0.020874999 0.462625
0.058874998 -0.019874999 0.46237499
0.060125001 -0.019874999 0.462625
0.058874998 -0.018874999 0.46237499
0.060874999 -0.019874999 0.463375
0.060125001 -0.018874999 0.46287501
0.062875003 -0.013875 0.463875
0.063874997 -0.017124999 0.46487501
0.063874997 -0.016124999 0.46487501
0.063625 -0.014875 0.46487501
0.064374998 -0.017124999 0.465875
0.064125001 -0.016124999 0.465875
0.058874998 -0.016375 0.46187499
0.060125001 -0.017124999 0.46237499
0.060125001 -0.016375 0.46237499
0.060874999 -0.018124999 0.46287501
0.060874999 -0.017124999 0.46287501
0.060874999 -0.016375 0.462625
0.062125001 -0.016124999 0.462625
0.060874999 -0.014875 0.46237499
0.062125001 -0.014875 0.462625
0.062125001 -0.017124999 0.46287501
0.062125001 -0.018124999 0.46312499
0.060625002 -0.018874999 0.46287501
0.062125001 -0.018874999 0.463375
0.062875003 -0.017124999 0.463875
0.062875003 -0.016375 0.463875
0.062875003 -0.014875 0.463875
0.062875003 -0.018124999 0.463875
0.058625001 -0.024125 0.46287501
0.060125001 -0.024125 0.46362501
0.057875 -0.023125 0.46237499
0.058874998 -0.023125 0.46287501
0.060125001 -0.021125 0.46287501
0.060125001 -0.023125 0.463375
0.060874999 -0.023375001 0.463875
0.057624999 -0.021875 0.462125
0.058874998 -0.021875 0.462625
0.059875 -0.021875 0.46287501
0.060874999 -0.021875 0.46362501
0.060874999 -0.020874999 0.46362501
0.060874999 -0.024125 0.46412501
0.060125001 -0.025125001 0.46362501
0.060625002 -0.025125001 0.46412501
0.062125001 -0.022125 0.463875
0.062125001 -0.024125 0.46437499
0.062875003 -0.024125 0.464625
0.062125001 -0.023125 0.46412501
0.062875003 -0.023125 0.46437499
0.062875003 -0.021875 0.46412501
0.062125001 -0.020874999 0.46362501
0.063874997 -0.018874999 0.46487501
0.063874997 -0.018124999 0.46487501
0.064374998 -0.018124999 0.465875
0.064374998 -0.018874999 0.465875
0.064874999 -0.018874999 0.467125
0.064874999 -0.018124999 0.467125
0.064625002 -0.017124999 0.467125
0.064874999 -0.018874999 0.46762499
0.064874999 -0.018124999 0.467875
0.065125003 -0.018124999 0.469125
0.062875003 -0.020125 0.463875
0.062125001 -0.019874999 0.46362501
0.062875003 -0.018874999 0.463875
0.063874997 -0.019874999 0.46487501
0.064625002 -0.020874999 0.465875
0.064374998 -0.019874999 0.465875
0.064874999 -0.021875 0.46687499
0.064874999 -0.020874999 0.46687499
0.064874999 -0.019874999 0.467125
0.064125001 -0.020874999 0.46487501
0.064625002 -0.021875 0.465875
0.062875003 -0.021125 0.463875
0.061875001 0.0021250001 0.45787501
0.061625 0.00012500001 0.45912501
0.061875001 0.001125 0.45912501
0.069124997 0.006875 0.47187501
0.060125001 0.003125 0.45612499
0.060874999 0.0036249999 0.45587501
0.060874999 0.002875 0.456875
0.061875001 0.0038749999 0.45587501
0.062875003 0.0048750001 0.45587501
0.062875003 0.0048750001 0.455125
0.062125001 0.0033750001 0.45712501
0.062875003 0.0056250002 0.45712501
0.064125001 0.0056250002 0.45387501
0.061625 0.00087500003 0.46062499
0.061875001 0.00012500001 0.460125
0.065875001 0.0093750004 0.457625
0.066875003 0.0096249999 0.45587501
0.065875001 0.0093750004 0.45712501
0.066875003 0.0096249999 0.45712501
0.065875001 0.0091249999 0.455625
0.065875001 0.0088750003 0.455125
0.067125 0.0091249999 0.455125
0.066875003 0.0081249997 0.45287499
0.067125 0.0088750003 0.45387501
0.067874998 0.0093750004 0.45387501
0.067874998 0.0096249999 0.455125
0.069124997 0.0098750005 0.45387501
0.069624998 0.0021250001 0.48212501
0.078125 -0.024125 0.478625
0.076875001 -0.023125 0.478625
0.078125 -0.023125 0.478625
0.076125003 -0.021875 0.478625
0.076875001 -0.021875 0.47887501
0.078125 -0.021875 0.47912499
0.076875001 -0.020874999 0.47912499
0.078125 -0.020874999 0.479375
0.078125 -0.019874999 0.47962499
0.067625001 0.0088750003 0.45287499
0.069624998 0.010125 0.45287499
0.068875 0.0096249999 0.453125
0.071125001 0.010375 0.453125
0.067125 0.0088750003 0.460875
0.066875003 0.0093750004 0.45912501
0.067125 0.0091249999 0.460125
0.067874998 0.0093750004 0.460125
0.065875001 0.0088750003 0.460875
0.076125003 -0.025125001 0.47787499
0.076875001 -0.025374999 0.47787499
0.067874998 0.0091249999 0.460875
0.078125 -0.025125001 0.47837499
0.076125003 -0.024125 0.47812501
0.065875001 0.0086249998 0.462125
0.076875001 -0.024125 0.47837499
0.076125003 -0.023125 0.47837499
0.067125 0.0088750003 0.462125
0.065875001 0.0083750002 0.462625
0.069124997 0.0091249999 0.460875
0.067874998 0.0088750003 0.462125
0.068875 0.0088750003 0.46187499
0.066875003 0.0086249998 0.462625
0.067874998 0.0086249998 0.462625
0.068875 0.0086249998 0.462625
0.067125 0.0081249997 0.46412501
0.067874998 0.0081249997 0.46412501
0.068875 0.0083750002 0.46412501
0.067125 0.007125 0.469125
0.067125 0.006875 0.46987501
0.067874998 0.007125 0.46987501
0.069124997 0.007125 0.46987501
0.069875002 0.007125 0.46987501
0.069624998 0.0081249997 0.46487501
0.068875 0.0076250001 0.465875
0.069875002 0.0078750001 0.46612501
0.068875 0.0076250001 0.467125
0.069875002 0.0076250001 0.467125
0.067874998 0.007375 0.467875
0.068875 0.007375 0.467875
0.069875002 0.0076250001 0.467875
0.067874998 0.007125 0.469125
0.069124997 0.007125 0.469125
0.069875002 0.007375 0.469125
0.069624998 0.0088750003 0.462125
0.069875002 0.0093750004 0.46062499
0.071125001 0.0096249999 0.46062499
0.071125001 0.0093750004 0.462125
0.069875002 0.0086249998 0.462625
0.071125001 0.0088750003 0.462625
0.069875002 0.0083750002 0.46412501
0.071874999 0.0093750004 0.462125
0.085874997 0.010875 0.453125
0.069875002 0.00012500001 0.481875
0.069624998 0.00087500003 0.48212501
0.070874996 0.0038749999 0.481875
0.071125001 0.002875 0.48287499
0.064125001 0.002875 0.47587499
0.064625002 0.0048750001 0.474875
0.065624997 0.0038749999 0.47687501
0.064625002 0.0038749999 0.476125
0.062875003 0.002875 0.47462499
0.064625002 0.00087500003 0.476125
0.064125001 0.0021250001 0.47587499
0.064874999 0.002875 0.476625
0.072875001 0.0093750004 0.462125
0.071874999 0.0088750003 0.46287501
0.072875001 0.0091249999 0.46287501
0.074124999 0.0091249999 0.46287501
0.074874997 0.0091249999 0.46287501
0.066375002 0.00012500001 0.47787499
0.066124998 0.00087500003 0.47787499
0.065875001 0.0021250001 0.47787499
0.065875001 0.003125 0.47787499
0.061875001 0.0021250001 0.47312501
0.062624998 0.0021250001 0.474125
0.062375002 0.002875 0.47387499
0.063874997 0.00087500003 0.47512501
0.071125001 0.0083750002 0.46412501
0.063625 0.0021250001 0.474875
0.071874999 0.0083750002 0.46412501
0.087875001 -0.011875 0.47887501
0.087125003 -0.012875 0.479375
0.088875003 -0.012875 0.47837499
0.089874998 -0.0081249997 0.47787499
0.087875001 -0.010125 0.47887501
0.088124998 -0.0091249999 0.47887501
0.088124998 -0.0081249997 0.47887501
0.087125003 -0.0091249999 0.47962499
0.088875003 -0.0091249999 0.47837499
0.088875003 -0.0081249997 0.478625
0.087875001 0.0098750005 0.453125
0.087125003 0.010875 0.45362499
0.087125003 0.010125 0.45287499
0.088124998 0.010625 0.45412499
0.088624999 0.0088750003 0.453125
0.088624999 0.0098750005 0.45387501
0.089625001 0.010125 0.455125
0.088624999 0.010625 0.455125
0.064125001 -0.004125 0.472875
0.063874997 -0.0048750001 0.47187501
0.064874999 -0.006875 0.47312501
0.064625002 -0.0058749998 0.47312501
0.064374998 -0.007125 0.47187501
0.064125001 -0.0058749998 0.471625
0.090875 0.0076250001 0.45387501
0.092124999 0.007375 0.455125
0.089874998 0.0078750001 0.453125
0.090875 0.007375 0.453125
0.092124999 0.007125 0.45387501
0.092124999 0.007125 0.453125
0.092874996 0.007125 0.453125
0.094125003 0.007125 0.453125
0.065875001 -0.018874999 0.47087499
0.064874999 -0.0081249997 0.472875
0.066624999 -0.020874999 0.47112501
0.066375002 -0.019874999 0.47112501
0.094875 0.007125 0.453125
0.063375004 -0.0091249999 0.467125
0.063375004 -0.0081249997 0.467125
0.063124999 -0.006875 0.467125
0.063375004 -0.007125 0.467875
0.058874998 -0.007125 0.46062499
0.057875 -0.0058749998 0.46037501
0.060125001 -0.0081249997 0.460875
0.058874998 -0.0081249997 0.460875
0.060125001 -0.007125 0.46062499
0.060874999 -0.0058749998 0.460875
0.060874999 -0.007125 0.460875
0.060874999 -0.0091249999 0.461375
0.060874999 -0.0081249997 0.46112499
0.061875001 -0.0091249999 0.462125
0.061875001 -0.0081249997 0.462125
0.062375002 -0.010375 0.462625
0.058874998 -0.010125 0.46112499
0.060125001 -0.010375 0.461375
0.058625001 -0.0091249999 0.460875
0.060125001 -0.0091249999 0.461375
0.061875001 -0.003125 0.460875
0.061875001 -0.003125 0.462125
0.062125001 -0.004125 0.46287501
0.062125001 -0.004125 0.46412501
0.061875001 -0.004125 0.460875
0.061875001 -0.0048750001 0.462125
0.061875001 -0.004125 0.462125
0.062125001 -0.0048750001 0.46287501
0.061875001 -0.0058749998 0.462125
0.062125001 -0.0058749998 0.46287501
0.061625 -0.0051250001 0.46062499
0.062125001 -0.006875 0.46287501
0.062375002 -0.0058749998 0.46412501
0.062375002 -0.0051250001 0.46412501
0.062624998 -0.0058749998 0.46487501
0.061875001 -0.006875 0.462125
0.062624998 -0.0081249997 0.46412501
0.062375002 -0.007125 0.46412501
0.062875003 -0.0091249999 0.46487501
0.062875003 -0.0081249997 0.46487501
0.062624998 -0.007125 0.46487501
0.063124999 -0.0091249999 0.46612501
0.062875003 -0.0081249997 0.465875
0.062875003 -0.006875 0.46612501
0.067125 -0.020874999 0.471625
0.066875003 -0.020125 0.47187501
0.066624999 -0.018874999 0.47187501
0.067625001 -0.019874999 0.47312501
0.066875003 -0.021875 0.47112501
0.067874998 -0.024374999 0.47187501
0.067625001 -0.023125 0.47187501
0.067374997 -0.021875 0.47187501
0.067874998 -0.021875 0.472875
0.067874998 -0.020874999 0.47312501
0.062375002 -0.0091249999 0.462625
0.062375002 -0.0081249997 0.462625
0.062624998 -0.010375 0.46412501
0.062624998 -0.0091249999 0.46412501
0.062624998 -0.010125 0.46487501
0.062375002 -0.011375 0.462625
0.062875003 -0.011125 0.46412501
0.063375004 -0.011875 0.46487501
0.063124999 -0.011125 0.46487501
0.063625 -0.011875 0.465875
0.063375004 -0.011375 0.465875
0.063375004 -0.010375 0.465875
0.060874999 -0.011875 0.46187499
0.060125001 -0.011375 0.46162501
0.060874999 -0.011125 0.46187499
0.060874999 -0.010375 0.46162501
0.061875001 -0.011375 0.462125
0.061875001 -0.010125 0.462125
0.062125001 -0.013875 0.46237499
0.062125001 -0.012875 0.46237499
0.062125001 -0.011875 0.46237499
0.064874999 -0.011125 0.471625
0.064874999 -0.010375 0.47187501
0.064625002 -0.0091249999 0.47187501
0.063874997 -0.013125 0.467125
0.063874997 -0.011875 0.467125
0.063625 -0.011375 0.467125
0.064125001 -0.012875 0.467875
0.063874997 -0.012125 0.467875
0.064625002 -0.013875 0.469125
0.064374998 -0.012875 0.469125
0.064625002 -0.013875 0.46987501
0.063874997 -0.0083750002 0.46987501
0.064625002 -0.010375 0.47112501
0.064374998 -0.0091249999 0.47112501
0.064125001 -0.0081249997 0.47112501
0.064374998 -0.011375 0.46987501
0.064125001 -0.010125 0.46987501
0.064125001 -0.0091249999 0.469625
0.064874999 -0.012875 0.47112501
0.064874999 -0.011875 0.47112501
0.064625002 -0.011375 0.47112501
0.063375004 -0.010375 0.467125
0.074124999 0.0093750004 0.462125
0.063874997 -0.011125 0.467875
0.063625 -0.010375 0.467875
0.063625 -0.0091249999 0.467875
0.063375004 -0.0081249997 0.467875
0.064125001 -0.011875 0.469125
0.064125001 -0.011125 0.46887499
0.063874997 -0.010375 0.469125
0.063874997 -0.0091249999 0.469125
0.063625 -0.0081249997 0.469125
0.063625 -0.007125 0.469125
0.064625002 -0.012875 0.46987501
0.064374998 -0.011875 0.46987501
0.074874997 0.0093750004 0.462125
0.064625002 -0.0081249997 0.47187501
0.065624997 -0.011375 0.47312501
0.065375 -0.010375 0.47312501
0.064874999 -0.0091249999 0.472875
0.066375002 -0.011875 0.47387499
0.067874998 -0.014875 0.474875
0.067625001 -0.013875 0.474875
0.074874997 0.0078750001 0.46762499
0.067374997 -0.012875 0.474875
0.068125002 -0.023125 0.472875
0.072875001 0.0086249998 0.46412501
0.092625 0.006875 0.45587501
0.092874996 0.006875 0.45362499
0.092625 0.006875 0.455125
0.094125003 0.006875 0.455125
0.094875 0.006875 0.455125
0.094125003 0.006875 0.45387501
0.095875002 0.007125 0.453125
0.094875 0.006875 0.45387501
0.097125001 0.007125 0.453125
0.095875002 0.006875 0.45362499
0.097125001 0.006875 0.45387501
0.097874999 0.006875 0.45387501
0.099124998 0.006875 0.45387501
0.095875002 0.006875 0.455125
0.097125001 0.006875 0.455125
0.097874999 0.006875 0.455125
0.097125001 0.0066249999 0.45587501
0.097874999 0.0066249999 0.45587501
0.097874999 0.0063749999 0.45712501
0.099124998 0.0066249999 0.455125
0.099875003 0.006875 0.455125
0.099124998 0.0066249999 0.45587501
0.099875003 0.0066249999 0.45587501
0.101125 0.0066249999 0.45587501
0.097874999 0.007125 0.453125
0.099124998 0.006875 0.453125
0.074124999 0.0086249998 0.46412501
0.074874997 0.0088750003 0.46412501
0.071125001 0.0081249997 0.46487501
0.071874999 0.0081249997 0.46487501
0.072875001 0.0083750002 0.46487501
0.074124999 0.0083750002 0.46487501
0.074874997 0.0086249998 0.46487501
0.072875001 0.0081249997 0.46612501
0.074124999 0.0083750002 0.465875
0.074874997 0.0083750002 0.465875
0.074124999 0.0081249997 0.467125
0.074874997 0.0081249997 0.467125
0.069124997 -0.023125 0.47387499
0.068875 -0.021875 0.474125
0.067874998 0.0096249999 0.45912501
0.068875 0.0096249999 0.45912501
0.068374999 -0.020874999 0.47387499
0.068875 -0.024125 0.47312501
0.069875002 -0.025374999 0.47387499
0.069375001 -0.024125 0.47387499
0.069124997 -0.025125001 0.472875
0.089874998 -0.0091249999 0.47787499
0.088875003 -0.010375 0.47837499
0.089874998 -0.010375 0.47787499
0.062125001 -0.025125001 0.464625
0.062875003 -0.025125001 0.46487501
0.064125001 -0.024125 0.464625
0.064125001 -0.025125001 0.46512499
0.088875003 -0.011875 0.47837499
0.088875003 -0.011375 0.47837499
0.089874998 -0.011125 0.47787499
0.090875 -0.012875 0.47687501
0.064874999 -0.025125001 0.465875
0.090875 -0.011875 0.47687501
0.089874998 -0.012875 0.47787499
0.089874998 -0.011875 0.47787499
0.065624997 -0.021875 0.467875
0.065375 -0.020874999 0.467875
0.065624997 -0.020874999 0.469125
0.065375 -0.019874999 0.467875
0.065624997 -0.019874999 0.469125
0.065375 -0.018874999 0.469125
0.066124998 -0.020874999 0.46987501
0.065875001 -0.020125 0.46987501
0.065624997 -0.018874999 0.46987501
0.065875001 -0.023125 0.46887499
0.065624997 -0.022125 0.469125
0.066624999 -0.023125 0.46987501
0.066375002 -0.021875 0.46987501
0.066375002 -0.025125001 0.467875
0.065875001 -0.024125 0.46762499
0.065875001 -0.023125 0.467875
0.066375002 -0.024125 0.469125
0.067125 -0.023125 0.47087499
0.064125001 -0.021875 0.464625
0.064874999 -0.024125 0.46612501
0.064874999 -0.023125 0.46612501
0.101875 -0.0091249999 0.476125
0.064125001 -0.023125 0.46487501
0.065624997 -0.025125001 0.467125
0.065624997 -0.024125 0.467125
0.065375 -0.023125 0.467125
0.090875 -0.011125 0.47687501
0.092124999 -0.011875 0.476125
0.092124999 -0.011375 0.476125
0.092874996 -0.011375 0.47562501
0.088875003 -0.016124999 0.47812501
0.099875003 0.006875 0.453125
0.101875 -0.011125 0.476125
0.101875 -0.010125 0.476125
0.099124998 0.0063749999 0.45712501
0.099875003 0.0066249999 0.45712501
0.101125 0.0066249999 0.45712501
0.099875003 0.0063749999 0.457625
0.101125 0.0063749999 0.457625
0.101875 0.0063749999 0.457625
0.101875 0.0066249999 0.45587501
0.101875 0.0066249999 0.45712501
0.099875003 0.006875 0.45387501
0.101125 0.006875 0.455125
0.087125003 -0.017124999 0.47887501
0.088124998 -0.017124999 0.478625
0.087125003 -0.016124999 0.47887501
0.088124998 -0.016375 0.478625
0.090125002 -0.016375 0.47762501
0.101875 0.0066249999 0.455125
0.101125 0.006875 0.45387501
0.101125 0.006875 0.453125
0.085874997 -0.014875 0.47962499
0.087125003 -0.013875 0.479375
0.087875001 -0.013875 0.478625
0.087125003 -0.014875 0.47887501
0.088124998 -0.014875 0.478625
0.088875003 -0.014875 0.47787499
0.088875003 -0.013875 0.47837499
0.088875003 -0.018874999 0.47812501
0.088875003 -0.018124999 0.47812501
0.088875003 -0.017124999 0.47812501
0.088124998 -0.018124999 0.478625
0.090125002 -0.017124999 0.47762501
0.090875 -0.013875 0.47687501
0.089874998 -0.013875 0.47787499
0.090125002 -0.014875 0.47762501
0.066624999 -0.025125001 0.469125
0.092124999 -0.012875 0.476125
0.092874996 -0.012875 0.47562501
0.067125 -0.025125001 0.469625
0.066875003 -0.024125 0.46987501
0.067625001 -0.025125001 0.47112501
0.067374997 -0.024125 0.47112501
0.092874996 -0.011875 0.47562501
0.092124999 -0.013875 0.476125
0.068125002 -0.025125001 0.471625
0.090875 -0.014875 0.47687501
0.092874996 -0.013875 0.475375
0.093125001 -0.014875 0.47512501
0.092124999 -0.014875 0.476125
0.092124999 -0.017124999 0.476125
0.092124999 -0.016124999 0.476125
0.090875 -0.016124999 0.47687501
0.092874996 -0.018124999 0.475375
0.093125001 -0.017124999 0.47512501
0.093125001 -0.016375 0.47512501
0.094125003 -0.014875 0.474875
0.094125003 -0.016124999 0.474875
0.094875 -0.014875 0.474875
0.095875002 -0.014875 0.47512501
0.092625 -0.0081249997 0.47587499
0.092625 -0.007125 0.47587499
0.091124997 -0.007125 0.47712499
0.092124999 -0.007125 0.476625
0.091124997 -0.0081249997 0.47712499
0.090875 -0.0091249999 0.47687501
0.092124999 -0.0091249999 0.47637501
0.092124999 -0.0081249997 0.476625
0.101875 0.006875 0.453125
0.101875 0.006875 0.45387501
0.106875 -0.001375 0.47812501
0.107375 0.00012500001 0.47887501
0.107625 0.00012500001 0.48012501
0.107625 0.00087500003 0.48012501
0.107375 -0.001125 0.47887501
0.107875 -0.001125 0.48012501
0.108375 -0.001125 0.48087499
0.108125 0.00012500001 0.48087499
0.108625 0.0038749999 0.48212501
0.108125 0.003125 0.48087499
0.108875 0.003125 0.481875
0.106375 0.0038749999 0.474875
0.106375 0.0048750001 0.474875
0.106375 0.0038749999 0.47587499
0.106375 0.0048750001 0.47587499
0.106875 0.0048750001 0.46887499
0.106875 0.0046250001 0.467875
0.107375 0.0058749998 0.467875
0.106375 0.0021250001 0.47587499
0.106625 0.00087500003 0.47687501
0.106625 0.0021250001 0.47687501
0.106125 -0.00012500001 0.47387499
0.106125 0.001125 0.474125
0.106375 0.00087500003 0.474875
0.106125 -0.001125 0.474875
0.106125 0.00012500001 0.474875
0.106375 -0.001125 0.47587499
0.106375 0.00012500001 0.47587499
0.106625 0.00087500003 0.47587499
0.106625 -0.001125 0.47687501
0.106875 0.00012500001 0.47687501
0.105875 0.0021250001 0.47187501
0.104875 0.001125 0.47187501
0.105875 0.001125 0.47312501
0.104875 -0.00012500001 0.472875
0.106375 -0.0021250001 0.47587499
0.106625 -0.003125 0.47687501
0.106625 -0.0021250001 0.47687501
0.106875 -0.003125 0.47787499
0.106875 -0.0021250001 0.47787499
0.107625 -0.0021250001 0.47887501
0.106875 -0.004125 0.47787499
0.102875 0.0058749998 0.462125
0.102875 0.0056250002 0.462625
0.102875 0.0053750002 0.46412501
0.102875 0.0048750001 0.46487501
0.104125 0.0056250002 0.462625
0.104125 0.0053750002 0.46412501
0.104875 0.0053750002 0.46412501
0.104125 0.0048750001 0.46487501
0.104875 0.0048750001 0.46487501
0.104875 0.0056250002 0.462625
0.104125 0.0058749998 0.462125
0.104875 0.0058749998 0.462125
0.104125 0.0061249998 0.460875
0.104875 0.0058749998 0.460875
0.102875 0.0061249998 0.45912501
0.102875 0.0061249998 0.460125
0.104125 0.0061249998 0.460125
0.102875 0.0061249998 0.460875
0.106125 0.0058749998 0.462125
0.106125 0.0056250002 0.462625
0.106125 0.0051250001 0.46412501
0.106875 0.0058749998 0.462125
0.106875 0.0061249998 0.460125
0.106875 0.0058749998 0.460875
0.108125 0.0058749998 0.460875
0.108125 0.0058749998 0.462125
0.108875 0.0056250002 0.462125
0.104875 0.004375 0.467125
0.106125 0.004125 0.467125
0.104125 0.0046250001 0.465875
0.104875 0.0046250001 0.465875
0.106125 0.0046250001 0.465875
0.106125 0.0038749999 0.467875
0.107125 0.0046250001 0.465875
0.106875 0.004375 0.467125
0.107375 0.0048750001 0.467125
0.106125 0.0048750001 0.46487501
0.106875 0.0048750001 0.46487501
0.106875 0.0051250001 0.46412501
0.107625 0.0058749998 0.467125
0.108125 0.0053750002 0.465875
0.108125 0.0053750002 0.46487501
0.106375 0.0038749999 0.47112501
0.106375 0.0048750001 0.47112501
0.106375 0.0048750001 0.47187501
0.102875 0.0046250001 0.465875
0.102875 0.001125 0.47187501
0.102875 0.00012500001 0.47312501
0.102875 0.0036249999 0.46762499
0.102875 0.004375 0.467125
0.102875 0.0036249999 0.469125
0.106125 0.0038749999 0.47187501
0.106125 0.0038749999 0.47312501
0.106375 0.0048750001 0.47312501
0.102875 0.002875 0.469625
0.102875 0.0021250001 0.47112501
0.104125 0.002875 0.469625
0.104125 0.001875 0.47087499
0.104125 0.0038749999 0.46762499
0.104125 0.0033750001 0.469125
0.104125 0.004375 0.467125
0.104875 0.0038749999 0.46762499
0.104875 0.0033750001 0.469125
0.106125 0.0036249999 0.469125
0.104875 0.0021250001 0.47112501
0.106125 0.003125 0.47187501
0.104875 0.002875 0.469625
0.106375 0.0038749999 0.46987501
0.105875 0.003125 0.46987501
0.106125 0.002875 0.47112501
0.106625 0.007125 0.474875
0.107125 0.0078750001 0.47387499
0.106625 0.007125 0.47312501
0.106625 0.007125 0.47387499
0.107125 0.0078750001 0.47312501
0.108125 0.0083750002 0.47387499
0.107125 0.0078750001 0.47187501
0.108125 0.0083750002 0.47312501
0.106625 0.0058749998 0.47687501
0.106375 0.0058749998 0.47312501
0.106375 0.0058749998 0.47387499
0.106375 0.0058749998 0.474875
0.106625 0.0058749998 0.47587499
0.106375 0.0038749999 0.47387499
0.106375 0.0048750001 0.47387499
0.106375 0.002875 0.474875
0.102875 -0.0058749998 0.47562501
0.102875 -0.0051250001 0.475375
0.102875 -0.004125 0.47512501
0.102875 -0.0033750001 0.47462499
0.102875 -0.0021250001 0.47437501
0.102875 -0.001375 0.47387499
0.104125 0.001125 0.47187501
0.104125 -0.001375 0.47387499
0.104875 -0.001375 0.47387499
0.104125 -0.00012500001 0.472875
0.104125 -0.0021250001 0.47437501
0.104875 -0.0021250001 0.47437501
0.105875 -0.001125 0.474125
0.102875 -0.007125 0.47587499
0.104125 -0.007125 0.47587499
0.104125 -0.0058749998 0.47562501
0.104875 -0.0058749998 0.47562501
0.104125 -0.0051250001 0.475375
0.106125 -0.0023749999 0.47462499
0.106375 -0.003125 0.47587499
0.104125 -0.013875 0.47637501
0.104875 -0.013875 0.476625
0.104875 -0.017124999 0.476625
0.104125 -0.016375 0.476625
0.106375 -0.004125 0.47587499
0.104875 -0.016375 0.476625
0.104125 -0.014875 0.476625
0.106625 -0.004125 0.47687501
0.106875 -0.0058749998 0.47687501
0.106875 -0.0048750001 0.47687501
0.107625 -0.004125 0.47887501
0.107625 -0.003125 0.47887501
0.108125 -0.004125 0.479875
0.108125 -0.003125 0.479875
0.104125 -0.0033750001 0.47462499
0.104875 -0.0033750001 0.47462499
0.104125 -0.004125 0.47512501
0.104875 -0.004125 0.47512501
0.105875 -0.003125 0.474875
0.106125 -0.004125 0.475375
0.104875 -0.0051250001 0.475375
0.104875 -0.014875 0.476625
0.106125 -0.0051250001 0.47587499
0.106125 -0.0058749998 0.47587499
0.106375 0.002875 0.47587499
0.106625 0.002875 0.47687501
0.106625 0.0038749999 0.47687501
0.106625 0.0048750001 0.47687501
0.106125 0.0021250001 0.472875
0.106125 0.003125 0.47312501
0.106375 0.002875 0.47387499
0.106125 0.0021250001 0.474125
0.106375 0.0021250001 0.474875
0.102875 -0.019874999 0.476625
0.102875 -0.018874999 0.476625
0.102875 0.0063749999 0.457625
0.104125 0.0063749999 0.457625
0.104875 0.0061249998 0.45787501
0.102875 -0.018124999 0.476625
0.104125 -0.018124999 0.476625
0.104875 -0.018124999 0.476625
0.102875 -0.017124999 0.47637501
0.104125 -0.017124999 0.476625
0.102875 -0.016375 0.47637501
0.102875 -0.014875 0.47637501
0.106875 0.006875 0.476625
0.106875 0.007125 0.476125
0.107375 0.007125 0.47787499
0.107875 0.007125 0.47887501
0.106875 0.0038749999 0.47887501
0.106875 0.003125 0.47812501
0.106875 0.003125 0.478625
0.107375 0.002875 0.48012501
0.106875 0.00012500001 0.47812501
0.106875 0.001125 0.47812501
0.106875 0.0021250001 0.47812501
0.107375 0.00087500003 0.47887501
0.107125 0.0021250001 0.47887501
0.107625 0.0021250001 0.48012501
0.108125 0.0056250002 0.480625
0.107375 0.0058749998 0.47887501
0.107625 0.0058749998 0.48012501
0.108875 -0.003125 0.48087499
0.108125 0.0066249999 0.48012501
0.104125 -0.010375 0.47637501
0.102875 -0.0091249999 0.476125
0.102875 -0.0081249997 0.476125
0.102875 -0.012875 0.47637501
0.102875 -0.011875 0.47637501
0.102875 -0.011375 0.47637501
0.104125 -0.011375 0.47637501
0.102875 -0.010375 0.47637501
0.104875 -0.010375 0.47637501
0.104125 -0.0091249999 0.476125
0.104875 -0.0091249999 0.476125
0.104125 -0.0081249997 0.476125
0.104875 -0.0081249997 0.476125
0.104875 -0.006875 0.47587499
0.106125 -0.0091249999 0.476125
0.106125 -0.0081249997 0.476125
0.104875 -0.012875 0.47637501
0.104875 -0.011875 0.47637501
0.104875 -0.011375 0.47637501
0.102875 -0.013875 0.47637501
0.104125 -0.012875 0.47637501
0.104125 -0.011875 0.47637501
0.102875 0.0066249999 0.45587501
0.102875 0.0063749999 0.45712501
0.106125 -0.011875 0.47637501
0.106125 -0.010375 0.47637501
0.106875 -0.010125 0.47687501
0.102875 0.0066249999 0.455125
0.104125 0.0066249999 0.455125
0.104875 0.0066249999 0.455125
0.106125 -0.011375 0.47637501
0.106875 -0.0081249997 0.47687501
0.106875 -0.006875 0.47687501
0.107875 -0.0051250001 0.47912499
0.108375 -0.0058749998 0.48012501
0.108375 -0.0051250001 0.48012501
0.107375 -0.0091249999 0.47787499
0.107375 -0.0081249997 0.47787499
0.107375 -0.007125 0.47787499
0.107125 -0.0058749998 0.47812501
0.106875 -0.0048750001 0.47787499
0.107875 -0.006875 0.47887501
0.107875 -0.0058749998 0.47887501
0.106125 -0.006875 0.47587499
0.106875 -0.0091249999 0.47687501
0.106875 0.0058749998 0.47812501
0.106875 0.0038749999 0.47812501
0.106875 0.0048750001 0.47812501
0.106875 0.0048750001 0.47887501
0.108625 0.007125 0.48012501
0.106125 -0.012875 0.47637501
0.108875 0.0066249999 0.48087499
0.102875 0.006875 0.453125
0.102875 0.0066249999 0.45387501
0.104125 0.0066249999 0.45387501
0.104125 0.0066249999 0.45587501
0.104875 0.0063749999 0.45587501
0.104875 0.0063749999 0.45712501
0.104125 0.0066249999 0.453125
