# .PCD v0.7 - Point Cloud Data file format
VERSION 0.7
FIELDS x y z
SIZE 4 4 4
TYPE F F F
COUNT 1 1 1
WIDTH 3510
HEIGHT 1
VIEWPOINT 0 0 0 1 0 0 0
POINTS 3510
DATA ascii
0.006875 -0.029124999 0.439125
0.0066249999 -0.027875001 0.439125
0.0063749999 -0.026875 0.439125
0.0066249999 -0.028875001 0.43687499
0.0061249998 -0.027875001 0.43687499
0.0066249999 -0.028875001 0.437875
0.0063749999 -0.027875001 0.437875
0.0058749998 -0.026875 0.437875
0.0058749998 -0.026125001 0.437875
0.006875 -0.026875 0.44112501
0.0063749999 -0.026125001 0.44112501
0.007125 -0.026875 0.441625
0.006875 -0.026125001 0.44187501
0.0081249997 -0.027875001 0.443625
0.0088750003 -0.028875001 0.444875
0.0086249998 -0.027875001 0.444875
0.0096249999 -0.029874999 0.446125
0.0093750004 -0.028875001 0.446125
0.0091249999 -0.027875001 0.44587499
0.0086249998 -0.029874999 0.44387501
0.0083750002 -0.028875001 0.44387501
0.0091249999 -0.029874999 0.444875
0.0088750003 -0.031125 0.44387501
0.0093750004 -0.031125 0.444875
0.007125 -0.028875001 0.43962499
0.006875 -0.027875001 0.43987501
0.007375 -0.028875001 0.44112501
0.007125 -0.027875001 0.44087499
0.007375 -0.027875001 0.44187501
0.007375 -0.029874999 0.43987501
0.0078750001 -0.029874999 0.44112501
0.0081249997 -0.029874999 0.44187501
0.0078750001 -0.028875001 0.44187501
0.0083750002 -0.029874999 0.44312501
0.0081249997 -0.029124999 0.442875
0.0078750001 -0.027875001 0.44312501
0.0078750001 -0.032125 0.43687499
0.0076250001 -0.031125 0.439125
0.0078750001 -0.031125 0.43987501
0.0088750003 -0.033124998 0.43987501
0.0091249999 -0.033124998 0.44112501
0.0086249998 -0.032125 0.44112501
0.0093750004 -0.033124998 0.44187501
0.0088750003 -0.032125 0.44187501
0.010125 -0.033875 0.44312501
0.0096249999 -0.033124998 0.44312501
0.0091249999 -0.032125 0.44312501
0.0088750003 -0.031125 0.44312501
0.0081249997 -0.031125 0.44087499
0.0083750002 -0.031125 0.44187501
0.0063749999 -0.028875001 0.43412501
0.0058749998 -0.027875001 0.43412501
0.0056250002 -0.026875 0.43412501
0.0053750002 -0.026125001 0.43412501
0.0053750002 -0.026125001 0.43487501
0.0058749998 -0.027875001 0.43612501
0.0058749998 -0.026875 0.43612501
0.0056250002 -0.026125001 0.43612501
0.0058749998 -0.027124999 0.43687499
0.0056250002 -0.026125001 0.43687499
0.006875 -0.030125 0.43412501
0.0063749999 -0.028875001 0.43487501
0.0058749998 -0.027875001 0.43487501
0.0056250002 -0.026875 0.43487501
0.0063749999 -0.028875001 0.43612501
0.007375 -0.031125 0.43687499
0.006875 -0.030125 0.43687499
0.0076250001 -0.031125 0.437875
0.007125 -0.029874999 0.437875
0.007125 -0.029874999 0.439125
0.006875 -0.030125 0.43487501
0.007375 -0.031125 0.43612501
0.006875 -0.030125 0.43612501
0.0081249997 -0.032125 0.43762499
0.0081249997 -0.032125 0.439125
0.0083750002 -0.032125 0.43987501
0.0088750003 -0.034125 0.43612501
0.0096249999 -0.034875002 0.43687499
0.0091249999 -0.033875 0.43687499
0.0083750002 -0.033124998 0.43687499
0.0091249999 -0.033875 0.437875
0.0086249998 -0.033124998 0.437875
0.0088750003 -0.033374999 0.439125
0.0088750003 -0.034125 0.43412501
0.0083750002 -0.033124998 0.43412501
0.0078750001 -0.032375 0.43412501
0.007375 -0.031125 0.43412501
0.0088750003 -0.034125 0.43487501
0.0083750002 -0.033124998 0.43487501
0.0078750001 -0.032375 0.43487501
0.007375 -0.031125 0.43487501
0.0083750002 -0.033124998 0.43612501
0.0078750001 -0.032375 0.43612501
0.010125 -0.026125001 0.44687501
0.007375 -0.026875 0.44312501
0.007375 -0.026125001 0.44312501
0.0078750001 -0.026125001 0.44387501
0.0058749998 -0.026125001 0.43887499
0.0063749999 -0.026875 0.43987501
0.0061249998 -0.026125001 0.43987501
0.0078750001 -0.027124999 0.44387501
0.0086249998 -0.026875 0.444875
0.0091249999 -0.026875 0.44587499
0.0083750002 -0.026125001 0.444875
0.0091249999 -0.026125001 0.44587499
0.010125 -0.026875 0.44687501
0.010125 -0.028124999 0.44687501
0.010125 -0.029874999 0.44662499
0.0098750005 -0.029124999 0.44687501
0.010625 -0.032125 0.44687501
0.010375 -0.031125 0.44687501
0.010125 -0.033124998 0.44462499
0.0098750005 -0.032125 0.444875
0.0098750005 -0.031125 0.446125
0.010125 -0.032125 0.44587499
0.0093750004 -0.032125 0.44387501
0.010875 -0.036125001 0.44112501
0.010875 -0.035875 0.441625
0.010375 -0.034875002 0.44187501
0.011375 -0.035875 0.44312501
0.010625 -0.035124999 0.44312501
0.010375 -0.033875 0.44387501
0.0098750005 -0.033124998 0.44387501
0.010375 -0.033875 0.444875
0.010625 -0.033875 0.446125
0.010375 -0.033124998 0.446125
0.010875 -0.033124998 0.44687501
0.011375 -0.034875002 0.44687501
0.010875 -0.033875 0.44662499
0.011375 -0.035875 0.446125
0.010875 -0.034875002 0.44587499
0.011875 -0.035875 0.44687501
0.012625 -0.036874998 0.44687501
0.012125 -0.036874998 0.446125
0.013125 -0.037875 0.44687501
0.011375 -0.035875 0.44387501
0.010875 -0.035124999 0.44387501
0.011375 -0.035875 0.444875
0.011125 -0.036874998 0.43987501
0.011625 -0.037124999 0.44112501
0.011875 -0.037124999 0.44187501
0.010875 -0.035124999 0.444875
0.012125 -0.036874998 0.444875
0.012875 -0.038125001 0.44312501
0.011875 -0.036874998 0.44312501
0.011875 -0.036874998 0.44387501
0.012875 -0.038125001 0.444875
0.012875 -0.038125001 0.446125
0.013875 -0.039124999 0.44312501
0.012875 -0.038125001 0.44387501
0.013875 -0.039124999 0.444875
0.015125 -0.039875001 0.444875
0.015125 -0.039875001 0.446125
0.014125 -0.038874999 0.446125
0.014125 -0.038874999 0.44687501
0.015125 -0.039375 0.44687501
0.010375 -0.035875 0.437875
0.0098750005 -0.035124999 0.437875
0.010375 -0.035875 0.439125
0.0098750005 -0.035124999 0.439125
0.0093750004 -0.033875 0.439125
0.010625 -0.035875 0.43987501
0.010125 -0.035124999 0.43987501
0.0093750004 -0.033875 0.43987501
0.010125 -0.034875002 0.44112501
0.0096249999 -0.033875 0.44112501
0.0098750005 -0.034125 0.44187501
0.010125 -0.035875 0.43612501
0.010875 -0.036874998 0.43687499
0.010875 -0.036874998 0.437875
0.010875 -0.036874998 0.439125
0.0038749999 -0.012875 0.43987501
0.0038749999 -0.011875 0.43987501
0.0048750001 -0.016124999 0.44112501
0.0046250001 -0.014875 0.44112501
0.0046250001 -0.013875 0.44112501
0.0046250001 -0.012875 0.44112501
0.004375 -0.011875 0.44112501
0.0053750002 -0.016375 0.44187501
0.0048750001 -0.014875 0.441625
0.0048750001 -0.013875 0.441625
0.0048750001 -0.012875 0.44187501
0.0056250002 -0.014875 0.44312501
0.0048750001 -0.017124999 0.44112501
0.0048750001 -0.011875 0.44187501
0.0056250002 -0.013875 0.44312501
0.0056250002 -0.012875 0.44312501
0.0056250002 -0.011875 0.44312501
0.0063749999 -0.013875 0.44387501
0.0063749999 -0.012875 0.44387501
0.0056250002 -0.018124999 0.44187501
0.0058749998 -0.017124999 0.442875
0.0063749999 -0.016375 0.44387501
0.0058749998 -0.016124999 0.44312501
0.0053750002 -0.017124999 0.44187501
0.0081249997 -0.017124999 0.44587499
0.007125 -0.016375 0.44462499
0.0056250002 -0.018874999 0.44187501
0.0058749998 -0.018874999 0.442875
0.0058749998 -0.018124999 0.442875
0.0066249999 -0.017124999 0.44387501
0.006875 -0.019874999 0.44387501
0.006875 -0.018874999 0.44387501
0.006875 -0.018124999 0.444125
0.007125 -0.017124999 0.44462499
0.0081249997 -0.018124999 0.44587499
0.007125 -0.012875 0.44462499
0.0081249997 -0.016124999 0.44587499
0.0081249997 -0.014875 0.44587499
0.0081249997 -0.013875 0.44562501
0.0063749999 -0.014875 0.44387501
0.007125 -0.014875 0.44462499
0.007125 -0.013875 0.44462499
0.0091249999 -0.016375 0.44662499
0.0081249997 -0.018874999 0.44587499
0.0091249999 -0.018874999 0.44637501
0.0076250001 -0.018874999 0.444875
0.007375 -0.018124999 0.444875
0.0091249999 -0.018124999 0.44662499
0.0091249999 -0.017124999 0.44662499
0.010125 -0.018124999 0.44687501
0.0098750005 -0.017124999 0.44687501
0.0048750001 -0.018124999 0.43987501
0.0048750001 -0.018124999 0.44087499
0.0036249999 -0.018874999 0.43487501
0.0033750001 -0.018124999 0.43487501
0.0036249999 -0.018124999 0.43612501
0.0038749999 -0.018124999 0.43687499
0.004125 -0.019874999 0.43612501
0.0036249999 -0.019125 0.435875
0.004375 -0.019874999 0.43687499
0.004125 -0.018874999 0.43687499
0.004125 -0.020874999 0.43487501
0.0038749999 -0.020125 0.43487501
0.0046250001 -0.021875 0.43612501
0.004375 -0.020874999 0.43612501
0.004375 -0.014875 0.43987501
0.0038749999 -0.013875 0.43962499
0.0038749999 -0.017124999 0.43762499
0.004375 -0.017124999 0.439125
0.004125 -0.016124999 0.439125
0.0036249999 -0.015125 0.439125
0.0046250001 -0.017124999 0.43987501
0.004375 -0.016375 0.43987501
0.004375 -0.018124999 0.437875
0.0048750001 -0.019874999 0.439125
0.0046250001 -0.018874999 0.439125
0.0046250001 -0.018124999 0.439125
0.0053750002 -0.020874999 0.43987501
0.0048750001 -0.019874999 0.43962499
0.0046250001 -0.019125 0.43987501
0.0051250001 -0.018874999 0.44112501
0.0053750002 -0.021875 0.43987501
0.0056250002 -0.020874999 0.44112501
0.0053750002 -0.019874999 0.44112501
0.0058749998 -0.019874999 0.44187501
0.0058749998 -0.024125 0.44087499
0.0056250002 -0.023125 0.44112501
0.0058749998 -0.021875 0.44112501
0.0058749998 -0.021875 0.441625
0.0056250002 -0.021125 0.44187501
0.0063749999 -0.024125 0.44187501
0.0061249998 -0.023125 0.44187501
0.0066249999 -0.021875 0.44312501
0.0063749999 -0.020874999 0.44312501
0.0058749998 -0.019874999 0.442875
0.0048750001 -0.023125 0.43612501
0.0048750001 -0.021875 0.43687499
0.0046250001 -0.020874999 0.43687499
0.0048750001 -0.021875 0.437875
0.0048750001 -0.020874999 0.437875
0.0051250001 -0.021875 0.439125
0.0046250001 -0.019874999 0.437875
0.004375 -0.018874999 0.437875
0.0048750001 -0.020874999 0.43887499
0.0058749998 -0.025125001 0.439125
0.0056250002 -0.024125 0.439125
0.0056250002 -0.025125001 0.43987501
0.0058749998 -0.024125 0.43987501
0.0056250002 -0.023125 0.43987501
0.0061249998 -0.025125001 0.44112501
0.0051250001 -0.024125 0.43687499
0.0048750001 -0.023125 0.436625
0.0056250002 -0.025125001 0.437875
0.0053750002 -0.024125 0.437875
0.0053750002 -0.023125 0.437875
0.0053750002 -0.023125 0.439125
0.0051250001 -0.025125001 0.43487501
0.0053750002 -0.025125001 0.43612501
0.0048750001 -0.024125 0.43612501
0.0053750002 -0.025125001 0.43687499
0.0078750001 -0.010125 0.444875
0.0081249997 -0.0091249999 0.444875
0.0091249999 -0.0091249999 0.445375
0.0088750003 -0.0081249997 0.444875
0.0081249997 -0.0081249997 0.44437501
0.0088750003 -0.012875 0.44587499
0.0088750003 -0.013875 0.44587499
0.010125 -0.013875 0.44662499
0.0081249997 -0.011875 0.445375
0.0091249999 -0.011875 0.44587499
0.010125 -0.012875 0.44662499
0.0078750001 -0.011125 0.444875
0.0098750005 -0.010125 0.446125
0.0091249999 -0.010375 0.44562501
0.010125 -0.011875 0.44637501
0.0091249999 -0.011125 0.44587499
0.010125 -0.011375 0.44637501
0.007125 -0.011875 0.44462499
0.0081249997 -0.012875 0.445375
0.010125 -0.0081249997 0.44687501
0.0098750005 -0.006875 0.44687501
0.0098750005 -0.0081249997 0.446125
0.0098750005 -0.0091249999 0.446125
0.010125 -0.0091249999 0.44687501
0.010625 -0.011375 0.44687501
0.010375 -0.010375 0.44687501
0.010625 -0.011875 0.44687501
0.010625 -0.013875 0.44712499
0.010625 -0.012875 0.44712499
0.0091249999 -0.014875 0.44637501
0.010125 -0.014875 0.44687501
0.010125 -0.016124999 0.44687501
0.010875 -0.017124999 0.447375
0.010875 -0.016124999 0.44712499
0.010875 -0.014875 0.44712499
0.0078750001 -0.020874999 0.444875
0.0078750001 -0.019874999 0.44512501
0.0088750003 -0.022125 0.446125
0.0088750003 -0.020874999 0.446125
0.010125 -0.024125 0.44687501
0.0088750003 -0.019874999 0.446125
0.010125 -0.019125 0.44687501
0.010875 -0.018874999 0.447375
0.010875 -0.018124999 0.447375
0.010125 -0.020874999 0.44687501
0.0098750005 -0.020125 0.44687501
0.010125 -0.021875 0.44662499
0.010875 -0.020874999 0.447375
0.010875 -0.019874999 0.447375
0.010125 -0.025125001 0.44687501
0.010125 -0.023125 0.44687501
0.010875 -0.021875 0.447375
0.007125 -0.021875 0.443625
0.006875 -0.021125 0.44387501
0.0081249997 -0.021875 0.444875
0.006875 -0.023125 0.44312501
0.0078750001 -0.025125001 0.444125
0.0078750001 -0.024125 0.444125
0.0086249998 -0.025125001 0.444875
0.0091249999 -0.025125001 0.44587499
0.0066249999 -0.025125001 0.44187501
0.007125 -0.025125001 0.442875
0.006875 -0.024125 0.44312501
0.0076250001 -0.023125 0.44387501
0.0083750002 -0.024125 0.444875
0.0081249997 -0.023125 0.44462499
0.0091249999 -0.024125 0.44587499
0.0091249999 -0.023125 0.44587499
0.004375 -0.021875 0.43412501
0.0036249999 -0.019874999 0.43412501
0.004375 -0.021875 0.43487501
0.0046250001 -0.023125 0.43412501
0.0046250001 -0.023125 0.43487501
0.0048750001 -0.024374999 0.43412501
0.0051250001 -0.025125001 0.43412501
0.0048750001 -0.024125 0.43487501
0.0088750003 0.0021250001 0.44687501
0.0088750003 0.0021250001 0.44587499
0.0088750003 0.001125 0.444875
0.0088750003 0.0021250001 0.444875
0.0086249998 0.00087500003 0.44687501
0.0086249998 0.00087500003 0.446125
0.010125 0.002875 0.44687501
0.010125 0.0033750001 0.444875
0.0098750005 0.003125 0.44587499
0.0093750004 0.002875 0.444875
0.011875 0.0038749999 0.44462499
0.010875 0.0036249999 0.444875
0.012875 0.004125 0.444875
0.010875 0.0036249999 0.446125
0.011875 0.0038749999 0.446125
0.012875 0.0038749999 0.44587499
0.013875 0.004375 0.446125
0.010875 0.0033750001 0.44687501
0.011875 0.0036249999 0.44687501
0.012875 0.0038749999 0.44687501
0.013625 0.0038749999 0.44687501
0.015125 0.004375 0.446125
0.016124999 0.0046250001 0.446125
0.017124999 0.0046250001 0.44587499
0.015125 0.004375 0.44687501
0.016124999 0.004375 0.44687501
0.017124999 0.0046250001 0.44687501
0.017875001 0.0046250001 0.44662499
0.018874999 0.0051250001 0.44687501
0.019874999 0.0053750002 0.44687501
0.020874999 0.0056250002 0.44687501
0.022125 0.0058749998 0.44687501
0.022875 0.0058749998 0.44687501
0.024125 0.0063749999 0.44687501
0.025125001 0.0066249999 0.44687501
0.031125 0.0083750002 0.44387501
0.032125 0.0086249998 0.44387501
0.031125 0.0081249997 0.444875
0.032125 0.0083750002 0.444875
0.032875001 0.0086249998 0.444875
0.030874999 0.0081249997 0.446125
0.032125 0.0081249997 0.446125
0.032875001 0.0083750002 0.446125
0.034125 0.0086249998 0.446125
0.032125 0.0088750003 0.442875
0.032875001 0.0086249998 0.44387501
0.034125 0.0086249998 0.444875
0.032625001 0.0091249999 0.44312501
0.034125 0.0093750004 0.44312501
0.034875002 0.0096249999 0.44312501
0.034875002 0.010125 0.43987501
0.034125 0.0098750005 0.44112501
0.034875002 0.0098750005 0.44112501
0.034125 0.0096249999 0.44187501
0.034875002 0.0096249999 0.44187501
0.034125 0.0088750003 0.443625
0.034875002 0.0088750003 0.44462499
0.036125001 0.0093750004 0.444875
0.036125001 0.0088750003 0.44587499
0.037124999 0.0096249999 0.444875
0.034875002 0.0086249998 0.446125
0.037124999 0.0093750004 0.446125
0.034875002 0.0091249999 0.44387501
0.036125001 0.0096249999 0.44387501
0.036125001 0.010375 0.43987501
0.035875 0.010125 0.44112501
0.037124999 0.010375 0.44112501
0.036125001 0.0098750005 0.44187501
0.036125001 0.010125 0.439125
0.036125001 0.010125 0.437875
0.037875 0.010125 0.44387501
0.037875 0.0096249999 0.444875
0.037875 0.0093750004 0.446125
0.037124999 0.0098750005 0.44387501
0.036874998 0.010125 0.44187501
0.037875 0.010375 0.44187501
0.036125001 0.0096249999 0.44312501
0.037124999 0.0098750005 0.442875
0.037875 0.010125 0.44312501
0.037124999 0.010375 0.43987501
0.037875 0.010375 0.44112501
0.036874998 0.0098750005 0.439125
0.037124999 0.0091249999 0.437875
0.037875 0.0098750005 0.43987501
0.037875 0.0088750003 0.43887499
0.036874998 0.0088750003 0.43687499
0.036874998 0.006875 0.43487501
0.036874998 0.0078750001 0.43612501
0.037875 0.0058749998 0.43487501
0.037374999 0.007125 0.43612501
0.037875 0.0061249998 0.43612501
0.037875 0.0058749998 0.43412501
0.037875 0.007125 0.436625
0.037625 0.0081249997 0.43687499
0.037875 0.0081249997 0.43762499
0.026875 0.006875 0.44687501
0.025875 0.006875 0.44687501
0.027875001 0.007125 0.44687501
0.029124999 0.007375 0.44687501
0.030125 0.0076250001 0.44687501
0.032875001 0.0081249997 0.44687501
0.034125 0.0083750002 0.44687501
0.030125 0.0078750001 0.446125
0.031125 0.0078750001 0.44687501
0.032125 0.0078750001 0.44662499
0.034875002 0.0086249998 0.44687501
0.036874998 0.0091249999 0.44687501
0.036125001 0.0088750003 0.44687501
0.037875 0.0093750004 0.44687501
0.0093750004 0.002875 0.44387501
0.0093750004 0.002875 0.44312501
0.010125 0.0036249999 0.44387501
0.010625 0.004125 0.44187501
0.010125 0.0036249999 0.44187501
0.010125 0.0036249999 0.44312501
0.0098750005 0.003125 0.44112501
0.0096249999 0.002875 0.44187501
0.0096249999 0.0021250001 0.44112501
0.0091249999 -0.00012500001 0.43687499
0.010375 0.0021250001 0.437875
0.010375 0.002875 0.439125
0.0098750005 0.003125 0.43987501
0.0098750005 0.001125 0.43987501
0.0098750005 0.001125 0.439125
0.0098750005 0.0021250001 0.43987501
0.010125 0.00087500003 0.437875
0.010125 0.001875 0.439125
0.010125 0.00087500003 0.43687499
0.010375 0.0038749999 0.44112501
0.010625 0.004125 0.43987501
0.010875 0.004375 0.44112501
0.012875 0.0048750001 0.44112501
0.011875 0.0048750001 0.43987501
0.012875 0.0051250001 0.43987501
0.011875 0.0048750001 0.44112501
0.010875 0.0021250001 0.436625
0.011375 0.002875 0.43687499
0.010875 0.003125 0.437875
0.011625 0.004125 0.437875
0.010875 0.0038749999 0.43887499
0.011875 0.0048750001 0.439125
0.012875 0.0051250001 0.439125
0.013875 0.0053750002 0.43987501
0.012875 0.0048750001 0.437875
0.012875 0.0046250001 0.43687499
0.013875 0.0053750002 0.439125
0.013875 0.0056250002 0.437875
0.0081249997 -0.000375 0.43412501
0.0088750003 -0.00012500001 0.43487501
0.010125 0.00062499999 0.43412501
0.0091249999 -0.00012500001 0.43612501
0.010875 0.001125 0.43412501
0.010125 0.000375 0.43487501
0.010125 0.000375 0.43612501
0.0088750003 0.00012500001 0.43412501
0.010625 0.00087500003 0.43612501
0.010875 0.001125 0.43487501
0.011875 0.0021250001 0.43487501
0.011125 0.001875 0.43612501
0.011875 0.003125 0.435875
0.011875 0.001875 0.43412501
0.012625 0.003125 0.43487501
0.013625 0.004125 0.43487501
0.012875 0.0038749999 0.435875
0.011875 0.0036249999 0.43687499
0.012875 0.002875 0.43412501
0.015875001 0.0058749998 0.439125
0.015125 0.0056250002 0.437875
0.015125 0.0058749998 0.439125
0.015125 0.0056250002 0.43987501
0.013875 0.0053750002 0.43687499
0.015125 0.0058749998 0.43687499
0.013875 0.0048750001 0.435875
0.015125 0.0056250002 0.43612501
0.016124999 0.0063749999 0.43612501
0.016124999 0.0061249998 0.437875
0.016124999 0.0063749999 0.43687499
0.017124999 0.0063749999 0.437875
0.017875001 0.007125 0.435875
0.019874999 0.0076250001 0.43487501
0.017124999 0.006875 0.43612501
0.018874999 0.007375 0.43612501
0.017124999 0.0066249999 0.43687499
0.017875001 0.006875 0.43687499
0.018874999 0.007375 0.43487501
0.013875 0.0036249999 0.43412501
0.016124999 0.0056250002 0.43487501
0.017875001 0.0066249999 0.43412501
0.014875 0.0048750001 0.434625
0.017124999 0.0066249999 0.43487501
0.015625 0.0048750001 0.43412501
0.015125 0.0046250001 0.43412501
0.018625 0.007125 0.43412501
0.019874999 0.0076250001 0.43412501
0.017625 0.007125 0.434625
0.020874999 0.0078750001 0.43412501
0.0091249999 0.001125 0.44387501
0.0091249999 0.0021250001 0.44387501
0.0096249999 0.0021250001 0.44187501
0.0093750004 0.00087500003 0.44312501
0.0093750004 0.0021250001 0.44312501
0.0096249999 0.00087500003 0.44187501
0.0098750005 0.00087500003 0.44112501
0.0091249999 0.00012500001 0.44387501
0.0088750003 -0.00012500001 0.444875
0.0098750005 0.00012500001 0.44187501
0.0096249999 0.00012500001 0.44312501
0.0096249999 -0.001125 0.44312501
0.0096249999 -0.0021250001 0.44387501
0.0093750004 -0.001125 0.44387501
0.0098750005 -0.001125 0.44187501
0.0098750005 0.00012500001 0.43987501
0.0098750005 -0.001125 0.44112501
0.0093750004 -0.001125 0.43987501
0.010125 0.00012500001 0.44087499
0.0091249999 -0.00012500001 0.437875
0.0096249999 0.00012500001 0.439125
0.010625 0.0038749999 0.44312501
0.011875 0.004375 0.44312501
0.010875 0.0038749999 0.443625
0.011875 0.004125 0.44387501
0.012875 0.004375 0.44387501
0.013875 0.004375 0.444875
0.015125 0.0053750002 0.44187501
0.016124999 0.0053750002 0.44187501
0.014875 0.0048750001 0.44312501
0.016124999 0.0053750002 0.44312501
0.015125 0.0048750001 0.44387501
0.015875001 0.0048750001 0.44387501
0.017124999 0.0053750002 0.44387501
0.015125 0.0046250001 0.444875
0.016124999 0.0046250001 0.44462499
0.017124999 0.0051250001 0.444875
0.017875001 0.0053750002 0.444875
0.017875001 0.0051250001 0.446125
0.013875 0.0048750001 0.44187501
0.013875 0.0051250001 0.44112501
0.015125 0.0053750002 0.44112501
0.011875 0.0046250001 0.44187501
0.012875 0.0048750001 0.44187501
0.012875 0.0046250001 0.44312501
0.013875 0.0048750001 0.44312501
0.013875 0.0046250001 0.44387501
0.017124999 0.0063749999 0.439125
0.016124999 0.0058749998 0.43987501
0.016875001 0.0058749998 0.43987501
0.016124999 0.0056250002 0.44112501
0.017124999 0.0056250002 0.44112501
0.017124999 0.0056250002 0.44187501
0.017875001 0.0058749998 0.441625
0.017124999 0.0056250002 0.44312501
0.017875001 0.0056250002 0.44312501
0.017875001 0.0056250002 0.44387501
0.018874999 0.0053750002 0.446125
0.019874999 0.006875 0.43887499
0.020874999 0.006875 0.43987501
0.021875 0.007125 0.44112501
0.018874999 0.0056250002 0.442875
0.019874999 0.0056250002 0.44387501
0.017875001 0.0066249999 0.439125
0.018874999 0.0066249999 0.439125
0.017875001 0.0063749999 0.43987501
0.018874999 0.0066249999 0.43987501
0.019874999 0.006875 0.43987501
0.022125 0.007125 0.43987501
0.023125 0.007375 0.43987501
0.017875001 0.0061249998 0.44112501
0.018874999 0.0063749999 0.44112501
0.019874999 0.0066249999 0.44112501
0.020874999 0.006875 0.44112501
0.018874999 0.0061249998 0.44187501
0.019874999 0.0063749999 0.44187501
0.020874999 0.0066249999 0.44187501
0.022125 0.006875 0.44187501
0.019874999 0.0061249998 0.44312501
0.020874999 0.0063749999 0.44312501
0.018874999 0.0058749998 0.44387501
0.018874999 0.0056250002 0.444875
0.019874999 0.0076250001 0.43612501
0.020874999 0.0078750001 0.43612501
0.018625 0.007125 0.43687499
0.019874999 0.007375 0.43687499
0.020874999 0.0076250001 0.43687499
0.017875001 0.0066249999 0.437875
0.022125 0.0078750001 0.43687499
0.018874999 0.006875 0.43762499
0.019874999 0.007125 0.437875
0.020874999 0.007375 0.437875
0.022125 0.0076250001 0.437875
0.020874999 0.007125 0.439125
0.022125 0.007375 0.439125
0.023125 0.0076250001 0.439125
0.020874999 0.0058749998 0.444875
0.024875 0.006875 0.444875
0.024125 0.0076250001 0.43987501
0.023125 0.007375 0.44112501
0.024125 0.007375 0.44112501
0.022875 0.007125 0.44187501
0.024125 0.007375 0.44187501
0.022125 0.0066249999 0.44312501
0.023125 0.006875 0.44312501
0.023875 0.007125 0.44312501
0.020874999 0.0061249998 0.44387501
0.022125 0.0063749999 0.44387501
0.023125 0.0066249999 0.44387501
0.024125 0.006875 0.443625
0.019874999 0.0058749998 0.444875
0.022125 0.0063749999 0.444875
0.023125 0.0063749999 0.444875
0.024125 0.0066249999 0.444875
0.019874999 0.0056250002 0.446125
0.020874999 0.0058749998 0.446125
0.021875 0.0058749998 0.446125
0.023125 0.0063749999 0.446125
0.024125 0.0066249999 0.446125
0.025125001 0.006875 0.446125
0.022125 0.0083750002 0.43412501
0.023125 0.0086249998 0.43412501
0.023125 0.0083750002 0.43487501
0.023125 0.0083750002 0.43612501
0.022875 0.0081249997 0.43687499
0.023125 0.0078750001 0.437875
0.024125 0.0086249998 0.43487501
0.024125 0.0083750002 0.43612501
0.025125001 0.0086249998 0.43612501
0.024125 0.0083750002 0.43687499
0.025125001 0.0086249998 0.43687499
0.025875 0.0088750003 0.43687499
0.023875 0.0081249997 0.437875
0.025125001 0.0083750002 0.437875
0.024125 0.0078750001 0.439125
0.025875 0.0086249998 0.437875
0.026875 0.0088750003 0.437875
0.025125001 0.0081249997 0.439125
0.025875 0.0083750002 0.439125
0.026875 0.0086249998 0.439125
0.027875001 0.0086249998 0.439125
0.025875 0.0078750001 0.44087499
0.026875 0.0078750001 0.44187501
0.025125001 0.0076250001 0.44112501
0.026875 0.0081249997 0.44112501
0.025125001 0.0076250001 0.44187501
0.025875 0.0078750001 0.44187501
0.027875001 0.0081249997 0.44187501
0.025125001 0.007375 0.44312501
0.025875 0.0076250001 0.44312501
0.026875 0.0078750001 0.44312501
0.025125001 0.007125 0.44387501
0.025875 0.007375 0.44387501
0.026875 0.0076250001 0.44387501
0.025875 0.007125 0.444875
0.027875001 0.0081249997 0.44312501
0.025875 0.007125 0.44587499
0.029124999 0.0081249997 0.44312501
0.027875001 0.0078750001 0.44387501
0.028875001 0.0081249997 0.44387501
0.026875 0.007375 0.444875
0.027875001 0.0076250001 0.444875
0.029124999 0.0078750001 0.444875
0.026875 0.007125 0.446125
0.027875001 0.007375 0.446125
0.029124999 0.0076250001 0.446125
0.025125001 0.0078750001 0.43987501
0.025875 0.0081249997 0.43987501
0.026875 0.0083750002 0.43987501
0.027875001 0.0086249998 0.43987501
0.027875001 0.0083750002 0.44112501
0.029124999 0.0083750002 0.44187501
0.030125 0.0083750002 0.44312501
0.031125 0.0086249998 0.44312501
0.030125 0.0083750002 0.44387501
0.029874999 0.0081249997 0.444875
0.030874999 0.0091249999 0.44112501
0.030125 0.0086249998 0.44187501
0.031125 0.0088750003 0.44187501
0.031874999 0.0091249999 0.44187501
0.027875001 0.0088750003 0.437875
0.029124999 0.0091249999 0.437875
0.030125 0.0093750004 0.437875
0.029874999 0.0088750003 0.43987501
0.029124999 0.0088750003 0.43987501
0.029124999 0.0086249998 0.44112501
0.030125 0.0088750003 0.44112501
0.031125 0.0096249999 0.437875
0.029124999 0.0088750003 0.43887499
0.030125 0.0091249999 0.439125
0.031125 0.0093750004 0.439125
0.031125 0.0093750004 0.43987501
0.021875 0.0081249997 0.435875
0.020874999 0.0078750001 0.43487501
0.022125 0.0081249997 0.43487501
0.024125 0.0088750003 0.43412501
0.025875 0.0091249999 0.43412501
0.025125001 0.0088750003 0.43487501
0.025625 0.0091249999 0.43487501
0.025875 0.0088750003 0.43612501
0.026875 0.0093750004 0.43412501
0.027875001 0.0093750004 0.43412501
0.026875 0.0093750004 0.43487501
0.027875001 0.0093750004 0.43487501
0.026875 0.0091249999 0.43612501
0.026875 0.0088750003 0.43687499
0.029124999 0.0096249999 0.43487501
0.027875001 0.0093750004 0.43612501
0.029124999 0.0096249999 0.43612501
0.030125 0.0096249999 0.43612501
0.027875001 0.0091249999 0.43687499
0.029124999 0.0093750004 0.43687499
0.030125 0.0096249999 0.43687499
0.031125 0.0096249999 0.43687499
0.030125 0.0096249999 0.43487501
0.029124999 0.0093750004 0.43412501
0.030125 0.0093750004 0.43412501
0.031125 0.0093750004 0.43412501
0.031125 0.0098750005 0.43612501
0.032125 0.010125 0.43612501
0.032125 0.0098750005 0.436625
0.032875001 0.0098750005 0.43687499
0.033875 0.010125 0.439125
0.032125 0.0098750005 0.437875
0.032125 0.0096249999 0.439125
0.032875001 0.0098750005 0.439125
0.034875002 0.010125 0.439125
0.032125 0.0093750004 0.43987501
0.032875001 0.0096249999 0.43987501
0.034125 0.0098750005 0.43987501
0.032125 0.0093750004 0.44112501
0.032875001 0.0096249999 0.44112501
0.032875001 0.0096249999 0.44187501
0.032875001 0.0098750005 0.437875
0.034125 0.010125 0.437875
0.034125 0.010125 0.436625
0.034875002 0.010125 0.437875
0.031125 0.0098750005 0.43487501
0.032875001 0.0098750005 0.435875
0.032125 0.0093750004 0.43412501
0.032125 0.0098750005 0.43487501
0.032875001 0.0096249999 0.43487501
0.034625001 0.0078750001 0.43412501
0.034125 0.0086249998 0.43412501
0.034875002 0.0098750005 0.43687499
0.034125 0.0091249999 0.434625
0.034125 0.0098750005 0.43612501
0.034625001 0.0088750003 0.43487501
0.034875002 0.0093750004 0.43612501
0.035875 0.0088750003 0.43612501
0.036125001 0.0096249999 0.43687499
0.035875 0.006875 0.43412501
0.035875 0.0078750001 0.43487501
0.0088750003 -0.001125 0.44687501
0.0086249998 0.00012500001 0.44687501
0.0093750004 -0.0021250001 0.444875
0.0088750003 -0.001375 0.44587499
0.0088750003 0.00012500001 0.446125
0.002625 -0.007125 0.43412501
0.007125 -0.0021250001 0.436625
0.0078750001 -0.001875 0.437875
0.0083750002 -0.001125 0.437875
0.0081249997 -0.001125 0.436625
0.0038749999 -0.004125 0.43412501
0.0038749999 -0.004125 0.434625
0.002875 -0.0058749998 0.43412501
0.0033750001 -0.0051250001 0.43487501
0.0038749999 -0.0048750001 0.43612501
0.0038749999 -0.0051250001 0.436625
0.003125 -0.0048750001 0.43412501
0.0046250001 -0.003125 0.43412501
0.006875 -0.001125 0.43412501
0.0056250002 -0.003125 0.43612501
0.006875 -0.001875 0.43612501
0.0058749998 -0.003125 0.436625
0.0058749998 -0.0023749999 0.43487501
0.0056250002 -0.001875 0.43412501
0.0048750001 -0.0033750001 0.43487501
0.007125 -0.001125 0.434625
0.0078750001 -0.001125 0.43612501
0.0081249997 -0.00062499999 0.43487501
0.0038749999 -0.010125 0.43987501
0.004375 -0.011375 0.44112501
0.0046250001 -0.010375 0.44112501
0.0048750001 -0.010125 0.44187501
0.0036249999 -0.010375 0.439125
0.0038749999 -0.011125 0.43987501
0.0048750001 -0.011125 0.44187501
0.0056250002 -0.011375 0.44312501
0.0063749999 -0.011875 0.44387501
0.002625 -0.007125 0.43487501
0.002625 -0.0091249999 0.43612501
0.002875 -0.0081249997 0.43612501
0.002875 -0.006875 0.43612501
0.003125 -0.0081249997 0.43687499
0.002875 -0.0091249999 0.43687499
0.0033750001 -0.0091249999 0.437875
0.0023749999 -0.010375 0.43412501
0.0023749999 -0.0091249999 0.43412501
0.0023749999 -0.0081249997 0.43412501
0.0023749999 -0.010375 0.43487501
0.002625 -0.0091249999 0.43487501
0.002625 -0.0081249997 0.43487501
0.0023749999 -0.012875 0.43412501
0.0023749999 -0.011875 0.43412501
0.002625 -0.012875 0.43487501
0.0023749999 -0.011375 0.43412501
0.002625 -0.011875 0.43487501
0.002625 -0.011375 0.43487501
0.002875 -0.012875 0.43612501
0.002875 -0.011875 0.43612501
0.002875 -0.017375 0.43412501
0.002625 -0.011375 0.43612501
0.003125 -0.012875 0.43687499
0.003125 -0.011875 0.436625
0.002875 -0.011125 0.43687499
0.0033750001 -0.011875 0.437875
0.0036249999 -0.011875 0.439125
0.0033750001 -0.012875 0.437875
0.0038749999 -0.013875 0.439125
0.0036249999 -0.012875 0.439125
0.002625 -0.010375 0.43612501
0.002875 -0.010125 0.43687499
0.003125 -0.011125 0.437875
0.003125 -0.010125 0.437875
0.0036249999 -0.011375 0.439125
0.0036249999 -0.014875 0.43687499
0.0033750001 -0.013875 0.43687499
0.0038749999 -0.016375 0.437875
0.0036249999 -0.014875 0.437875
0.0036249999 -0.013875 0.437875
0.0023749999 -0.013875 0.43412501
0.002625 -0.013875 0.43487501
0.002625 -0.016375 0.43412501
0.002625 -0.014875 0.43412501
0.002875 -0.016375 0.43487501
0.002875 -0.014875 0.43487501
0.003125 -0.013875 0.435875
0.0033750001 -0.017124999 0.43612501
0.0033750001 -0.016375 0.43612501
0.003125 -0.014875 0.435875
0.0038749999 -0.017124999 0.43687499
0.0036249999 -0.016375 0.43687499
0.0048750001 -0.0051250001 0.439125
0.0066249999 -0.004125 0.439125
0.0056250002 -0.004125 0.437875
0.0058749998 -0.004375 0.439125
0.0046250001 -0.0048750001 0.437875
0.0046250001 -0.0058749998 0.439125
0.0046250001 -0.007125 0.44012499
0.0053750002 -0.007125 0.44112501
0.0048750001 -0.0061249998 0.43962499
0.0036249999 -0.007125 0.437875
0.0038749999 -0.0061249998 0.437875
0.0038749999 -0.007125 0.43887499
0.0033750001 -0.0081249997 0.437875
0.0036249999 -0.0091249999 0.439125
0.0038749999 -0.0081249997 0.439125
0.0038749999 -0.0081249997 0.43962499
0.0048750001 -0.0081249997 0.44112501
0.0048750001 -0.0091249999 0.441625
0.0058749998 -0.0061249998 0.44087499
0.007125 -0.0051250001 0.44087499
0.006875 -0.0058749998 0.44187501
0.0058749998 -0.0051250001 0.43962499
0.0091249999 -0.001125 0.444875
0.0096249999 -0.0021250001 0.44312501
0.0096249999 -0.003125 0.44387501
0.0096249999 -0.0021250001 0.44187501
0.0096249999 -0.003125 0.44312501
0.0081249997 -0.0023749999 0.43887499
0.0088750003 -0.001125 0.439125
0.0088750003 -0.001875 0.43987501
0.0091249999 -0.0023749999 0.44087499
0.006875 -0.003125 0.437875
0.007125 -0.004375 0.43987501
0.0078750001 -0.0038749999 0.44112501
0.007125 -0.0033750001 0.439125
0.0078750001 -0.0048750001 0.44187501
0.0078750001 -0.003125 0.43987501
0.0083750002 -0.003125 0.44112501
0.0081249997 -0.004125 0.441625
0.0088750003 -0.0033750001 0.44187501
0.0056250002 -0.0081249997 0.44212499
0.0058749998 -0.0091249999 0.442875
0.0063749999 -0.0081249997 0.44312501
0.007125 -0.0081249997 0.443625
0.0038749999 -0.0091249999 0.43987501
0.0046250001 -0.0091249999 0.44112501
0.0078750001 -0.0058749998 0.44312501
0.0058749998 -0.007125 0.44187501
0.007125 -0.007125 0.442875
0.0078750001 -0.006875 0.44387501
0.0058749998 -0.010125 0.44312501
0.006875 -0.011375 0.444125
0.006875 -0.010125 0.44387501
0.007125 -0.0091249999 0.44387501
0.0091249999 -0.0051250001 0.443625
0.0088750003 -0.0058749998 0.44387501
0.0093750004 -0.003125 0.444875
0.0091249999 -0.0021250001 0.446125
0.0088750003 -0.0023749999 0.44687501
0.0091249999 -0.003125 0.446125
0.0091249999 -0.004125 0.44687501
0.0091249999 -0.003125 0.44687501
0.0096249999 -0.0051250001 0.444875
0.0093750004 -0.004125 0.444875
0.0093750004 -0.0051250001 0.446125
0.0093750004 -0.004125 0.446125
0.0091249999 -0.004375 0.442875
0.0096249999 -0.004125 0.44387501
0.0096249999 -0.0058749998 0.446125
0.0093750004 -0.0051250001 0.44687501
0.0096249999 -0.0058749998 0.44687501
0.0091249999 -0.006875 0.444875
0.0096249999 -0.0058749998 0.444875
0.0098750005 -0.006875 0.446125
0.0083750002 -0.0051250001 0.44312501
0.003125 -0.0058749998 0.43612501
0.0036249999 -0.0058749998 0.43687499
0.002875 -0.0058749998 0.43487501
0.003125 -0.006875 0.43687499
0.0046250001 -0.0038749999 0.43612501
0.0048750001 -0.004125 0.436625
0.0033750001 -0.018874999 0.43412501
0.003125 -0.018124999 0.43412501
0.003125 -0.017124999 0.434625
0.020874999 -0.032375 0.45487499
0.020874999 -0.031125 0.45387501
0.016875001 -0.031125 0.451875
0.011125 -0.026875 0.44787499
0.015875001 -0.029874999 0.45087501
0.017124999 -0.029874999 0.45162499
0.017875001 -0.031874999 0.453125
0.017875001 -0.031125 0.45262501
0.017875001 -0.030125 0.451875
0.017875001 -0.028875001 0.45162499
0.019625001 -0.027875001 0.453125
0.018625 -0.028875001 0.451875
0.018625 -0.029874999 0.451875
0.019874999 -0.029124999 0.453125
0.025875 -0.033875 0.45737499
0.027875001 -0.033875 0.45787501
0.026875 -0.033875 0.457625
0.028875001 -0.033124998 0.45787501
0.027875001 -0.033124998 0.45787501
0.026875 -0.034875002 0.457625
0.027875001 -0.034875002 0.45787501
0.026875 -0.035875 0.457625
0.027875001 -0.035875 0.45787501
0.028875001 -0.035875 0.45787501
0.029874999 -0.032125 0.45787501
0.031125 -0.032125 0.45837501
0.030874999 -0.031125 0.45787501
0.032125 -0.031125 0.45837501
0.031125 -0.034875002 0.45837501
0.029124999 -0.033875 0.458125
0.030125 -0.033875 0.45837501
0.031125 -0.033875 0.45837501
0.032125 -0.033875 0.45837501
0.030125 -0.033124998 0.45837501
0.031125 -0.033124998 0.45837501
0.032125 -0.033124998 0.45837501
0.019125 -0.026875 0.45287499
0.018874999 -0.026125001 0.45287499
0.017875001 -0.026125001 0.451875
0.022125 -0.026875 0.45487499
0.022125 -0.026125001 0.45487499
0.023125 -0.026875 0.45537499
0.020625001 -0.026125001 0.45387501
0.023125 -0.026125001 0.455625
0.020874999 -0.026875 0.45387501
0.022875 -0.027875001 0.455125
0.022125 -0.027875001 0.45462501
0.019874999 -0.026875 0.45337501
0.019874999 -0.026125001 0.45362499
0.023875 -0.026125001 0.45587501
0.014875 -0.037124999 0.45087501
0.016124999 -0.036874998 0.451875
0.015875001 -0.038375001 0.45087501
0.017124999 -0.036874998 0.45287499
0.014875 -0.035875 0.451125
0.016875001 -0.036125001 0.453125
0.016875001 -0.034875002 0.453125
0.015875001 -0.035875 0.451875
0.015625 -0.032125 0.45212501
0.016875001 -0.033875 0.453125
0.016875001 -0.033124998 0.453125
0.016124999 -0.033124998 0.45237499
0.017875001 -0.033875 0.45387501
0.017875001 -0.035124999 0.45387501
0.018874999 -0.034875002 0.454375
0.017875001 -0.035875 0.45387501
0.018874999 -0.035875 0.454375
0.022125 -0.031874999 0.455125
0.018874999 -0.032125 0.45362499
0.018874999 -0.031125 0.45287499
0.019874999 -0.031125 0.45337501
0.019874999 -0.030125 0.45287499
0.017875001 -0.036874998 0.45337501
0.020874999 -0.037124999 0.455125
0.019874999 -0.035875 0.45487499
0.018874999 -0.037124999 0.45387501
0.019874999 -0.036874998 0.45462501
0.022875 -0.033124998 0.45587501
0.023125 -0.033875 0.456375
0.022125 -0.033124998 0.455625
0.023125 -0.032125 0.45587501
0.024125 -0.033124998 0.456375
0.019874999 -0.035124999 0.45487499
0.020874999 -0.034875002 0.45537499
0.019874999 -0.033875 0.45487499
0.020874999 -0.033875 0.45537499
0.022125 -0.033875 0.45587501
0.020625001 -0.033124998 0.455125
0.020874999 -0.035875 0.45537499
0.022125 -0.035875 0.455625
0.022125 -0.035124999 0.45587501
0.017625 -0.039375 0.451875
0.017124999 -0.039124999 0.45137501
0.018625 -0.039375 0.453125
0.029124999 -0.036874998 0.45787501
0.030125 -0.036874998 0.458125
0.020874999 -0.028875001 0.45362499
0.021875 -0.028875001 0.45412499
0.020874999 -0.027875001 0.45387501
0.022875 -0.029124999 0.45487499
0.023125 -0.029874999 0.45462501
0.022125 -0.031125 0.45462501
0.022875 -0.031125 0.455125
0.023875 -0.029874999 0.455125
0.025125001 -0.029874999 0.45537499
0.024125 -0.028875001 0.45537499
0.024875 -0.029124999 0.45587501
0.024125 -0.027875001 0.45587501
0.025125001 -0.027875001 0.456375
0.020874999 -0.029874999 0.45337501
0.021875 -0.029874999 0.45387501
0.023875 -0.026875 0.45587501
0.025125001 -0.026875 0.45662501
0.025625 -0.027124999 0.45712501
0.025125001 -0.026125001 0.456875
0.013875 -0.026125001 0.448625
0.032875001 -0.033875 0.45862499
0.032875001 -0.033124998 0.45862499
0.032125 -0.032125 0.45837501
0.032875001 -0.034875002 0.45862499
0.034125 -0.033875 0.458875
0.034875002 -0.033875 0.458875
0.034875002 -0.033124998 0.458875
0.032875001 -0.035875 0.45837501
0.019625001 -0.032125 0.45387501
0.025625 -0.026125001 0.45712501
0.026875 -0.026125001 0.457625
0.026875 -0.026875 0.457625
0.027875001 -0.026875 0.45787501
0.027625 -0.026125001 0.45787501
0.025875 -0.027875001 0.456875
0.026875 -0.028375 0.45712501
0.024125 -0.031125 0.455625
0.025125001 -0.031125 0.45587501
0.024125 -0.032125 0.45587501
0.025125001 -0.032125 0.456375
0.025875 -0.028875001 0.456375
0.025875 -0.029874999 0.45587501
0.025875 -0.030874999 0.45612499
0.029124999 -0.026125001 0.45837501
0.030125 -0.026125001 0.458875
0.025125001 -0.033124998 0.456875
0.025875 -0.033124998 0.45712501
0.025875 -0.032375 0.456875
0.026875 -0.033124998 0.457625
0.026625 -0.032125 0.45712501
0.027875001 -0.032125 0.45737499
0.030874999 -0.026125001 0.45912501
0.032125 -0.026374999 0.45912501
0.032875001 -0.026125001 0.45937499
0.034125 -0.026374999 0.45912501
0.029124999 -0.032125 0.45787501
0.027875001 -0.027875001 0.457625
0.026875 -0.028875001 0.45662501
0.027875001 -0.028875001 0.456875
0.026625 -0.029874999 0.45587501
0.027875001 -0.029874999 0.45662501
0.029124999 -0.029124999 0.45712501
0.027875001 -0.031125 0.456875
0.026875 -0.031125 0.45662501
0.029124999 -0.031125 0.45737499
0.029124999 -0.030125 0.456875
0.030125 -0.028875001 0.45737499
0.035875 -0.026125001 0.458875
0.029124999 -0.026875 0.45837501
0.030125 -0.026875 0.45837501
0.031125 -0.026875 0.45862499
0.030125 -0.027875001 0.45787501
0.031125 -0.027875001 0.45787501
0.028875001 -0.027875001 0.45787501
0.032125 -0.028875001 0.457625
0.032125 -0.027875001 0.45787501
0.032875001 -0.027875001 0.45787501
0.032875001 -0.026875 0.45862499
0.032125 -0.026875 0.45862499
0.034125 -0.026875 0.45862499
0.032125 -0.030125 0.45787501
0.032875001 -0.028875001 0.45787501
0.032875001 -0.029874999 0.45787501
0.034125 -0.029124999 0.45787501
0.034125 -0.029874999 0.45837501
0.034125 -0.027875001 0.45787501
0.034875002 -0.028875001 0.45787501
0.032875001 -0.031125 0.45837501
0.034125 -0.031125 0.45862499
0.034875002 -0.031125 0.45862499
0.034125 -0.033124998 0.45862499
0.032875001 -0.032125 0.45862499
0.034125 -0.032125 0.45862499
0.034875002 -0.032125 0.458875
0.036125001 -0.028875001 0.45787501
0.034875002 -0.029874999 0.45862499
0.036125001 -0.029874999 0.45862499
0.036125001 -0.031125 0.45862499
0.037124999 -0.029874999 0.45862499
0.034875002 -0.027124999 0.458125
0.036125001 -0.027124999 0.45787501
0.034875002 -0.026374999 0.45912501
0.037124999 -0.026374999 0.458125
0.034875002 -0.027875001 0.45787501
0.036125001 -0.027875001 0.45787501
0.037124999 -0.026875 0.457625
0.037124999 -0.027875001 0.457625
0.037875 -0.027124999 0.45712501
0.037625 -0.026125001 0.45787501
0.037124999 -0.028875001 0.458125
0.037875 -0.028875001 0.45787501
0.037875 -0.027875001 0.45737499
0.036874998 -0.032125 0.45912501
0.036125001 -0.033124998 0.458875
0.036125001 -0.032125 0.458875
0.037124999 -0.031125 0.458875
0.037875 -0.031125 0.458875
0.037875 -0.029874999 0.45862499
0.036125001 -0.034875002 0.458875
0.037124999 -0.033875 0.458875
0.037124999 -0.033124998 0.458875
0.037875 -0.033875 0.458875
0.037875 -0.034875002 0.458875
0.037875 -0.033124998 0.45912501
0.037875 -0.032125 0.45912501
0.030125 -0.031125 0.457625
0.030125 -0.029874999 0.45712501
0.031125 -0.028875001 0.45737499
0.031125 -0.029874999 0.457625
0.011375 -0.033124998 0.448125
0.010875 -0.032125 0.44787499
0.010875 -0.031125 0.448125
0.012125 -0.033875 0.448625
0.011875 -0.033124998 0.44887501
0.013125 -0.034875002 0.449875
0.012375 -0.035875 0.448125
0.011875 -0.035124999 0.44787499
0.011375 -0.033875 0.448125
0.012875 -0.037124999 0.448125
0.012875 -0.035875 0.44887501
0.012625 -0.034875002 0.44887501
0.013625 -0.035875 0.45012501
0.013375 -0.036874998 0.44887501
0.014875 -0.038375001 0.45012501
0.013875 -0.036874998 0.449875
0.013625 -0.038375001 0.448125
0.015125 -0.039124999 0.448625
0.016124999 -0.039124999 0.450625
0.017124999 -0.039875001 0.45087501
0.013875 -0.038125001 0.448625
0.015625 -0.039375 0.45012501
0.015875001 -0.040125001 0.448125
0.014875 -0.039124999 0.448125
0.016124999 -0.040125001 0.44887501
0.016875001 -0.040125001 0.45012501
0.017875001 -0.040624999 0.45087501
0.017875001 -0.041125 0.449875
0.017124999 -0.040624999 0.44887501
0.017124999 -0.041125 0.448125
0.010875 -0.026125001 0.44762501
0.013875 -0.033875 0.45087501
0.015125 -0.033875 0.451875
0.013875 -0.033124998 0.45087501
0.016124999 -0.033875 0.45262501
0.015125 -0.033124998 0.451875
0.016124999 -0.031374998 0.45162499
0.017124999 -0.032375 0.45287499
0.015125 -0.028875001 0.45012501
0.017124999 -0.029124999 0.450625
0.016124999 -0.028875001 0.45012501
0.017124999 -0.027875001 0.450625
0.016875001 -0.027124999 0.45087501
0.016875001 -0.026125001 0.45087501
0.010875 -0.028875001 0.448125
0.010875 -0.027875001 0.44787499
0.011875 -0.028875001 0.44887501
0.011875 -0.027875001 0.448625
0.012875 -0.028875001 0.449375
0.011875 -0.026875 0.44837499
0.011625 -0.026125001 0.448125
0.010875 -0.029874999 0.448125
0.011875 -0.032125 0.44887501
0.011875 -0.031125 0.44887501
0.012875 -0.032125 0.45012501
0.013125 -0.029874999 0.449875
0.014125 -0.031125 0.450625
0.011875 -0.029874999 0.44887501
0.018124999 -0.027875001 0.45162499
0.012625 -0.027875001 0.44887501
0.012875 -0.027124999 0.44887501
0.013875 -0.026875 0.44887501
0.013875 -0.027875001 0.449375
0.012875 -0.026125001 0.448625
0.015125 -0.027875001 0.44962499
0.015125 -0.026875 0.44912499
0.014875 -0.026125001 0.44887501
0.016124999 -0.027875001 0.449875
0.015875001 -0.026125001 0.45012501
0.016124999 -0.027124999 0.449875
0.017875001 -0.026875 0.451875
0.012875 -0.031125 0.449875
0.017875001 -0.033124998 0.45387501
0.018625 -0.033124998 0.45387501
0.018874999 -0.033875 0.454375
0.019874999 -0.033124998 0.45462501
0.022875 -0.037124999 0.45587501
0.024125 -0.038125001 0.456375
0.025125001 -0.038125001 0.45662501
0.024125 -0.036874998 0.456375
0.025125001 -0.036874998 0.456875
0.022875 -0.035875 0.45587501
0.024125 -0.035875 0.45662501
0.023125 -0.034875002 0.456375
0.025125001 -0.039124999 0.45662501
0.023125 -0.038125001 0.45587501
0.025125001 -0.033875 0.456875
0.025875 -0.034875002 0.45737499
0.024125 -0.033875 0.45662501
0.025125001 -0.035875 0.456875
0.024875 -0.034875002 0.45712501
0.025625 -0.038125001 0.45712501
0.025875 -0.036874998 0.45712501
0.025875 -0.035875 0.45737499
0.024125 -0.034875002 0.45662501
0.018874999 -0.027875001 0.45237499
0.012875 -0.033875 0.449875
0.012875 -0.033374999 0.45012501
0.013875 -0.032375 0.450625
0.015125 -0.032125 0.45162499
0.013875 -0.029874999 0.45037499
0.013875 -0.029124999 0.449875
0.015125 -0.031125 0.45137501
0.015125 -0.030125 0.45087501
0.014125 -0.034875002 0.450625
0.015125 -0.034875002 0.45162499
0.016124999 -0.034875002 0.45237499
0.031125 0.0051250001 0.462125
0.031125 0.0053750002 0.46062499
0.032125 0.0056250002 0.46062499
0.032125 0.0053750002 0.462125
0.032125 0.0046250001 0.462625
0.029124999 0.001125 0.46487501
0.030125 0.0021250001 0.46437499
0.031125 0.0021250001 0.46412501
0.030874999 0.002875 0.463875
0.0081249997 0.001125 0.45012501
0.0083750002 0.00087500003 0.45087501
0.0083750002 0.00012500001 0.448125
0.0083750002 0.00012500001 0.45087501
0.0091249999 -0.0021250001 0.451875
0.0088750003 -0.0021250001 0.45087501
0.035875 -0.0058749998 0.45987499
0.037625 -0.0058749998 0.45862499
0.037124999 -0.007125 0.45937499
0.037124999 -0.0058749998 0.45937499
0.035875 -0.0048750001 0.45987499
0.037875 -0.0083750002 0.458875
0.037625 -0.006875 0.458875
0.0086249998 -0.001125 0.45087501
0.0088750003 -0.001125 0.451875
0.0086249998 0.00012500001 0.451875
0.0096249999 -0.001125 0.453125
0.0091249999 0.00012500001 0.45287499
0.0098750005 -0.0033750001 0.453125
0.0098750005 -0.0023749999 0.453125
0.010625 -0.003125 0.45412499
0.010375 -0.0021250001 0.45387501
0.010125 -0.001125 0.45362499
0.011375 -0.003125 0.455125
0.0083750002 -0.001125 0.45012501
0.0081249997 0.00012500001 0.45012501
0.0083750002 -0.001125 0.44887501
0.0081249997 0.00012500001 0.44887501
0.0086249998 -0.0021250001 0.45012501
0.0088750003 -0.0021250001 0.448125
0.0086249998 -0.001125 0.448125
0.0088750003 -0.0033750001 0.44887501
0.0086249998 -0.0021250001 0.44887501
0.0091249999 -0.004125 0.448125
0.0091249999 -0.003125 0.448125
0.0096249999 -0.0051250001 0.45012501
0.0093750004 -0.004125 0.45012501
0.0093750004 -0.0051250001 0.44887501
0.0091249999 -0.004125 0.44887501
0.0091249999 -0.003125 0.45087501
0.0091249999 -0.003125 0.45012501
0.0093750004 -0.004125 0.45087501
0.010625 -0.0051250001 0.453125
0.010375 -0.004125 0.453125
0.010875 -0.004125 0.45387501
0.0098750005 -0.004125 0.451875
0.0093750004 -0.003125 0.451875
0.011875 -0.0048750001 0.45487499
0.012875 -0.0051250001 0.45587501
0.011625 -0.004125 0.455125
0.011375 -0.0051250001 0.45387501
0.010875 -0.0058749998 0.45287499
0.0096249999 -0.0058749998 0.45012501
0.0098750005 -0.0061249998 0.45087501
0.0096249999 -0.0051250001 0.45087501
0.010375 -0.0058749998 0.451875
0.010125 -0.0048750001 0.45162499
0.010875 -0.0091249999 0.451875
0.010875 -0.0081249997 0.451875
0.011875 -0.0091249999 0.453125
0.011375 -0.0081249997 0.453125
0.012375 -0.0091249999 0.45387501
0.010125 -0.0081249997 0.45012501
0.0098750005 -0.007125 0.45012501
0.010125 -0.006875 0.45087501
0.010625 -0.0091249999 0.45087501
0.010375 -0.0081249997 0.45087501
0.010875 -0.010125 0.45087501
0.011375 -0.011875 0.45087501
0.011375 -0.011375 0.45087501
0.013625 -0.0081249997 0.45612499
0.013375 -0.007125 0.45587501
0.012875 -0.0058749998 0.45587501
0.013875 -0.006875 0.456875
0.013875 -0.0061249998 0.45712501
0.012875 -0.0083750002 0.455125
0.010625 -0.007125 0.451875
0.011125 -0.007125 0.45287499
0.011875 -0.0081249997 0.45362499
0.011875 -0.006875 0.45387501
0.011875 -0.0058749998 0.45387501
0.012625 -0.007125 0.455125
0.012375 -0.0058749998 0.455125
0.012875 -0.0091249999 0.45487499
0.013875 -0.010125 0.45587501
0.013875 -0.0091249999 0.45587501
0.014375 -0.0081249997 0.45712501
0.014875 -0.010375 0.45712501
0.014625 -0.0091249999 0.45712501
0.015375 -0.010375 0.457625
0.015125 -0.0091249999 0.457625
0.015125 -0.0081249997 0.45787501
0.014875 -0.006875 0.45787501
0.037124999 -0.0021250001 0.45987499
0.037875 -0.0021250001 0.45937499
0.037875 -0.001125 0.45962501
0.036874998 -0.010125 0.45987499
0.036874998 -0.0091249999 0.45962501
0.037875 -0.0091249999 0.45912501
0.037124999 -0.0081249997 0.45962501
0.037875 -0.010375 0.45937499
0.011375 -0.010375 0.451875
0.011875 -0.010125 0.45287499
0.015875001 -0.0091249999 0.45912501
0.015875001 -0.0081249997 0.45912501
0.016875001 -0.0091249999 0.460125
0.013875 -0.013875 0.45387501
0.012875 -0.012875 0.45287499
0.015125 -0.016124999 0.45362499
0.016124999 -0.016124999 0.45487499
0.017124999 -0.018874999 0.45362499
0.016625 -0.0081249997 0.460125
0.017875001 -0.018124999 0.455125
0.016875001 -0.018375 0.45387501
0.015375 -0.013875 0.45587501
0.016124999 -0.013875 0.456875
0.016875001 -0.014125 0.45787501
0.016124999 -0.014875 0.45587501
0.018874999 -0.017124999 0.45712501
0.017875001 -0.014875 0.458875
0.010875 -0.001125 0.455125
0.010875 -0.0021250001 0.45487499
0.017875001 -0.015875001 0.457625
0.018625 -0.016375 0.45787501
0.019874999 -0.017124999 0.457625
0.018625 -0.014125 0.460125
0.017875001 -0.013875 0.45962501
0.019874999 -0.013875 0.46062499
0.019625001 -0.012875 0.46112499
0.018874999 -0.012875 0.46062499
0.031125 0.0038749999 0.46362501
0.032125 0.0038749999 0.46287501
0.018874999 -0.015375 0.45912501
0.032875001 0.0038749999 0.462625
0.032125 0.002875 0.46362501
0.032875001 0.003125 0.46287501
0.033875 0.0058749998 0.460875
0.032875001 0.0058749998 0.460875
0.016875001 -0.016375 0.45587501
0.032875001 0.0056250002 0.462125
0.034875002 0.0038749999 0.462125
0.032125 -0.004125 0.462625
0.015125 -0.024125 0.449875
0.020874999 0.002625 0.46412501
0.031874999 -0.003125 0.462625
0.034125 0.002875 0.462625
0.034125 0.0038749999 0.46237499
0.016875001 -0.015125 0.45712501
0.034875002 0.0058749998 0.460875
0.011875 -0.018874999 0.44787499
0.036125001 0.0058749998 0.460875
0.028875001 -0.001125 0.46487501
0.026875 -0.0021250001 0.465875
0.034125 0.0048750001 0.46187499
0.034875002 0.0048750001 0.46187499
0.027875001 -0.001125 0.46537501
0.024125 0.003125 0.46412501
0.023875 0.003125 0.46487501
0.010125 -0.0081249997 0.448125
0.022125 0.002625 0.46412501
0.028875001 0.00012500001 0.46487501
0.030125 -0.001125 0.464625
0.027875001 0.00012500001 0.46537501
0.028875001 -0.004375 0.46412501
0.025125001 0.0046250001 0.45587501
0.013875 -0.025125001 0.448625
0.027875001 -0.0048750001 0.46412501
0.027875001 -0.004125 0.464625
0.029124999 -0.003125 0.46437499
0.029874999 -0.003125 0.463875
0.031125 -0.003125 0.463375
0.030125 -0.0023749999 0.46412501
0.031125 -0.0021250001 0.46362501
0.032125 -0.0023749999 0.46287501
0.030874999 -0.001125 0.463875
0.032125 -0.001125 0.463375
0.028875001 0.0048750001 0.460875
0.027875001 0.0048750001 0.460875
0.029124999 0.0048750001 0.462125
0.026875 0.0048750001 0.45712501
0.026875 0.0051250001 0.45587501
0.027875001 0.0053750002 0.45587501
0.027875001 0.0051250001 0.45712501
0.020874999 0.0021250001 0.46512499
0.029124999 0.0053750002 0.45712501
0.030125 0.0056250002 0.45712501
0.022125 0.0033750001 0.460125
0.029124999 0.0056250002 0.45587501
0.022125 0.0033750001 0.46062499
0.023125 0.0036249999 0.46062499
0.030125 0.0056250002 0.45587501
0.020874999 0.002875 0.462125
0.022125 0.003125 0.462125
0.023125 0.0033750001 0.462125
0.031125 0.0061249998 0.45587501
0.022125 0.002625 0.46487501
0.032125 0.0063749999 0.45587501
0.023125 0.002875 0.46487501
0.024125 0.0036249999 0.462125
0.032875001 0.0066249999 0.45587501
0.031125 0.0058749998 0.456875
0.027875001 0.0048750001 0.45912501
0.026875 0.0046250001 0.45912501
0.026875 0.0046250001 0.460125
0.027875001 0.0048750001 0.460125
0.029124999 0.0051250001 0.460125
0.027625 0.0048750001 0.45787501
0.029124999 0.0053750002 0.457625
0.030125 0.0056250002 0.457625
0.029124999 0.0051250001 0.45912501
0.030125 0.0053750002 0.45912501
0.031125 0.0056250002 0.457625
0.031125 0.0056250002 0.45912501
0.030125 0.0053750002 0.460125
0.031125 0.0056250002 0.460125
0.032125 0.0058749998 0.460125
0.031874999 0.0058749998 0.45787501
0.032875001 0.0058749998 0.460125
0.032125 0.0061249998 0.45712501
0.032875001 0.0063749999 0.45712501
0.032875001 0.0063749999 0.457625
0.032125 0.0056250002 0.45912501
0.026875 0.0063749999 0.45012501
0.026875 0.0061249998 0.45087501
0.026875 0.0058749998 0.453125
0.026875 0.0058749998 0.45387501
0.025875 0.0053750002 0.455125
0.027875001 0.0061249998 0.45412499
0.029124999 0.0066249999 0.453125
0.029124999 0.0063749999 0.45387501
0.026875 0.0061249998 0.451875
0.027875001 0.0063749999 0.451875
0.023125 0.003125 0.46287501
0.024125 0.0033750001 0.462625
0.012125 -0.013875 0.45087501
0.023125 0.002875 0.463875
0.019874999 0.002625 0.46062499
0.014125 -0.024125 0.448625
0.012875 -0.016124999 0.45087501
0.011875 -0.016124999 0.448125
0.022875 0.0038749999 0.45712501
0.019874999 0.002625 0.462125
0.018874999 0.0023749999 0.462625
0.019874999 0.002625 0.462625
0.016375 -0.012875 0.457625
0.017625 -0.013875 0.45912501
0.011875 -0.013125 0.45087501
0.011375 -0.013875 0.448125
0.011375 -0.013875 0.44887501
0.014875 -0.011875 0.45612499
0.017875001 -0.013125 0.460125
0.017625 -0.011875 0.460125
0.017124999 -0.011375 0.45962501
0.011375 -0.012875 0.44887501
0.012125 -0.014875 0.45012501
0.025125001 0.0033750001 0.46412501
0.025875 0.0036249999 0.46412501
0.011875 -0.014125 0.45012501
0.011375 -0.012875 0.45012501
0.011375 -0.011875 0.45012501
0.025125001 0.003125 0.46487501
0.011375 -0.014875 0.448125
0.025125001 0.0036249999 0.462625
0.025875 0.0038749999 0.46287501
0.012125 -0.016124999 0.44887501
0.011875 -0.015125 0.44887501
0.025875 0.0036249999 0.46187499
0.025125001 0.0038749999 0.462125
0.029124999 0.0066249999 0.451875
0.027875001 0.0066249999 0.453125
0.024125 0.0038749999 0.460875
0.025125001 0.0038749999 0.460875
0.025875 0.004125 0.460875
0.027875001 0.0066249999 0.45012501
0.027875001 0.0063749999 0.45087501
0.029124999 0.0066249999 0.45087501
0.025875 0.0066249999 0.448125
0.026875 0.0066249999 0.448125
0.025875 0.0063749999 0.44887501
0.026875 0.0063749999 0.44887501
0.027875001 0.0066249999 0.44887501
0.026625 0.0038749999 0.462625
0.027875001 0.004375 0.462625
0.012375 -0.016375 0.45012501
0.012625 -0.018124999 0.44887501
0.012375 -0.017124999 0.44887501
0.012625 -0.017124999 0.45012501
0.012625 -0.014875 0.45087501
0.012625 -0.013875 0.45212501
0.017124999 -0.012875 0.458875
0.016875001 -0.012125 0.45912501
0.016375 -0.011375 0.45912501
0.018874999 0.002875 0.45912501
0.025625 0.0058749998 0.45012501
0.016124999 -0.017124999 0.45387501
0.014875 -0.017124999 0.45287499
0.027875001 0.006875 0.44787499
0.028875001 0.007125 0.448125
0.030125 0.007375 0.448125
0.029124999 0.006875 0.44887501
0.030125 0.007125 0.44887501
0.029124999 0.006875 0.45012501
0.030125 0.006875 0.450625
0.030874999 0.006875 0.451875
0.031125 0.007375 0.44887501
0.029874999 0.007125 0.45012501
0.031125 0.007375 0.45012501
0.032125 0.007375 0.45012501
0.031125 0.007125 0.45087501
0.032125 0.007375 0.45087501
0.032875001 0.007375 0.45087501
0.032125 0.007125 0.451875
0.032875001 0.007375 0.451875
0.034125 0.0076250001 0.451875
0.032875001 0.0078750001 0.44787499
0.034125 0.0078750001 0.44887501
0.031125 0.0076250001 0.448125
0.032125 0.0076250001 0.448125
0.034125 0.0081249997 0.448125
0.032125 0.0076250001 0.44887501
0.032875001 0.0078750001 0.44887501
0.032875001 0.0076250001 0.45012501
0.034125 0.0078750001 0.45012501
0.034125 0.0076250001 0.45087501
0.022125 -0.013875 0.46162501
0.024125 -0.011125 0.463875
0.023125 -0.011375 0.46362501
0.022125 -0.012875 0.46237499
0.023125 -0.012875 0.46287501
0.022125 -0.011875 0.46287501
0.023125 -0.011875 0.463375
0.024125 -0.011875 0.46362501
0.024125 -0.013375 0.46312499
0.025875 -0.012875 0.46287501
0.025125001 -0.013125 0.46287501
0.025125001 -0.014375 0.462125
0.025875 -0.011875 0.463375
0.025875 -0.011375 0.46362501
0.026875 -0.011375 0.463375
0.025625 -0.010125 0.463875
0.026875 -0.010375 0.46362501
0.027875001 -0.0091249999 0.463375
0.025125001 -0.011125 0.463875
0.025125001 -0.011875 0.46362501
0.025125001 -0.010375 0.46437499
0.026875 -0.012875 0.46287501
0.027875001 -0.012875 0.462625
0.027875001 -0.011125 0.46287501
0.026875 -0.012125 0.46287501
0.027875001 -0.011875 0.46287501
0.027875001 -0.010125 0.46312499
0.028875001 -0.010125 0.46287501
0.029124999 -0.011875 0.462625
0.029124999 -0.011125 0.46287501
0.030125 -0.010375 0.462625
0.029124999 -0.0091249999 0.46287501
0.030125 -0.0091249999 0.46287501
0.022125 -0.014875 0.460875
0.022875 -0.014125 0.462125
0.024125 -0.014125 0.462125
0.022875 -0.016375 0.460125
0.024125 -0.016375 0.460125
0.025125001 -0.016875001 0.45962501
0.023125 -0.017375 0.45912501
0.024125 -0.017375 0.45912501
0.025125001 -0.016375 0.46037501
0.025875 -0.015875001 0.46062499
0.022875 -0.014875 0.460875
0.024125 -0.015125 0.460875
0.025125001 -0.015375 0.46112499
0.027875001 -0.014375 0.462125
0.025875 -0.014375 0.462125
0.026875 -0.014375 0.462125
0.021875 0.0048750001 0.45087501
0.023125 0.0053750002 0.45087501
0.024125 0.0056250002 0.45087501
0.025125001 0.0056250002 0.45087501
0.023125 -0.018874999 0.457625
0.024125 0.0053750002 0.451875
0.025875 0.0056250002 0.45087501
0.025125001 0.0056250002 0.451875
0.025875 0.0056250002 0.451875
0.036125001 0.0048750001 0.461375
0.037124999 0.0058749998 0.460875
0.023125 0.0046250001 0.45387501
0.024125 0.0046250001 0.455125
0.024875 0.0048750001 0.455125
0.023875 0.0048750001 0.45387501
0.023875 0.0048750001 0.453125
0.025125001 0.0053750002 0.45387501
0.025125001 0.0053750002 0.453125
0.025875 0.0056250002 0.45387501
0.025875 0.0056250002 0.453125
0.025875 -0.017124999 0.45987499
0.024125 0.0061249998 0.448125
0.025125001 0.0063749999 0.448125
0.023125 0.0056250002 0.44887501
0.024125 0.0058749998 0.448625
0.025125001 0.0061249998 0.44887501
0.022125 0.0053750002 0.45012501
0.023125 0.0053750002 0.45012501
0.024125 0.0056250002 0.45012501
0.025125001 0.0056250002 0.449875
0.017875001 -0.0048750001 0.46287501
0.017625 -0.004125 0.462625
0.016875001 -0.004125 0.462125
0.017875001 -0.004125 0.46362501
0.019874999 -0.0058749998 0.463875
0.019874999 -0.006875 0.463875
0.015625 -0.007125 0.45912501
0.016375 -0.007125 0.460125
0.017124999 -0.006875 0.460875
0.016875001 -0.0061249998 0.460875
0.017124999 -0.0081249997 0.46062499
0.018124999 -0.0081249997 0.46162501
0.017875001 -0.006875 0.46187499
0.017625 -0.0058749998 0.462125
0.018874999 -0.006875 0.46287501
0.018625 -0.0091249999 0.462125
0.019125 -0.0081249997 0.462625
0.017625 -0.0091249999 0.46112499
0.017875001 -0.010375 0.460875
0.017875001 -0.011125 0.460875
0.018625 -0.0058749998 0.46312499
0.017875001 -0.003125 0.463875
0.018874999 -0.003125 0.46437499
0.018874999 -0.0021250001 0.46437499
0.019874999 -0.0023749999 0.46487501
0.019874999 -0.003125 0.46487501
0.018874999 -0.004375 0.46412501
0.018874999 -0.0051250001 0.46362501
0.019625001 -0.0051250001 0.46412501
0.020874999 -0.001125 0.46537501
0.022125 -0.001125 0.46562499
0.020874999 0.00012500001 0.46562499
0.020625001 -0.003125 0.46487501
0.020874999 -0.0021250001 0.46512499
0.022125 -0.0021250001 0.46562499
0.019874999 -0.004125 0.464625
0.022125 -0.003125 0.46562499
0.020874999 -0.004125 0.464625
0.022125 -0.004125 0.46537501
0.021875 -0.0051250001 0.46487501
0.020874999 -0.0051250001 0.464625
0.023125 -0.0051250001 0.46537501
0.023125 -0.004125 0.46562499
0.020874999 -0.006875 0.46412501
0.022125 -0.007125 0.464625
0.020874999 -0.0058749998 0.46437499
0.019874999 -0.0093750004 0.46287501
0.018874999 -0.010125 0.46187499
0.024125 -0.018124999 0.45862499
0.020125 -0.010375 0.462625
0.034125 0.0066249999 0.457625
0.019625001 -0.011375 0.462125
0.024125 -0.019125 0.45787501
0.025125001 -0.018124999 0.458875
0.032875001 0.0061249998 0.45912501
0.025125001 -0.018874999 0.458125
0.025875 -0.018375 0.45912501
0.026875 -0.018124999 0.45962501
0.026875 -0.017375 0.460125
0.022875 -0.019874999 0.456875
0.024125 -0.019874999 0.45737499
0.025125001 -0.019874999 0.45787501
0.025875 -0.018874999 0.45862499
0.026875 -0.019125 0.45912501
0.034125 0.0063749999 0.45912501
0.034125 0.0061249998 0.460125
0.025625 -0.019874999 0.45787501
0.034875002 0.0063749999 0.460125
0.018874999 -0.011375 0.46162501
0.018874999 -0.012125 0.460875
0.026875 -0.019874999 0.45862499
0.019874999 -0.011875 0.46187499
0.020874999 -0.010125 0.46312499
0.020874999 -0.0091249999 0.46362501
0.019874999 -0.0081249997 0.46362501
0.020874999 -0.012875 0.46187499
0.020874999 -0.011875 0.46237499
0.020874999 -0.011125 0.46287501
0.022125 -0.011375 0.463375
0.022125 -0.0058749998 0.46487501
0.022875 -0.0058749998 0.46487501
0.023875 -0.0033750001 0.46612501
0.024125 -0.004125 0.465875
0.024125 -0.0051250001 0.46562499
0.024125 -0.0081249997 0.464625
0.034875002 0.007125 0.45587501
0.034125 0.006875 0.45587501
0.034125 0.0066249999 0.45712501
0.034875002 0.006875 0.45712501
0.034875002 0.0066249999 0.457625
0.034875002 0.0066249999 0.45912501
0.037124999 0.0048750001 0.460875
0.023125 -0.006875 0.46487501
0.024125 -0.006875 0.46487501
0.024125 -0.0058749998 0.46512499
0.024875 -0.006875 0.46487501
0.030125 0.00012500001 0.464625
0.027625 -0.020125 0.45912501
0.030125 0.00087500003 0.464625
0.031125 0.001125 0.46412501
0.031125 0.00012500001 0.46412501
0.032125 0.00012500001 0.46362501
0.031874999 0.001125 0.463875
0.032875001 0.001125 0.46312499
0.031874999 0.0021250001 0.463875
0.032875001 0.0021250001 0.463375
0.032875001 -0.00012500001 0.46287501
0.033875 0.0021250001 0.46287501
0.033875 0.001125 0.462625
0.034875002 0.0021250001 0.462625
0.035875 0.0021250001 0.46187499
0.025125001 -0.0091249999 0.46437499
0.025125001 -0.0081249997 0.464625
0.034875002 0.00087500003 0.46237499
0.034125 -0.001375 0.462125
0.025125001 -0.0058749998 0.46487501
0.025875 -0.0058749998 0.46487501
0.021875 -0.0091249999 0.46412501
0.020874999 -0.0081249997 0.463875
0.032875001 -0.0021250001 0.46237499
0.032625001 -0.001125 0.462625
0.034625001 -0.003125 0.46062499
0.032875001 -0.003125 0.462125
0.034125 -0.003125 0.461375
0.034875002 -0.0021250001 0.460875
0.033875 -0.0021250001 0.46162501
0.034875002 0.00012500001 0.46187499
0.034125 0.00012500001 0.462625
0.035875 0.001125 0.46187499
0.036125001 -0.0023749999 0.460125
0.035124999 -0.001125 0.46112499
0.034875002 0.002875 0.46237499
0.035875 0.003125 0.46187499
0.036125001 0.0038749999 0.46162501
0.037124999 0.0021250001 0.461375
0.037124999 0.003125 0.460875
0.037124999 0.0038749999 0.460875
0.037875 0.0048750001 0.46062499
0.037875 0.0038749999 0.46062499
0.022125 -0.010375 0.46362501
0.022125 -0.0081249997 0.46437499
0.022875 -0.010125 0.46412501
0.023125 -0.0091249999 0.46437499
0.024125 -0.010375 0.46437499
0.024125 -0.0091249999 0.46437499
0.023125 -0.0081249997 0.464625
0.023125 -0.003125 0.465875
0.023125 -0.0021250001 0.465875
0.024125 -0.0021250001 0.465875
0.024125 -0.001125 0.465875
0.024875 -0.001125 0.46612501
0.025875 0.0033750001 0.46487501
0.025875 0.0021250001 0.46562499
0.026875 0.0021250001 0.46537501
0.026875 0.003125 0.46487501
0.026875 0.0038749999 0.463875
0.027875001 0.003125 0.46487501
0.029124999 0.002875 0.46437499
0.025875 0.001125 0.465875
0.026875 0.00087500003 0.46537501
0.025625 0.00012500001 0.465875
0.026875 0.00012500001 0.46562499
0.027875001 0.001125 0.46487501
0.027625 0.001875 0.46487501
0.029124999 0.0021250001 0.464625
0.030125 0.003125 0.46412501
0.025125001 -0.0051250001 0.46537501
0.025125001 -0.004125 0.46562499
0.024875 -0.0033750001 0.46612501
0.025875 -0.0051250001 0.46487501
0.025875 -0.004125 0.46537501
0.025875 -0.003125 0.465875
0.025125001 -0.0021250001 0.46612501
0.027875001 -0.018874999 0.45962501
0.037625 0.0021250001 0.460875
0.037875 0.002875 0.46062499
0.036125001 -0.00012500001 0.46112499
0.036125001 -0.001125 0.46062499
0.037124999 -0.001375 0.45987499
0.036874998 0.00012500001 0.460875
0.025875 -0.014875 0.46162501
0.026875 -0.014875 0.46162501
0.027875001 -0.014875 0.46162501
0.027875001 -0.016124999 0.46062499
0.026875 -0.016124999 0.460875
0.037875 0.00012500001 0.460125
0.037124999 0.001125 0.460875
0.037875 0.00087500003 0.46062499
0.036125001 0.006875 0.457625
0.036125001 0.007125 0.45587501
0.035875 0.007125 0.45712501
0.030125 -0.014125 0.462125
0.028875001 -0.014125 0.462125
0.037124999 0.007125 0.45787501
0.027875001 -0.017124999 0.46037501
0.029124999 -0.017124999 0.46062499
0.030125 -0.017124999 0.460875
0.028875001 -0.016375 0.460875
0.030125 -0.016375 0.461375
0.029124999 -0.014875 0.46162501
0.030125 -0.014875 0.46162501
0.030125 -0.007125 0.46287501
0.027875001 -0.0061249998 0.46412501
0.017375 -0.014875 0.457625
0.029124999 -0.0081249997 0.463375
0.027625 -0.006875 0.463875
0.029124999 -0.007125 0.463375
0.026875 -0.0058749998 0.46437499
0.029124999 -0.0058749998 0.46362501
0.030125 -0.0058749998 0.46287501
0.031125 -0.0058749998 0.46287501
0.032125 -0.0058749998 0.46237499
0.029874999 -0.0081249997 0.462625
0.031125 -0.0081249997 0.462625
0.031125 -0.007125 0.462625
0.032875001 -0.0048750001 0.46187499
0.032875001 -0.004375 0.462125
0.020874999 0.002875 0.460875
0.034125 -0.0051250001 0.46112499
0.032875001 -0.010125 0.46187499
0.032125 -0.0091249999 0.46237499
0.032125 -0.0081249997 0.46237499
0.032125 -0.007125 0.46237499
0.032875001 -0.0091249999 0.462125
0.032875001 -0.0081249997 0.462125
0.020874999 0.003125 0.45912501
0.019874999 0.002875 0.460125
0.020625001 0.003125 0.460125
0.032875001 -0.006875 0.462125
0.032875001 -0.0058749998 0.46187499
0.026875 0.004375 0.46062499
0.025125001 -0.025125001 0.456875
0.036125001 0.006875 0.45912501
0.036874998 0.007125 0.45912501
0.036125001 0.0066249999 0.460125
0.037124999 0.0076250001 0.45587501
0.025875 -0.025125001 0.45737499
0.026875 -0.025125001 0.45787501
0.027875001 -0.025125001 0.45837501
0.025125001 -0.024125 0.456875
0.034125 -0.007125 0.46162501
0.037875 0.0078750001 0.45587501
0.037124999 0.007375 0.45712501
0.037875 0.0076250001 0.45712501
0.037875 0.0076250001 0.457625
0.037124999 0.006875 0.460125
0.037875 0.006875 0.45962501
0.037875 0.0058749998 0.46037501
0.034125 -0.0058749998 0.461375
0.034125 -0.0091249999 0.46187499
0.037875 0.007125 0.45912501
0.034125 -0.0081249997 0.46162501
0.036125001 -0.006875 0.460125
0.035124999 -0.0091249999 0.46112499
0.034875002 -0.0081249997 0.460875
0.026875 0.004125 0.462125
0.027875001 0.0046250001 0.462125
0.034875002 -0.006875 0.460875
0.024125 0.0038749999 0.45912501
0.036125001 -0.0081249997 0.460125
0.018874999 0.003125 0.45712501
0.030125 -0.011875 0.46237499
0.018874999 0.0036249999 0.455125
0.030125 -0.011375 0.46237499
0.031125 -0.011375 0.46237499
0.031125 -0.010375 0.46237499
0.017875001 0.003125 0.45587501
0.018874999 0.0033750001 0.45587501
0.022125 0.0036249999 0.45912501
0.032125 -0.010125 0.462125
0.031125 -0.0091249999 0.462625
0.016124999 -0.010125 0.458875
0.014875 -0.011125 0.456875
0.031125 -0.013125 0.462125
0.031874999 -0.011875 0.46187499
0.023125 0.0038749999 0.45912501
0.030125 -0.012875 0.46237499
0.032125 -0.012875 0.46187499
0.031125 -0.011875 0.462125
0.017625 0.003125 0.45712501
0.032125 -0.011125 0.462125
0.016124999 -0.011875 0.45787501
0.020874999 0.0038749999 0.455125
0.016124999 -0.023125 0.450625
0.017124999 -0.023125 0.45162499
0.015875001 -0.021875 0.45087501
0.016875001 -0.022125 0.451875
0.015125 -0.020874999 0.450625
0.016124999 -0.020874999 0.45137501
0.017625 -0.020874999 0.453125
0.018874999 -0.023125 0.45337501
0.017625 -0.024125 0.45212501
0.012875 -0.014875 0.45162499
0.018874999 -0.025125001 0.45287499
0.031125 -0.013875 0.46187499
0.032125 -0.013875 0.46162501
0.015625 -0.011375 0.458125
0.029124999 -0.012875 0.46237499
0.032125 -0.014875 0.46162501
0.032875001 -0.014875 0.461375
0.032875001 -0.012875 0.46162501
0.034125 -0.012875 0.461375
0.032875001 -0.011875 0.46162501
0.034125 -0.011875 0.461375
0.032875001 -0.011125 0.46187499
0.034125 -0.011375 0.46162501
0.034125 -0.014875 0.46112499
0.032875001 -0.013875 0.461375
0.034125 -0.013875 0.46112499
0.034125 -0.010125 0.46187499
0.035625 -0.010375 0.46062499
0.036125001 -0.0091249999 0.46037501
0.034875002 -0.011125 0.460875
0.014875 -0.020125 0.45087501
0.036125001 -0.011375 0.46062499
0.034875002 -0.010375 0.461375
0.034875002 -0.011875 0.460875
0.013875 -0.015125 0.453125
0.014125 -0.018874999 0.450625
0.016124999 -0.019874999 0.451875
0.015125 -0.018874999 0.45162499
0.014875 -0.018375 0.451875
0.016875001 -0.019874999 0.45287499
0.034875002 -0.012875 0.460875
0.036125001 -0.012875 0.46062499
0.036125001 -0.011875 0.46062499
0.011875 -0.020874999 0.44787499
0.011875 -0.019874999 0.44787499
0.026875 -0.023125 0.45787501
0.028875001 -0.022125 0.45912501
0.016124999 -0.018874999 0.45287499
0.014875 -0.001125 0.460875
0.023125 0.0038749999 0.460125
0.016875001 -0.020874999 0.45212501
0.017875001 -0.021875 0.45287499
0.024125 0.0038749999 0.460125
0.013625 -0.020874999 0.44887501
0.013125 -0.019874999 0.448625
0.013625 -0.016375 0.45212501
0.011875 -0.025125001 0.448125
0.013875 -0.018375 0.45087501
0.013875 -0.019874999 0.449875
0.010875 -0.025125001 0.44762501
0.011875 -0.023125 0.448125
0.025875 -0.023125 0.457625
0.027875001 -0.023125 0.45837501
0.026625 -0.021875 0.45787501
0.027875001 -0.021875 0.45862499
0.025875 -0.024125 0.45737499
0.026875 -0.024125 0.45787501
0.027875001 -0.024125 0.45837501
0.029124999 -0.024125 0.458875
0.029124999 -0.023125 0.458875
0.030125 -0.020874999 0.45962501
0.031125 -0.020874999 0.45987499
0.020874999 0.002625 0.462625
0.022125 0.002875 0.462625
0.010875 -0.011125 0.448125
0.016875001 -0.010125 0.460125
0.012375 -0.012875 0.451875
0.011875 -0.011875 0.451875
0.014875 -0.014125 0.455125
0.014375 -0.016375 0.453125
0.014875 -0.014875 0.45412499
0.019874999 0.0023749999 0.46412501
0.010875 -0.011375 0.44887501
0.011125 -0.012875 0.448125
0.010875 -0.012125 0.448125
0.011125 -0.011875 0.44887501
0.025625 -0.001125 0.465875
0.026875 -0.001125 0.465875
0.015375 -0.014875 0.455125
0.026625 -0.0051250001 0.464625
0.026875 -0.004375 0.46487501
0.015875001 -0.012875 0.45712501
0.032125 -0.020874999 0.460125
0.030125 -0.019874999 0.45987499
0.030874999 -0.020125 0.45987499
0.032125 -0.019874999 0.46037501
0.032125 -0.018874999 0.46062499
0.030125 -0.021875 0.45937499
0.031125 -0.021875 0.45962501
0.029124999 -0.020874999 0.45937499
0.030125 -0.023125 0.45912501
0.031125 -0.023125 0.45937499
0.030874999 -0.017124999 0.460875
0.027875001 -0.018124999 0.45987499
0.028875001 -0.018375 0.460125
0.030125 -0.018124999 0.46037501
0.031125 -0.018124999 0.46062499
0.032875001 -0.018124999 0.460875
0.032125 -0.017124999 0.46112499
0.027875001 -0.003125 0.464625
0.031125 -0.016375 0.461375
0.032125 -0.016375 0.461375
0.031125 -0.014875 0.46162501
0.032125 -0.018124999 0.460875
0.028875001 -0.0021250001 0.464625
0.029124999 -0.019874999 0.45962501
0.029124999 -0.018874999 0.45987499
0.029874999 -0.019125 0.45987499
0.031125 -0.018874999 0.46037501
0.032875001 -0.022125 0.460125
0.032125 -0.021875 0.45987499
0.013125 -0.017124999 0.450625
0.032875001 -0.020874999 0.46037501
0.032875001 -0.019874999 0.46062499
0.032875001 -0.018874999 0.460875
0.034125 -0.021875 0.460125
0.034125 -0.020874999 0.46037501
0.034875002 -0.020874999 0.46037501
0.034125 -0.019874999 0.46062499
0.034875002 -0.019874999 0.46062499
0.034125 -0.018874999 0.460875
0.026875 -0.003125 0.46537501
0.027875001 -0.0021250001 0.46537501
0.013875 -0.017124999 0.451875
0.010875 -0.024125 0.44762501
0.029124999 -0.025125001 0.45862499
0.026875 -0.0083750002 0.46412501
0.013375 -0.013875 0.453125
0.025875 -0.0091249999 0.46412501
0.026875 -0.0091249999 0.463875
0.018874999 -0.024125 0.453125
0.018124999 -0.023125 0.45287499
0.025625 -0.0023749999 0.465875
0.017124999 -0.024125 0.45162499
0.010875 -0.023125 0.44762501
0.023875 0.0038749999 0.45787501
0.024125 0.004125 0.45712501
0.023125 0.0038749999 0.45787501
0.025125001 0.004125 0.45787501
0.025125001 0.004125 0.45912501
0.025125001 0.004125 0.460125
0.025875 0.004375 0.460125
0.025875 0.004375 0.457625
0.026875 0.0048750001 0.45787501
0.025875 0.004375 0.45912501
0.025125001 0.004375 0.45712501
0.025875 0.0048750001 0.45587501
0.025875 0.0046250001 0.45712501
0.022125 0.004375 0.45387501
0.013625 -0.018874999 0.45012501
0.012875 -0.018124999 0.449875
0.015625 -0.001125 0.462125
0.016375 -0.001125 0.462625
0.019874999 0.0038749999 0.455125
0.019874999 0.0036249999 0.45587501
0.019625001 0.003125 0.45912501
0.019874999 0.0033750001 0.457625
0.023125 0.004375 0.45587501
0.019874999 0.0033750001 0.45712501
0.020874999 0.0036249999 0.45712501
0.022125 0.0038749999 0.45712501
0.020874999 0.0033750001 0.457625
0.022125 0.004125 0.455125
0.023125 0.004375 0.455125
0.020874999 0.0038749999 0.45587501
0.021875 0.0038749999 0.45587501
0.029874999 -0.024125 0.45912501
0.031125 -0.024125 0.45937499
0.030125 -0.025125001 0.458875
0.031125 -0.025125001 0.45912501
0.032125 -0.024125 0.45962501
0.015125 -0.0023749999 0.46062499
0.032875001 -0.024125 0.45987499
0.024125 0.004375 0.45587501
0.032125 -0.023125 0.45962501
0.011875 -0.017124999 0.44787499
0.016124999 -0.003125 0.46162501
0.015875001 -0.0023749999 0.462125
0.016875001 -0.0021250001 0.46312499
0.017875001 0.0036249999 0.45387501
0.010625 -0.010375 0.448125
0.010625 -0.010375 0.44887501
0.025875 -0.0081249997 0.46437499
0.027875001 -0.0081249997 0.46362501
0.010875 -0.011125 0.45012501
0.025875 -0.007125 0.464625
0.026875 -0.007125 0.46437499
0.010625 -0.010375 0.45012501
0.030874999 -0.0048750001 0.462625
0.031125 -0.004125 0.46287501
0.029124999 -0.0048750001 0.463875
0.030125 -0.0051250001 0.463375
0.032125 -0.0051250001 0.462625
0.011875 -0.018124999 0.44787499
0.032125 -0.025125001 0.45937499
0.012875 -0.018874999 0.44887501
0.032875001 -0.025125001 0.45962501
0.015875001 -0.018375 0.453125
0.017875001 0.0033750001 0.455125
0.020874999 0.0046250001 0.451875
0.020874999 0.004375 0.453125
0.022125 0.0046250001 0.453125
0.016875001 -0.003125 0.46287501
0.019625001 0.0038749999 0.45387501
0.034125 -0.025125001 0.45987499
0.033875 -0.024125 0.460125
0.020874999 0.004125 0.45387501
0.013625 -0.0051250001 0.45712501
0.0096249999 -0.0058749998 0.448125
0.0093750004 -0.0051250001 0.448125
0.0096249999 -0.0058749998 0.44887501
0.014875 -0.0058749998 0.458125
0.020874999 0.0048750001 0.45087501
0.014125 -0.0051250001 0.457625
0.013875 -0.004375 0.45787501
0.030125 -0.004125 0.46362501
0.013875 -0.003125 0.458875
0.014875 -0.0033750001 0.460125
0.014625 -0.0021250001 0.460125
0.015375 -0.003125 0.46062499
0.015375 -0.0058749998 0.45912501
0.014875 -0.0048750001 0.458875
0.014625 -0.004125 0.45912501
0.032875001 -0.023125 0.45987499
0.034125 -0.023125 0.460125
0.034875002 -0.021875 0.460125
0.034875002 -0.023125 0.460125
0.034875002 -0.024125 0.45987499
0.034875002 -0.025125001 0.45962501
0.036125001 -0.024125 0.45962501
0.016124999 -0.0058749998 0.45987499
0.015875001 -0.0048750001 0.460125
0.022125 0.0048750001 0.451875
0.016625 -0.0051250001 0.46062499
0.022875 0.0048750001 0.451875
0.023125 0.0048750001 0.453125
0.015125 -0.004125 0.45962501
0.015875001 -0.004375 0.460875
0.017124999 -0.0048750001 0.46187499
0.016375 0.00012500001 0.462625
0.016875001 0.001125 0.46287501
0.020874999 -0.014375 0.46112499
0.019874999 -0.014875 0.45987499
0.022125 -0.017124999 0.458875
0.020874999 -0.015375 0.460125
0.022125 -0.016124999 0.45987499
0.020874999 -0.016375 0.45912501
0.019874999 -0.016124999 0.458875
0.020874999 -0.017375 0.458125
0.018874999 -0.018124999 0.45587501
0.019874999 -0.018124999 0.456875
0.019874999 -0.019125 0.45587501
0.020874999 -0.018375 0.45712501
0.018874999 -0.019125 0.455125
0.017875001 -0.019874999 0.45362499
0.017875001 -0.018874999 0.454375
0.020625001 -0.020874999 0.455125
0.020874999 -0.019874999 0.45587501
0.019874999 -0.020874999 0.45462501
0.019625001 -0.020125 0.455125
0.022125 -0.019874999 0.456375
0.023125 -0.018124999 0.45837501
0.022125 -0.018124999 0.45787501
0.020874999 -0.018874999 0.456375
0.021875 -0.019125 0.45712501
0.024125 -0.020874999 0.456875
0.023125 -0.021875 0.456375
0.023125 -0.020874999 0.45662501
0.024125 -0.023125 0.45662501
0.024125 -0.021875 0.456875
0.024875 -0.023375001 0.45712501
0.025875 -0.020874999 0.45787501
0.025125001 -0.021875 0.45737499
0.025875 -0.021875 0.457625
0.025125001 -0.020874999 0.45737499
0.026875 -0.020874999 0.45837501
0.027875001 -0.020874999 0.458875
0.036125001 -0.025125001 0.45937499
0.011125 0.00012500001 0.455625
0.011875 -0.001125 0.456875
0.011875 0.00012500001 0.456875
0.011375 0.00087500003 0.45587501
0.012125 0.00087500003 0.45662501
0.012875 0.001125 0.45787501
0.011875 0.001625 0.45587501
0.011875 0.0021250001 0.455125
0.012625 0.0021250001 0.45587501
0.012875 0.001875 0.45712501
0.012875 0.0023749999 0.455125
0.013875 0.002625 0.455125
0.015125 0.002875 0.455125
0.013875 0.0023749999 0.45587501
0.015125 0.002625 0.45587501
0.016124999 0.002875 0.45487499
0.016124999 0.003125 0.45387501
0.017124999 0.0033750001 0.45387501
0.017124999 0.003125 0.455125
0.018874999 -0.021875 0.45362499
0.018874999 -0.020874999 0.45387501
0.0088750003 0.001125 0.451875
0.0091249999 0.001875 0.451875
0.0081249997 0.001125 0.44887501
0.018874999 -0.019874999 0.454375
0.016124999 -0.024125 0.450625
0.017875001 -0.025125001 0.451875
0.036874998 -0.025125001 0.458875
0.036874998 -0.024374999 0.45912501
0.0091249999 0.001875 0.450625
0.0088750003 0.0021250001 0.45012501
0.010125 0.002625 0.45012501
0.010875 0.002875 0.45012501
0.010125 0.0023749999 0.45087501
0.010875 0.002625 0.45087501
0.011875 0.002875 0.45087501
0.010125 0.0023749999 0.451875
0.032875001 -0.017124999 0.46112499
0.016875001 -0.017124999 0.455125
0.010875 0.0023749999 0.451875
0.0088750003 0.0021250001 0.44887501
0.0088750003 0.0021250001 0.448125
0.017625 -0.017375 0.45587501
0.017625 -0.016375 0.45712501
0.032875001 -0.016375 0.461375
0.010125 0.002875 0.448125
0.034125 -0.016124999 0.460875
0.033875 -0.017124999 0.460875
0.034875002 -0.017124999 0.46062499
0.0083750002 0.00087500003 0.448125
0.010875 0.002875 0.44887501
0.010875 0.003125 0.448125
0.010125 0.002625 0.44887501
0.034875002 -0.016124999 0.460875
0.034875002 -0.013875 0.460875
0.036125001 -0.016375 0.46062499
0.034625001 -0.014875 0.460875
0.036125001 -0.014875 0.46062499
0.036125001 -0.013875 0.460875
0.037124999 -0.016375 0.46037501
0.037124999 -0.014875 0.46037501
0.037875 -0.014125 0.45987499
0.037124999 -0.013875 0.46037501
0.037124999 -0.012875 0.46037501
0.037625 -0.012875 0.45987499
0.037124999 -0.011875 0.460125
0.037875 -0.011875 0.45962501
0.037124999 -0.011125 0.460125
0.011875 0.0033750001 0.448125
0.011875 0.003125 0.44887501
0.011875 0.003125 0.45012501
0.012875 0.003125 0.45087501
0.012875 0.003125 0.45012501
0.037875 -0.011375 0.45962501
0.013875 0.0033750001 0.45012501
0.037875 -0.014875 0.45987499
0.037875 -0.016124999 0.45987499
0.036125001 -0.019874999 0.46062499
0.034875002 -0.018874999 0.46062499
0.036125001 -0.018874999 0.46062499
0.012875 0.0036249999 0.448125
0.013875 0.0038749999 0.448125
0.034125 -0.018124999 0.460875
0.034875002 -0.018124999 0.46062499
0.014875 0.0038749999 0.448125
0.036125001 -0.018124999 0.46062499
0.036125001 -0.017124999 0.46062499
0.037875 -0.021875 0.45962501
0.037124999 -0.020874999 0.460125
0.037875 -0.020874999 0.45987499
0.037625 -0.019874999 0.45987499
0.037875 -0.018874999 0.45987499
0.037124999 -0.019874999 0.460125
0.037124999 -0.018874999 0.46037501
0.037124999 -0.018124999 0.46037501
0.037124999 -0.017124999 0.46037501
0.037875 -0.018124999 0.460125
0.037875 -0.017124999 0.460125
0.036125001 -0.022125 0.460125
0.036874998 -0.021875 0.45987499
0.036125001 -0.020874999 0.46037501
0.036125001 -0.023125 0.45987499
0.037124999 -0.023125 0.45962501
0.034625001 -0.004125 0.46062499
0.034125 -0.004125 0.461375
0.034875002 -0.0051250001 0.46062499
0.017124999 -0.001125 0.46362501
0.017124999 0.00012500001 0.46362501
0.036125001 -0.003125 0.460125
0.037875 -0.0048750001 0.458875
0.037124999 -0.0051250001 0.45937499
0.037875 -0.004125 0.45912501
0.036125001 -0.004125 0.460125
0.017875001 0.001875 0.46287501
0.017625 0.001125 0.46412501
0.018874999 0.0021250001 0.46412501
0.017875001 -0.0021250001 0.463875
0.017625 -0.001125 0.46412501
0.017625 0.00012500001 0.46412501
0.018874999 0.00012500001 0.464625
0.037124999 -0.004125 0.45962501
0.037124999 -0.003125 0.45962501
0.018874999 -0.001125 0.46437499
0.037875 -0.003125 0.45912501
0.019874999 -0.001125 0.464625
0.019625001 0.00012500001 0.46487501
0.013375 -0.010375 0.455125
0.014375 -0.011375 0.45587501
0.011875 -0.011125 0.451875
0.012375 -0.011375 0.453125
0.013375 -0.011875 0.45387501
0.012875 -0.011125 0.45387501
0.012875 -0.010375 0.45387501
0.013875 -0.011875 0.45487499
0.013875 -0.011125 0.455125
0.015125 -0.012875 0.45587501
0.034625001 -0.0058749998 0.46062499
0.012875 -0.011875 0.453125
0.013875 -0.012875 0.45387501
0.014375 -0.012875 0.455125
0.012875 0.0033750001 0.44887501
0.013875 0.0036249999 0.44887501
0.015125 0.0038749999 0.44887501
0.0093750004 0.00087500003 0.453125
0.010125 0.001875 0.45287499
0.010125 0.00012500001 0.45387501
0.010625 0.00012500001 0.455125
0.010125 0.001125 0.45387501
0.010875 0.001125 0.455125
0.010875 0.0021250001 0.45387501
0.011875 0.002625 0.451875
0.010875 0.0023749999 0.453125
0.011875 0.0023749999 0.453125
0.012875 0.002625 0.453125
0.011875 0.0023749999 0.45387501
0.012875 0.002625 0.45387501
0.013875 0.002875 0.45387501
0.013875 0.003125 0.451875
0.015125 0.0036249999 0.45012501
0.013875 0.003125 0.45087501
0.015375 -0.011875 0.45712501
0.016875001 -0.025125001 0.451125
0.015125 0.0033750001 0.45087501
0.016124999 0.0036249999 0.45087501
0.015625 -0.025125001 0.45012501
0.015125 0.0033750001 0.451875
0.016124999 0.0036249999 0.451875
0.017124999 0.0036249999 0.453125
0.014875 -0.025125001 0.44912499
0.016124999 0.0038749999 0.45012501
0.017124999 0.0038749999 0.45087501
0.017124999 0.0038749999 0.451875
0.014875 0.003125 0.45387501
0.012875 0.002875 0.451875
0.013875 0.002875 0.453125
0.015125 0.003125 0.453125
0.016124999 0.0033750001 0.453125
0.017875001 0.0036249999 0.451875
0.018874999 0.004375 0.45087501
0.019874999 0.0046250001 0.45087501
0.018874999 0.004125 0.451875
0.019874999 0.004375 0.451875
0.017875001 0.0038749999 0.453125
0.018625 0.0038749999 0.453125
0.019874999 0.004375 0.453125
0.018874999 0.0038749999 0.45387501
0.019874999 -0.024125 0.45387501
0.019874999 -0.023375001 0.45387501
0.021125 -0.023125 0.45487499
0.016124999 0.004375 0.448125
0.020125 -0.025125001 0.45362499
0.017124999 0.0046250001 0.448125
0.017875001 0.0046250001 0.448125
0.015875001 0.0038749999 0.44887501
0.017124999 0.004375 0.44887501
0.017875001 0.0046250001 0.44887501
0.016875001 0.0038749999 0.45012501
0.018874999 0.0046250001 0.44787499
0.019874999 0.0048750001 0.44887501
0.018874999 0.0048750001 0.44887501
0.017875001 0.004375 0.45012501
0.018874999 0.0046250001 0.45012501
0.019874999 0.0048750001 0.45012501
0.017625 0.0038749999 0.45087501
0.020874999 0.0048750001 0.45012501
0.019874999 0.0051250001 0.448125
0.020874999 0.0053750002 0.448125
0.022125 0.0056250002 0.448125
0.023125 0.0058749998 0.44787499
0.020874999 0.0051250001 0.44887501
0.022125 0.0053750002 0.44887501
0.020874999 -0.024125 0.45462501
0.022125 -0.023125 0.45537499
0.019625001 -0.021875 0.45387501
0.018874999 0.001125 0.46487501
0.021875 -0.025374999 0.455125
0.020874999 -0.025125001 0.454375
0.019874999 0.00087500003 0.46537501
0.019874999 0.001875 0.464625
0.022125 0.001875 0.465875
0.020874999 0.001125 0.465875
0.023125 0.0021250001 0.46612501
0.021875 0.001125 0.46612501
0.022125 0.00012500001 0.465875
0.025125001 -0.00012500001 0.46612501
0.023125 -0.001125 0.465875
0.023125 -0.00012500001 0.46612501
0.024125 -0.00012500001 0.46612501
0.021875 -0.024125 0.455125
0.023125 0.001125 0.46612501
0.024125 0.001125 0.46612501
0.025125001 0.001125 0.46612501
0.024125 0.0021250001 0.46612501
0.025125001 0.0021250001 0.46612501
0.025125001 0.002875 0.46562499
0.025875 0.002875 0.46562499
0.015125 0.00012500001 0.460875
0.015875001 0.00012500001 0.462125
0.012875 -0.001375 0.45787501
0.012875 0.00012500001 0.45787501
0.013625 -0.001125 0.45912501
0.011875 -0.0023749999 0.45587501
0.011375 -0.001125 0.45587501
0.013875 0.001125 0.45912501
0.014625 0.00087500003 0.460125
0.012875 -0.0023749999 0.457625
0.013875 -0.0023749999 0.45912501
0.011875 -0.003125 0.45587501
0.012875 -0.003125 0.45712501
0.012375 -0.0021250001 0.45712501
0.013375 -0.003125 0.457625
0.012375 -0.004125 0.45587501
0.012875 -0.004125 0.456875
0.013625 0.00012500001 0.45912501
0.014125 -0.001125 0.45962501
0.014125 0.00012500001 0.45962501
0.015125 0.001625 0.460125
0.016124999 0.001625 0.46062499
0.015875001 0.0021250001 0.460125
0.017124999 0.002625 0.457625
0.015125 0.001875 0.458875
0.016124999 0.0021250001 0.45912501
0.017124999 0.0023749999 0.45912501
0.017124999 0.0023749999 0.460125
0.016875001 0.0021250001 0.460875
0.017875001 0.002875 0.45787501
0.017875001 0.002625 0.45912501
0.017875001 0.0023749999 0.460125
0.018874999 0.002625 0.460125
0.017875001 0.0021250001 0.460875
0.017124999 0.001875 0.462125
0.016124999 0.00087500003 0.46187499
0.015125 0.00087500003 0.46062499
0.018874999 0.0023749999 0.46062499
0.017875001 0.0021250001 0.462125
0.018874999 0.0023749999 0.462125
0.013875 0.001875 0.457625
0.013625 0.0021250001 0.45712501
0.015125 0.0023749999 0.45712501
0.016124999 0.002625 0.45712501
0.015125 0.0021250001 0.45787501
0.016124999 0.0023749999 0.457625
0.017124999 0.002875 0.455625
0.016124999 0.002875 0.45587501
0.017124999 0.002875 0.45712501
0.018625 0.003125 0.45787501
0.020874999 -0.021875 0.45487499
0.022125 -0.021875 0.455625
0.021875 -0.021125 0.45587501
0.011875 -0.021875 0.44787499
0.012875 -0.021875 0.448125
0.012625 -0.020874999 0.448125
0.011875 -0.024125 0.448125
0.012875 -0.025125001 0.44837499
0.012875 -0.024125 0.448125
0.012875 -0.023125 0.448125
0.026875 0.0056250002 0.455125
0.027875001 0.0056250002 0.455125
0.028875001 0.0056250002 0.45487499
0.030125 0.0058749998 0.455125
0.030125 0.0063749999 0.45387501
0.013875 -0.022125 0.44887501
0.030125 0.006875 0.451875
0.030125 0.0066249999 0.453125
0.031125 0.006875 0.453125
0.032125 0.006875 0.45287499
0.032875001 0.007125 0.453125
0.031125 0.0066249999 0.45387501
0.032125 0.0066249999 0.45387501
0.032875001 0.006875 0.45362499
0.034125 0.007375 0.453125
0.031125 0.0063749999 0.455125
0.032125 0.0066249999 0.455125
0.032875001 0.006875 0.455125
0.034125 0.006875 0.45487499
0.034125 0.007125 0.45387501
0.034875002 0.007375 0.45387501
0.034875002 0.007125 0.455125
0.015125 -0.023125 0.449875
0.034875002 0.0081249997 0.45012501
0.034875002 0.0083750002 0.448125
0.014875 -0.021875 0.45012501
0.034875002 0.0081249997 0.44887501
0.036125001 0.0083750002 0.44887501
0.036125001 0.0083750002 0.45012501
0.037124999 0.0086249998 0.45012501
0.034875002 0.0078750001 0.45087501
0.0098750005 -0.006875 0.448125
0.036125001 0.0081249997 0.45087501
0.037124999 0.0083750002 0.45087501
0.034875002 0.0076250001 0.451875
0.036125001 0.0078750001 0.45162499
0.037875 -0.024125 0.458875
0.037875 -0.025125001 0.45837501
0.037875 -0.023125 0.45937499
0.034875002 0.0076250001 0.453125
0.036125001 0.0076250001 0.45387501
0.036125001 0.007375 0.455125
0.037124999 0.0076250001 0.455125
0.037124999 0.0078750001 0.45362499
0.037875 0.0081249997 0.455125
0.036125001 0.0078750001 0.453125
0.037875 0.0081249997 0.45387501
0.036874998 0.0081249997 0.453125
0.036874998 0.0081249997 0.451875
0.037875 0.0083750002 0.453125
0.037875 0.0086249998 0.451875
0.036125001 0.0086249998 0.448125
0.037124999 0.0088750003 0.448125
0.037124999 0.0086249998 0.44887501
0.037875 0.0088750003 0.44887501
0.037875 0.0091249999 0.448125
0.037875 0.0088750003 0.45012501
0.010375 -0.0091249999 0.448125
0.037875 0.0086249998 0.45087501
0.010375 -0.0091249999 0.44887501
0.010125 -0.0081249997 0.44887501
0.029124999 0.0038749999 0.46412501
0.0098750005 -0.006875 0.44887501
0.010375 -0.0091249999 0.45012501
0.027875001 0.0038749999 0.46412501
0.029124999 0.0046250001 0.462625
0.030125 0.0048750001 0.46287501
0.031125 0.0048750001 0.46287501
0.029874999 0.0038749999 0.463875
0.032875001 0.0048750001 0.46237499
0.030125 0.0051250001 0.460875
0.029874999 0.0048750001 0.462125
0.014125 -0.020874999 0.449875
0.013875 -0.023125 0.44887501
0.022875 -0.023125 0.45587501
0.023125 -0.025125001 0.455625
0.023875 -0.025125001 0.45587501
0.023125 -0.024125 0.45587501
0.024125 -0.024125 0.456375
0.022125 0.0036249999 0.457625
0.046124998 0.0063749999 0.43687499
0.044875 0.0061249998 0.437875
0.046124998 0.0061249998 0.437875
0.046124998 0.0061249998 0.439125
0.045875002 0.0058749998 0.43987501
0.044124998 0.0061249998 0.43612501
0.044875 0.0061249998 0.43612501
0.046124998 0.0063749999 0.43612501
0.044124998 0.0061249998 0.43687499
0.044875 0.0061249998 0.43687499
0.044124998 0.0063749999 0.43487501
0.044875 0.0063749999 0.43487501
0.044124998 0.0063749999 0.43412501
0.044875 0.0063749999 0.43412501
0.043125 0.0061249998 0.43487501
0.046124998 0.0063749999 0.43412501
0.046124998 0.0063749999 0.43487501
0.046875 0.0066249999 0.43412501
0.048124999 0.0066249999 0.43412501
0.046875 0.0063749999 0.43487501
0.050124999 0.0066249999 0.43487501
0.045875002 0.0048750001 0.44587499
0.046124998 0.0053750002 0.444875
0.046875 0.0048750001 0.446125
0.046124998 0.0046250001 0.44687501
0.046124998 0.0058749998 0.44112501
0.044875 0.0056250002 0.44312501
0.044124998 0.0053750002 0.44387501
0.046875 0.0058749998 0.44112501
0.046124998 0.0058749998 0.44187501
0.046875 0.0058749998 0.44187501
0.048124999 0.0058749998 0.44187501
0.048875 0.0061249998 0.44187501
0.046124998 0.0056250002 0.44312501
0.046875 0.0058749998 0.44312501
0.048124999 0.0061249998 0.43987501
0.048124999 0.0061249998 0.44112501
0.048124999 0.0058749998 0.44312501
0.048875 0.0058749998 0.442875
0.046124998 0.0056250002 0.44387501
0.046875 0.0056250002 0.44387501
0.048124999 0.0056250002 0.44387501
0.046875 0.0053750002 0.444875
0.048124999 0.0053750002 0.444875
0.046875 0.0048750001 0.44687501
0.048124999 0.0046250001 0.44687501
0.048875 0.0051250001 0.44687501
0.048625 0.0056250002 0.444875
0.048124999 0.0053750002 0.446125
0.048625 0.0053750002 0.446125
0.050124999 0.0053750002 0.44687501
0.048875 0.0058749998 0.44387501
0.050124999 0.0058749998 0.44387501
0.050124999 0.0056250002 0.444875
0.050124999 0.0058749998 0.44312501
0.051125001 0.0058749998 0.444875
0.051874999 0.0058749998 0.444875
0.051125001 0.0056250002 0.446125
0.051874999 0.0058749998 0.446125
0.051125001 0.0053750002 0.44687501
0.051125001 0.0063749999 0.44187501
0.051624998 0.0063749999 0.44187501
0.051125001 0.0061249998 0.44312501
0.051874999 0.0061249998 0.44312501
0.046875 0.0063749999 0.43687499
0.046875 0.0063749999 0.437875
0.046875 0.0061249998 0.439125
0.048124999 0.0061249998 0.439125
0.046875 0.0061249998 0.43987501
0.048124999 0.0063749999 0.437875
0.048625 0.0063749999 0.439125
0.046875 0.0063749999 0.43612501
0.048124999 0.0063749999 0.43612501
0.048625 0.0063749999 0.43612501
0.048124999 0.0063749999 0.43687499
0.048625 0.0063749999 0.43687499
0.050124999 0.0066249999 0.43687499
0.048625 0.0063749999 0.437875
0.050124999 0.0066249999 0.439125
0.048625 0.0063749999 0.43987501
0.050124999 0.0063749999 0.43987501
0.048875 0.0061249998 0.44112501
0.048875 0.006875 0.43412501
0.048124999 0.0066249999 0.43487501
0.048625 0.0066249999 0.43487501
0.051125001 0.0063749999 0.43987501
0.051624998 0.0066249999 0.43987501
0.050124999 0.0063749999 0.44112501
0.051125001 0.0063749999 0.44112501
0.051624998 0.0063749999 0.44112501
0.050124999 0.0061249998 0.44187501
0.051624998 0.0066249999 0.439125
0.051125001 0.0066249999 0.43687499
0.051624998 0.0066249999 0.43687499
0.051125001 0.0066249999 0.437875
0.051624998 0.0066249999 0.437875
0.051125001 0.0066249999 0.43487501
0.051125001 0.006875 0.43412501
0.051125001 0.0066249999 0.43612501
0.051624998 0.0066249999 0.43612501
0.053624999 0.0066249999 0.43987501
0.039124999 0.0096249999 0.44687501
0.039875001 0.0098750005 0.44687501
0.041125 0.0096249999 0.44687501
0.041625001 0.0091249999 0.44687501
0.039124999 0.0098750005 0.444875
0.039875001 0.010125 0.446125
0.039124999 0.010125 0.44387501
0.039124999 0.0096249999 0.446125
0.039124999 0.010125 0.44187501
0.039124999 0.010125 0.44312501
0.039625 0.0098750005 0.44312501
0.039375 0.0091249999 0.44112501
0.038874999 0.0078750001 0.439125
0.039625 0.0081249997 0.43987501
0.038874999 0.0088750003 0.43987501
0.038874999 0.0098750005 0.44112501
0.039875001 0.010125 0.444875
0.039875001 0.0098750005 0.44387501
0.041125 0.0091249999 0.44462499
0.041125 0.0096249999 0.446125
0.041875001 0.006875 0.444875
0.041625001 0.0081249997 0.444875
0.041375 0.0091249999 0.446125
0.041875001 0.0078750001 0.44587499
0.041875001 0.0081249997 0.44687501
0.039875001 0.0081249997 0.44087499
0.039875001 0.0088750003 0.44187501
0.040375002 0.0091249999 0.44312501
0.040624999 0.007125 0.44112501
0.040874999 0.006875 0.44187501
0.040375002 0.0081249997 0.44187501
0.040874999 0.0078750001 0.44312501
0.041125 0.0058749998 0.44112501
0.041375 0.0058749998 0.44187501
0.039875001 0.007125 0.43962499
0.041625001 0.0056250002 0.44312501
0.041375 0.007125 0.44312501
0.041875001 0.0058749998 0.443625
0.041625001 0.007125 0.44387501
0.041125 0.0081249997 0.44387501
0.040874999 0.0088750003 0.44387501
0.041875001 0.0056250002 0.44187501
0.040874999 0.0058749998 0.43987501
0.041875001 0.0056250002 0.44112501
0.039124999 0.0061249998 0.43687499
0.038874999 0.0058749998 0.43612501
0.038874999 0.006875 0.437875
0.039875001 0.0058749998 0.43612501
0.039625 0.0056250002 0.43687499
0.039124999 0.0058749998 0.43412501
0.039124999 0.0058749998 0.43487501
0.039875001 0.0058749998 0.43487501
0.041125 0.0058749998 0.43612501
0.040874999 0.0058749998 0.43412501
0.041875001 0.0061249998 0.43412501
0.039625 0.007125 0.439125
0.039875001 0.0063749999 0.439125
0.039875001 0.0058749998 0.43762499
0.040874999 0.0058749998 0.439125
0.041125 0.0058749998 0.43687499
0.041125 0.0058749998 0.437875
0.043125 0.0058749998 0.43687499
0.043125 0.0061249998 0.43612501
0.044124998 0.0058749998 0.437875
0.041875001 0.0058749998 0.439125
0.043125 0.0058749998 0.439125
0.041875001 0.0056250002 0.43987501
0.043125 0.0056250002 0.43987501
0.041875001 0.0058749998 0.43687499
0.041875001 0.0058749998 0.437875
0.043125 0.0058749998 0.437875
0.044875 0.0058749998 0.439125
0.044124998 0.0058749998 0.439125
0.044124998 0.0058749998 0.43987501
0.044875 0.0058749998 0.43987501
0.043125 0.0056250002 0.44112501
0.044124998 0.0056250002 0.44112501
0.039875001 0.0058749998 0.43412501
0.041125 0.0058749998 0.43487501
0.041625001 0.0058749998 0.43487501
0.041875001 0.0056250002 0.43612501
0.043125 0.0061249998 0.43412501
0.042624999 0.0058749998 0.446125
0.042624999 0.0058749998 0.44687501
0.043125 0.0048750001 0.44687501
0.042374998 0.0058749998 0.444875
0.042125002 0.007125 0.446125
0.042374998 0.007125 0.44687501
0.043125 0.0048750001 0.446125
0.043125 0.0051250001 0.444875
0.044124998 0.0046250001 0.44687501
0.044124998 0.0048750001 0.444875
0.044124998 0.0048750001 0.446125
0.044875 0.0046250001 0.44687501
0.044875 0.0053750002 0.44387501
0.044875 0.0051250001 0.444875
0.044875 0.0048750001 0.44587499
0.043125 0.0053750002 0.44387501
0.044875 0.0058749998 0.44112501
0.043125 0.0053750002 0.44187501
0.044124998 0.0056250002 0.44187501
0.044875 0.0056250002 0.44187501
0.043125 0.0053750002 0.44312501
0.044124998 0.0053750002 0.44312501
0.039124999 -0.026875 0.45662501
0.039875001 -0.026875 0.456375
0.039124999 -0.027875001 0.45712501
0.039875001 -0.027875001 0.45712501
0.041125 -0.026875 0.45612499
0.041125 -0.027875001 0.45712501
0.039124999 -0.029124999 0.45787501
0.039124999 -0.029874999 0.45837501
0.039875001 -0.029124999 0.45787501
0.039124999 -0.032125 0.45912501
0.039124999 -0.031125 0.458875
0.041875001 -0.027875001 0.45712501
0.039124999 -0.033124998 0.45912501
0.039875001 -0.033124998 0.45912501
0.039875001 -0.031125 0.45862499
0.039875001 -0.029874999 0.45837501
0.041125 -0.031125 0.45862499
0.041125 -0.029874999 0.45787501
0.041875001 -0.031125 0.45837501
0.041125 -0.028875001 0.457625
0.041875001 -0.028875001 0.457625
0.039124999 -0.026125001 0.45712501
0.039875001 -0.026125001 0.456375
0.040874999 -0.026125001 0.45587501
0.041875001 -0.026875 0.456375
0.042874999 -0.026125001 0.45587501
0.041875001 -0.026374999 0.45587501
0.044124998 -0.026125001 0.456375
0.043125 -0.026875 0.45662501
0.043125 -0.027875001 0.45712501
0.044124998 -0.027124999 0.456875
0.043125 -0.029874999 0.45787501
0.043125 -0.028875001 0.457625
0.044124998 -0.027875001 0.45712501
0.044124998 -0.028875001 0.457625
0.044875 -0.027875001 0.45737499
0.046124998 -0.027875001 0.457625
0.046124998 -0.028875001 0.45787501
0.044875 -0.026125001 0.45662501
0.044875 -0.027124999 0.456875
0.046124998 -0.026125001 0.456875
0.046124998 -0.026875 0.45737499
0.046875 -0.027875001 0.45787501
0.046875 -0.026875 0.457625
0.047874998 -0.026875 0.45787501
0.046875 -0.026125001 0.45737499
0.048124999 -0.026125001 0.45787501
0.041125 -0.033124998 0.45912501
0.041875001 -0.032125 0.458875
0.043125 -0.032125 0.458875
0.044124998 -0.031125 0.45862499
0.049125001 -0.010375 0.45487499
0.049125001 -0.0091249999 0.45487499
0.050124999 -0.013875 0.455625
0.050124999 -0.012875 0.455625
0.048875 -0.011875 0.45487499
0.050124999 -0.011875 0.455625
0.046875 -0.011125 0.45412499
0.046875 -0.010125 0.45412499
0.045875002 -0.0091249999 0.45362499
0.046875 -0.0091249999 0.45412499
0.048124999 -0.0081249997 0.454375
0.048124999 -0.010375 0.454375
0.048124999 -0.0091249999 0.454375
0.050625 -0.012875 0.45612499
0.050875001 -0.011125 0.45587501
0.050875001 -0.010125 0.45587501
0.050875001 -0.011875 0.45587501
0.050124999 -0.011375 0.455625
0.050124999 -0.010375 0.45537499
0.050124999 -0.0091249999 0.45537499
0.051874999 -0.012875 0.45712501
0.051874999 -0.012125 0.456875
0.051125001 -0.013875 0.456375
0.039124999 -0.025125001 0.45787501
0.038874999 -0.023125 0.458875
0.039124999 -0.024125 0.45862499
0.039875001 -0.021875 0.45862499
0.041875001 -0.025125001 0.455625
0.041125 -0.025125001 0.45612499
0.041125 -0.023125 0.45712501
0.039875001 -0.024125 0.45787501
0.039875001 -0.023125 0.45787501
0.041875001 -0.023125 0.45662501
0.040874999 -0.021875 0.45787501
0.039875001 -0.025374999 0.45712501
0.041875001 -0.024125 0.45587501
0.040874999 -0.024125 0.456875
0.042874999 -0.023125 0.45587501
0.043125 -0.025125001 0.455625
0.044124998 -0.023125 0.45537499
0.044875 -0.020874999 0.455125
0.044124998 -0.021875 0.45537499
0.044875 -0.021875 0.455125
0.046124998 -0.023375001 0.45587501
0.046875 -0.023125 0.456375
0.044875 -0.023125 0.45537499
0.043125 -0.024125 0.45537499
0.044124998 -0.024125 0.45537499
0.044875 -0.024125 0.45587501
0.045875002 -0.024125 0.45587501
0.044875 -0.024875 0.45612499
0.044124998 -0.025374999 0.45587501
0.046124998 -0.025125001 0.45662501
0.046875 -0.025125001 0.456875
0.047874998 -0.024125 0.45712501
0.048124999 -0.025125001 0.45737499
0.046875 -0.024125 0.45662501
0.048625 -0.024125 0.457625
0.048625 -0.023125 0.45737499
0.046124998 -0.020874999 0.45537499
0.046875 -0.020874999 0.45587501
0.048124999 -0.020874999 0.45612499
0.046875 -0.019874999 0.455625
0.048124999 -0.018124999 0.45537499
0.048124999 -0.020125 0.45587501
0.048875 -0.022125 0.456875
0.048625 -0.020874999 0.45662501
0.048124999 -0.018874999 0.455625
0.046875 -0.021875 0.45587501
0.046124998 -0.021875 0.455625
0.048875 -0.018874999 0.45587501
0.049874999 -0.020874999 0.45712501
0.048625 -0.019874999 0.456375
0.049874999 -0.016124999 0.45587501
0.051125001 -0.017124999 0.456875
0.051125001 -0.016375 0.45662501
0.049874999 -0.017124999 0.45587501
0.051624998 -0.016375 0.45737499
0.051624998 -0.014875 0.45712501
0.051125001 -0.014875 0.45662501
0.051624998 -0.013875 0.45712501
0.051624998 -0.018874999 0.45787501
0.051874999 -0.018124999 0.45787501
0.052124999 -0.017124999 0.457625
0.051125001 -0.019874999 0.457625
0.053125001 -0.018124999 0.45862499
0.053125001 -0.017124999 0.45837501
0.050124999 -0.020125 0.456875
0.050124999 -0.018874999 0.45662501
0.050875001 -0.018124999 0.45712501
0.046875 0.0046250001 0.448125
0.048124999 0.0046250001 0.448125
0.048124999 0.004375 0.44887501
0.048875 0.0048750001 0.44787499
0.049874999 0.0048750001 0.448125
0.048625 0.0046250001 0.44887501
0.048625 0.004375 0.45012501
0.051125001 -0.018874999 0.45737499
0.048875 -0.018124999 0.45587501
0.050124999 -0.018124999 0.456375
0.048124999 -0.023125 0.456875
0.050124999 -0.021875 0.45737499
0.050875001 -0.023125 0.45787501
0.051125001 -0.025125001 0.45862499
0.051125001 -0.024125 0.45837501
0.050124999 -0.023125 0.457625
0.048875 -0.025125001 0.45787501
0.050124999 -0.024125 0.45787501
0.051125001 0.0051250001 0.448125
0.051624998 0.0053750002 0.448125
0.050124999 0.0048750001 0.44887501
0.051125001 0.0048750001 0.448625
0.050124999 0.004375 0.45012501
0.050124999 -0.025125001 0.45837501
0.051125001 -0.020874999 0.457625
0.051624998 -0.020874999 0.45837501
0.053125001 -0.019874999 0.458875
0.053624999 -0.018874999 0.45937499
0.051624998 -0.021875 0.45837501
0.051624998 -0.025125001 0.45912501
0.051874999 -0.024125 0.458875
0.052124999 -0.023125 0.45862499
0.048625 0.0033750001 0.451875
0.048875 0.0038749999 0.450625
0.051874999 0.0046250001 0.44887501
0.051624998 0.0046250001 0.45012501
0.051624998 0.004375 0.45087501
0.053125001 0.0048750001 0.44887501
0.053125001 0.0048750001 0.45012501
0.053125001 0.0053750002 0.448125
0.050124999 0.0036249999 0.451875
0.051874999 0.0038749999 0.451875
0.050124999 0.0038749999 0.45087501
0.051125001 0.004125 0.45087501
0.051125001 0.0038749999 0.45162499
0.051624998 0.0036249999 0.453125
0.049874999 0.0021250001 0.45387501
0.048625 0.001125 0.45412499
0.049874999 0.003125 0.453125
0.051125001 0.002875 0.45362499
0.051125001 0.001875 0.45487499
0.050124999 0.00087500003 0.45487499
0.051125001 0.00087500003 0.45537499
0.050875001 0.00012500001 0.45587501
0.051624998 0.003125 0.45387501
0.048124999 -0.013875 0.45462501
0.048124999 -0.012875 0.45462501
0.048875 -0.011125 0.45487499
0.048875 -0.013875 0.455125
0.048875 -0.012875 0.45487499
0.048625 -0.014875 0.455125
0.047874998 -0.017124999 0.455125
0.048124999 -0.016375 0.45487499
0.050124999 -0.014875 0.45587501
0.048625 -0.017124999 0.455625
0.048625 -0.016375 0.45537499
0.045875002 -0.018874999 0.455125
0.046124998 -0.019874999 0.455125
0.048124999 -0.021875 0.45662501
0.039124999 -0.012875 0.45937499
0.038874999 -0.011125 0.458875
0.039124999 -0.011875 0.45912501
0.039875001 -0.011875 0.45862499
0.039875001 -0.011375 0.45837501
0.039124999 -0.017124999 0.45962501
0.041125 -0.016375 0.45837501
0.039875001 -0.016124999 0.458875
0.039124999 -0.016375 0.45937499
0.039124999 -0.014875 0.45937499
0.039625 -0.014875 0.458875
0.039124999 -0.013875 0.45937499
0.039625 -0.013875 0.458875
0.039124999 -0.018124999 0.45962501
0.039875001 -0.018874999 0.458875
0.039875001 -0.018124999 0.45912501
0.039124999 -0.018874999 0.45962501
0.041125 -0.018874999 0.45837501
0.039124999 -0.021875 0.45912501
0.039124999 -0.020874999 0.45937499
0.039875001 -0.019874999 0.458875
0.039625 -0.020874999 0.458875
0.039124999 -0.019874999 0.45937499
0.041125 -0.019874999 0.45837501
0.039875001 -0.017124999 0.45912501
0.041625001 -0.018874999 0.45787501
0.041125 -0.018124999 0.45837501
0.041125 -0.017124999 0.45837501
0.039124999 -0.004125 0.45862499
0.039875001 -0.0058749998 0.45787501
0.039124999 -0.0051250001 0.45837501
0.039875001 -0.0048750001 0.45787501
0.039875001 -0.004125 0.45787501
0.039124999 -0.003125 0.458875
0.039124999 -0.0023749999 0.45912501
0.039124999 -0.001125 0.45937499
0.040874999 -0.0021250001 0.45787501
0.039875001 -0.003125 0.45837501
0.039875001 -0.0021250001 0.45862499
0.039625 -0.001125 0.458875
0.040874999 -0.001125 0.45787501
0.041625001 -0.003125 0.45662501
0.040874999 -0.003125 0.457625
0.041125 -0.004125 0.457625
0.041875001 -0.0048750001 0.456875
0.041875001 -0.004125 0.456875
0.042624999 -0.004125 0.45587501
0.042374998 -0.003125 0.45587501
0.043125 -0.004125 0.455125
0.043125 -0.003125 0.455125
0.042874999 -0.0051250001 0.455625
0.039875001 -0.0091249999 0.45787501
0.039124999 -0.0081249997 0.45837501
0.039875001 -0.0081249997 0.45787501
0.039875001 -0.006875 0.45787501
0.041125 -0.0081249997 0.457625
0.039124999 -0.007125 0.45837501
0.041125 -0.007125 0.457625
0.039124999 -0.0058749998 0.45837501
0.040874999 -0.010375 0.457625
0.038874999 -0.010375 0.458875
0.039875001 -0.010375 0.45837501
0.039124999 -0.0091249999 0.45862499
0.041875001 -0.0091249999 0.45712501
0.041125 -0.0091249999 0.457625
0.041125 -0.0058749998 0.457625
0.041125 -0.0051250001 0.457625
0.042874999 -0.0081249997 0.45587501
0.042874999 -0.006875 0.45587501
0.042874999 -0.0058749998 0.455625
0.043625001 -0.0058749998 0.455125
0.043375 -0.0051250001 0.455125
0.044124998 -0.0058749998 0.454375
0.044124998 -0.0048750001 0.45387501
0.044624999 -0.006875 0.45387501
0.044875 -0.0058749998 0.45387501
0.041875001 -0.0081249997 0.45712501
0.041875001 -0.006875 0.456875
0.041875001 -0.0058749998 0.456875
0.043875001 -0.0091249999 0.45487499
0.043875001 -0.0081249997 0.45487499
0.043875001 -0.007125 0.45487499
0.043125 -0.0091249999 0.45587501
0.044124998 -0.010125 0.455125
0.042125002 0.00012500001 0.45612499
0.041625001 -0.0021250001 0.45662501
0.041625001 -0.001125 0.45662501
0.041625001 0.00012500001 0.45712501
0.042374998 -0.0021250001 0.45587501
0.042374998 -0.001125 0.45587501
0.043125 -0.0021250001 0.455125
0.043125 0.00012500001 0.45387501
0.042874999 -0.001125 0.45487499
0.042874999 0.00012500001 0.455125
0.043875001 -0.001125 0.45362499
0.043875001 0.00087500003 0.45287499
0.044124998 0.00012500001 0.45337501
0.044875 0.00012500001 0.45337501
0.044875 0.00087500003 0.45287499
0.044875 -0.001125 0.45362499
0.044124998 -0.003125 0.45412499
0.044124998 -0.0021250001 0.45387501
0.044124998 -0.004125 0.45387501
0.044875 -0.0021250001 0.45387501
0.046124998 -0.003125 0.45412499
0.046124998 -0.0023749999 0.45387501
0.046124998 -0.001125 0.45387501
0.046124998 0.001875 0.45287499
0.046875 0.00012500001 0.45387501
0.046124998 0.001125 0.453125
0.046875 0.00087500003 0.45337501
0.046624999 -0.001125 0.45387501
0.046124998 0.00012500001 0.45362499
0.046875 0.001875 0.45287499
0.048124999 0.0021250001 0.453125
0.048625 0.0021250001 0.45362499
0.048875 0.002875 0.45287499
0.048124999 0.00087500003 0.45387501
0.047874998 0.00012500001 0.45387501
0.044875 -0.0048750001 0.45387501
0.044875 -0.004125 0.45387501
0.044624999 -0.003125 0.45387501
0.045875002 -0.004125 0.45387501
0.046875 -0.003125 0.454375
0.048124999 -0.003125 0.45462501
0.046875 -0.0021250001 0.45412499
0.045875002 -0.0048750001 0.45387501
0.046875 -0.004125 0.454375
0.048124999 -0.007125 0.454375
0.046875 -0.0058749998 0.45412499
0.048124999 -0.0058749998 0.454375
0.046875 -0.0051250001 0.454375
0.048124999 -0.0051250001 0.45462501
0.048124999 -0.004125 0.45462501
0.048875 -0.001125 0.455125
0.048124999 -0.001125 0.454375
0.048124999 -0.0021250001 0.45462501
0.048625 -0.0023749999 0.455125
0.050124999 -0.001125 0.455625
0.048875 0.00012500001 0.45487499
0.050124999 0.00012500001 0.45537499
0.048625 -0.003125 0.455125
0.050124999 -0.003125 0.45587501
0.050124999 -0.0023749999 0.45587501
0.050625 -0.001125 0.45612499
0.051125001 -0.0021250001 0.456375
0.040874999 -0.011125 0.45787501
0.041125 -0.014875 0.458125
0.041875001 -0.014875 0.457625
0.041125 -0.013875 0.45787501
0.041875001 -0.013875 0.45737499
0.039625 -0.012875 0.458875
0.043125 -0.011875 0.45612499
0.043125 -0.011375 0.45612499
0.043125 -0.010125 0.45587501
0.042874999 -0.012875 0.45662501
0.042125002 -0.011875 0.45712501
0.041875001 -0.011125 0.45712501
0.041875001 -0.010125 0.45712501
0.041125 -0.012875 0.45787501
0.040874999 -0.011875 0.45787501
0.041875001 -0.012875 0.45737499
0.042874999 -0.013875 0.456875
0.044124998 -0.011125 0.455125
0.051125001 -0.0058749998 0.456375
0.050124999 -0.0048750001 0.45587501
0.048625 -0.004125 0.455125
0.050124999 -0.004125 0.45587501
0.048875 -0.006875 0.45487499
0.048875 -0.0058749998 0.455125
0.048875 -0.0048750001 0.455125
0.050124999 -0.0058749998 0.455625
0.050124999 -0.007125 0.455625
0.050625 -0.007125 0.45612499
0.048875 -0.0081249997 0.45487499
0.051125001 -0.003125 0.45662501
0.051125001 -0.0051250001 0.456375
0.051125001 -0.004125 0.456375
0.051624998 -0.004125 0.45712501
0.051874999 -0.0058749998 0.45712501
0.050875001 -0.0091249999 0.45587501
0.051874999 -0.011125 0.456875
0.050124999 -0.0081249997 0.45537499
0.050875001 -0.0081249997 0.45587501
0.051874999 -0.010125 0.456875
0.051874999 -0.0091249999 0.456875
0.051874999 -0.0081249997 0.45712501
0.053125001 -0.010375 0.45787501
0.053125001 -0.0091249999 0.45787501
0.053125001 -0.011875 0.45787501
0.053125001 -0.011375 0.457625
0.051874999 -0.006875 0.45712501
0.053125001 -0.0081249997 0.45787501
0.054125 -0.010375 0.45862499
0.052875001 -0.006875 0.45787501
0.054125 -0.0091249999 0.45862499
0.053874999 -0.0081249997 0.458875
0.055875 -0.0091249999 0.460125
0.053125001 -0.012875 0.45787501
0.054125 -0.012875 0.45862499
0.054125 -0.011875 0.45862499
0.054125 -0.011375 0.45862499
0.053874999 -0.016124999 0.45912501
0.052875001 -0.014875 0.45787501
0.052875001 -0.013875 0.45787501
0.053874999 -0.014875 0.458875
0.053874999 -0.013875 0.458875
0.055875 -0.011125 0.460125
0.055875 -0.010125 0.45987499
0.055875 -0.011875 0.460125
0.055624999 -0.012875 0.460125
0.055125002 -0.011875 0.45937499
0.055125002 -0.011375 0.45937499
0.055875 -0.013875 0.46037501
0.042874999 -0.018124999 0.456875
0.042874999 -0.017124999 0.456875
0.041625001 -0.017124999 0.457625
0.041625001 -0.018124999 0.45787501
0.041875001 -0.021875 0.456875
0.042125002 -0.020874999 0.45712501
0.041125 -0.021125 0.45787501
0.041625001 -0.019874999 0.457625
0.043125 -0.022125 0.45587501
0.043875001 -0.020874999 0.455625
0.042874999 -0.019874999 0.456875
0.043125 -0.020874999 0.456375
0.043875001 -0.018124999 0.45587501
0.042874999 -0.018874999 0.456875
0.043875001 -0.019874999 0.45587501
0.043875001 -0.018874999 0.45587501
0.044875 -0.0083750002 0.45387501
0.046124998 -0.0081249997 0.45387501
0.046124998 -0.006875 0.45387501
0.046124998 -0.0058749998 0.45387501
0.046875 -0.0081249997 0.45412499
0.046875 -0.006875 0.45412499
0.044124998 -0.011875 0.455125
0.044124998 -0.012875 0.455125
0.043625001 -0.012875 0.45587501
0.044624999 -0.013875 0.45487499
0.043875001 -0.013875 0.455625
0.044875 -0.012875 0.454375
0.044875 -0.010375 0.454375
0.044875 -0.011875 0.454375
0.044875 -0.011375 0.454375
0.044875 -0.0091249999 0.45412499
0.046124998 -0.010125 0.45387501
0.046124998 -0.011875 0.45412499
0.046124998 -0.011125 0.45412499
0.046124998 -0.012875 0.45412499
0.046875 -0.012875 0.454375
0.046875 -0.011875 0.45412499
0.048124999 -0.011375 0.454375
0.048124999 -0.011875 0.454375
0.041625001 -0.016375 0.457625
0.042874999 -0.016124999 0.456875
0.042874999 -0.014875 0.456875
0.044875 -0.016124999 0.45487499
0.043875001 -0.016124999 0.45587501
0.043875001 -0.014875 0.45587501
0.044875 -0.017124999 0.45487499
0.043875001 -0.017124999 0.45587501
0.044875 -0.014875 0.45487499
0.046124998 -0.017124999 0.45462501
0.046875 -0.017124999 0.45487499
0.046124998 -0.016375 0.45462501
0.046875 -0.016375 0.45462501
0.044875 -0.018124999 0.45487499
0.044875 -0.018874999 0.455125
0.044875 -0.019874999 0.455125
0.046124998 -0.018375 0.45487499
0.046624999 -0.018124999 0.455125
0.046875 -0.018874999 0.45537499
0.046124998 -0.014875 0.454375
0.046124998 -0.013875 0.454375
0.046875 -0.014875 0.45462501
0.046875 -0.013875 0.454375
0.048124999 -0.014875 0.45462501
0.039124999 0.0086249998 0.451875
0.039124999 0.0086249998 0.453125
0.039124999 0.0093750004 0.448125
0.039124999 0.0093750004 0.44887501
0.039875001 0.0093750004 0.44887501
0.039875001 0.0096249999 0.448125
0.038874999 0.0091249999 0.45012501
0.039124999 0.0088750003 0.450625
0.039875001 0.0088750003 0.45162499
0.039875001 0.0093750004 0.45012501
0.039875001 0.0091249999 0.45087501
0.041125 0.0091249999 0.45087501
0.041125 0.0093750004 0.44887501
0.041125 0.0093750004 0.45012501
0.041125 0.0096249999 0.448125
0.041625001 0.0088750003 0.44887501
0.041625001 0.0091249999 0.45012501
0.041625001 0.0088750003 0.448125
0.039124999 0.0021250001 0.460125
0.039124999 0.00012500001 0.45962501
0.039124999 0.00087500003 0.460125
0.039875001 0.00012500001 0.458875
0.039875001 0.001125 0.45912501
0.038874999 0.0081249997 0.45587501
0.039124999 0.0078750001 0.45712501
0.038874999 0.0056250002 0.45987499
0.039124999 0.007125 0.45912501
0.039124999 0.0076250001 0.457625
0.039875001 0.0076250001 0.45712501
0.040874999 0.007125 0.45662501
0.039875001 0.006875 0.45787501
0.040624999 0.0048750001 0.457625
0.039875001 0.0056250002 0.458875
0.039875001 0.0048750001 0.458875
0.040624999 0.0038749999 0.457625
0.039875001 0.0038749999 0.458875
0.039124999 0.0036249999 0.460125
0.039124999 0.0048750001 0.460125
0.040375002 0.0058749998 0.457625
0.039875001 0.002875 0.458875
0.039124999 0.003125 0.460125
0.040874999 0.002875 0.457625
0.039875001 0.0021250001 0.45912501
0.039124999 0.0081249997 0.455125
0.039875001 0.0088750003 0.453125
0.039124999 0.0083750002 0.45387501
0.039875001 0.0086249998 0.45387501
0.039875001 0.0083750002 0.455125
0.039875001 0.0081249997 0.45587501
0.041125 0.0081249997 0.455125
0.041125 0.0083750002 0.45387501
0.041125 0.0086249998 0.453125
0.041875001 0.0081249997 0.451875
0.041875001 0.0078750001 0.453125
0.041625001 0.0081249997 0.45387501
0.041625001 0.007125 0.455125
0.041125 0.007125 0.45587501
0.041875001 0.006875 0.45387501
0.041875001 0.0056250002 0.45487499
0.040874999 0.0088750003 0.451875
0.042125002 0.0081249997 0.44887501
0.042374998 0.007125 0.45012501
0.041875001 0.0081249997 0.45012501
0.042374998 0.007125 0.45087501
0.042374998 0.007125 0.451875
0.041875001 0.0081249997 0.45087501
0.043125 0.0048750001 0.45012501
0.042874999 0.0058749998 0.45012501
0.043125 0.0048750001 0.44887501
0.042874999 0.0058749998 0.44887501
0.041375 0.0058749998 0.45587501
0.041125 0.0048750001 0.45712501
0.040874999 0.0056250002 0.456875
0.041875001 0.0038749999 0.455125
0.041875001 0.0048750001 0.455125
0.041625001 0.0038749999 0.45587501
0.041625001 0.0048750001 0.45587501
0.041125 0.0038749999 0.45712501
0.041375 0.0021250001 0.45712501
0.041375 0.002875 0.45712501
0.040874999 0.0021250001 0.45787501
0.041625001 0.00087500003 0.45712501
0.040874999 0.00012500001 0.45787501
0.040874999 0.001125 0.45787501
0.041875001 0.001125 0.45587501
0.041875001 0.003125 0.455125
0.041875001 0.001875 0.45587501
0.041875001 0.003125 0.45587501
0.042374998 0.0021250001 0.455125
0.043125 0.0021250001 0.453125
0.042874999 0.002875 0.45287499
0.043125 0.001125 0.45387501
0.042874999 0.0021250001 0.45387501
0.042624999 0.00087500003 0.455125
0.042624999 0.002875 0.45387501
0.043125 0.003125 0.451875
0.042374998 0.007125 0.453125
0.042374998 0.0038749999 0.45387501
0.042374998 0.0048750001 0.45387501
0.042125002 0.0058749998 0.45387501
0.042874999 0.0036249999 0.451875
0.042874999 0.0048750001 0.451875
0.042624999 0.0038749999 0.453125
0.042624999 0.0048750001 0.453125
0.042374998 0.0058749998 0.453125
0.042624999 0.0058749998 0.45087501
0.042624999 0.0058749998 0.451875
0.043125 0.0038749999 0.45087501
0.042874999 0.0046250001 0.45087501
0.043875001 0.0036249999 0.45012501
0.043875001 0.002875 0.450625
0.043875001 0.001875 0.451875
0.044875 0.0021250001 0.45212501
0.044875 0.003125 0.45087501
0.046124998 0.002625 0.451875
0.046875 0.002875 0.451875
0.046124998 0.003125 0.451125
0.046875 0.0033750001 0.45087501
0.048124999 0.0036249999 0.45087501
0.048124999 0.003125 0.451875
0.042874999 0.0058749998 0.448125
0.042374998 0.007125 0.448125
0.042125002 0.0081249997 0.448125
0.042374998 0.007125 0.44887501
0.043125 0.0048750001 0.448125
0.044124998 0.0038749999 0.44887501
0.044124998 0.004375 0.448125
0.044875 0.004375 0.448125
0.044875 0.0038749999 0.44887501
0.044875 0.0036249999 0.45012501
0.045875002 0.0038749999 0.44887501
0.046124998 0.004375 0.448125
0.046875 0.004125 0.44887501
0.046124998 0.0036249999 0.45012501
0.046875 0.0038749999 0.449875
0.047874998 0.0038749999 0.45012501
