# .PCD v0.7 - Point Cloud Data file format
VERSION 0.7
FIELDS x y z
SIZE 4 4 4
TYPE F F F
COUNT 1 1 1
WIDTH 3528
HEIGHT 1
VIEWPOINT 0 0 0 1 0 0 0
POINTS 3528
DATA ascii
0.166125 0.002625 0.38187501
0.166125 0.002625 0.38312501
0.166125 0.0021250001 0.37612501
0.164875 0.0021250001 0.37287501
0.164625 0.001875 0.372125
0.164875 0.0021250001 0.37387499
0.164125 0.002625 0.37487501
0.164875 0.0023749999 0.37487501
0.166125 0.001625 0.37287501
0.166125 0.001875 0.374125
0.166125 0.001375 0.372125
0.166125 0.001125 0.36987501
0.164875 0.001125 0.36912501
0.165875 0.00087500003 0.36912501
0.164875 0.001375 0.36987501
0.164875 0.001625 0.370875
0.166125 0.001125 0.370875
0.164125 0.001375 0.36787501
0.164875 0.001125 0.36787501
0.166125 0.00062499999 0.36787501
0.164875 0.002625 0.37687501
0.166125 0.0021250001 0.37687501
0.164875 0.002625 0.37812501
0.166125 0.0023749999 0.37812501
0.166125 0.0023749999 0.379125
0.163875 0.002875 0.381125
0.163875 0.002875 0.38187501
0.163875 0.002875 0.379875
0.162875 0.0033750001 0.381125
0.162875 0.002875 0.37287501
0.162875 0.0023749999 0.36987501
0.162875 0.002625 0.370875
0.162875 0.003125 0.374125
0.162875 0.003125 0.37487501
0.162875 0.001875 0.36787501
0.19337501 -0.036874998 0.381125
0.192625 -0.040125001 0.379875
0.19312499 -0.039124999 0.379875
0.192875 -0.039124999 0.381125
0.19337501 -0.041125 0.37812501
0.193625 -0.041875001 0.37687501
0.19337501 -0.041875001 0.37812501
0.19462501 -0.041125 0.374125
0.194875 -0.041375 0.37187499
0.195375 -0.041125 0.36987501
0.19462501 -0.041875001 0.37287501
0.19437499 -0.041875001 0.374125
0.192875 -0.041875001 0.37887499
0.194875 -0.027875001 0.38187501
0.194875 -0.028875001 0.38312501
0.194875 -0.028124999 0.38312501
0.195125 -0.026875 0.38312501
0.195375 -0.026875 0.379125
0.195375 -0.026125001 0.379875
0.194875 -0.028875001 0.381125
0.194875 -0.027875001 0.38087499
0.194875 -0.028875001 0.38187501
0.195375 -0.027875001 0.379125
0.194875 -0.028875001 0.37962499
0.195125 -0.027875001 0.379875
0.194875 -0.027124999 0.38087499
0.195125 -0.026125001 0.381125
0.195125 -0.026875 0.38187501
0.195125 -0.026875 0.379875
0.195125 -0.026125001 0.38187501
0.195375 -0.026125001 0.38312501
0.196375 -0.026125001 0.37687501
0.195875 -0.026875 0.37812501
0.195875 -0.026125001 0.377875
0.19562501 -0.026125001 0.379125
0.19462501 -0.029874999 0.381125
0.19437499 -0.031125 0.38187501
0.19462501 -0.029874999 0.38187501
0.194125 -0.033374999 0.38312501
0.194125 -0.032125 0.38312501
0.19437499 -0.031125 0.38312501
0.194125 -0.033124998 0.381125
0.19437499 -0.032125 0.381125
0.19437499 -0.031125 0.381125
0.194125 -0.033124998 0.38187501
0.194125 -0.032125 0.38187501
0.193875 -0.033875 0.38312501
0.193875 -0.034875002 0.381125
0.193625 -0.034875002 0.38187501
0.194125 -0.034125 0.381125
0.193875 -0.033875 0.38187501
0.194125 -0.034125 0.379875
0.19462501 -0.029874999 0.38312501
0.19462501 -0.033124998 0.379125
0.19437499 -0.033124998 0.379875
0.19462501 -0.032125 0.379875
0.19462501 -0.031125 0.379875
0.194875 -0.032125 0.379125
0.194875 -0.031125 0.37887499
0.194875 -0.030125 0.379125
0.195125 -0.028875001 0.379125
0.194875 -0.029874999 0.379875
0.192875 -0.038125001 0.38187501
0.19337501 -0.036874998 0.38187501
0.193625 -0.035875 0.38187501
0.193625 -0.034875002 0.38312501
0.195875 -0.029874999 0.375875
0.195375 -0.031125 0.37687501
0.19562501 -0.029874999 0.37687501
0.19562501 -0.028875001 0.37687501
0.194875 -0.032375 0.37812501
0.195125 -0.031125 0.37812501
0.195375 -0.029874999 0.37812501
0.195375 -0.028875001 0.37812501
0.19662499 -0.028875001 0.370875
0.196375 -0.029874999 0.372125
0.19662499 -0.028875001 0.372125
0.196125 -0.032125 0.37287501
0.196125 -0.031125 0.37287501
0.196375 -0.029874999 0.37287501
0.195875 -0.032125 0.374125
0.196125 -0.031125 0.374125
0.196125 -0.029874999 0.374125
0.195875 -0.033124998 0.370875
0.196125 -0.032125 0.370875
0.196375 -0.031125 0.370875
0.196375 -0.029874999 0.370875
0.196125 -0.033124998 0.372125
0.196125 -0.032125 0.372125
0.196375 -0.031125 0.372125
0.196125 -0.033124998 0.37287501
0.196125 -0.032125 0.36912501
0.196375 -0.031125 0.36912501
0.195875 -0.033124998 0.36987501
0.196125 -0.032125 0.36987501
0.196375 -0.031125 0.36987501
0.196375 -0.029874999 0.36987501
0.196375 -0.031125 0.36787501
0.196375 -0.029874999 0.36787501
0.19662499 -0.028875001 0.36787501
0.196375 -0.029874999 0.36912501
0.19662499 -0.028875001 0.36912501
0.19662499 -0.028875001 0.36987501
0.196125 -0.033124998 0.36787501
0.196125 -0.032125 0.36787501
0.196125 -0.033124998 0.36912501
0.195875 -0.033875 0.36787501
0.195875 -0.033875 0.36912501
0.195875 -0.033875 0.36987501
0.19687501 -0.026125001 0.36912501
0.19687501 -0.026875 0.36987501
0.19662499 -0.027875001 0.370875
0.19687501 -0.026875 0.370875
0.19687501 -0.026125001 0.370875
0.19687501 -0.026125001 0.372125
0.19687501 -0.026125001 0.36987501
0.196125 -0.029124999 0.375875
0.196125 -0.027875001 0.37612501
0.195875 -0.027875001 0.376625
0.195875 -0.027124999 0.37687501
0.19562501 -0.027875001 0.37812501
0.19662499 -0.026125001 0.374125
0.196375 -0.028875001 0.37487501
0.196375 -0.027875001 0.37487501
0.196375 -0.026875 0.37487501
0.19662499 -0.026125001 0.37487501
0.196375 -0.026875 0.37612501
0.19662499 -0.026125001 0.37612501
0.19662499 -0.027875001 0.372125
0.19662499 -0.026875 0.372125
0.196375 -0.028875001 0.37287501
0.19662499 -0.027875001 0.37287501
0.19662499 -0.026875 0.37287501
0.19687501 -0.026125001 0.37287501
0.196375 -0.028875001 0.374125
0.196375 -0.027875001 0.374125
0.19662499 -0.026875 0.374125
0.19662499 -0.027875001 0.36787501
0.19687501 -0.026875 0.36787501
0.19687501 -0.026125001 0.36787501
0.19662499 -0.027875001 0.36912501
0.19687501 -0.026875 0.36912501
0.19662499 -0.027875001 0.36987501
0.193625 -0.035875 0.381125
0.19462501 -0.035875 0.37687501
0.19462501 -0.034875002 0.37812501
0.194125 -0.034875002 0.379125
0.19437499 -0.033875 0.379125
0.19437499 -0.036874998 0.37812501
0.19437499 -0.035875 0.37812501
0.193875 -0.036874998 0.37887499
0.194125 -0.036125001 0.379125
0.19337501 -0.038125001 0.379875
0.193625 -0.036874998 0.379875
0.193625 -0.035875 0.379875
0.193875 -0.035124999 0.37962499
0.19462501 -0.036874998 0.37687501
0.193875 -0.039124999 0.377875
0.194125 -0.038375001 0.37812501
0.19337501 -0.040125001 0.379125
0.193625 -0.039124999 0.379125
0.193875 -0.038125001 0.379125
0.19562501 -0.034875002 0.372125
0.195875 -0.033875 0.372125
0.195375 -0.035875 0.37287501
0.19562501 -0.034875002 0.37287501
0.195875 -0.033875 0.37287501
0.194875 -0.040125001 0.374125
0.194875 -0.039124999 0.374125
0.194875 -0.038125001 0.374125
0.194875 -0.038125001 0.37487501
0.194875 -0.036874998 0.37612501
0.195125 -0.036874998 0.374125
0.195375 -0.035875 0.374125
0.19562501 -0.034875002 0.374125
0.194875 -0.037124999 0.37487501
0.195125 -0.035875 0.37487501
0.195375 -0.033875 0.37612501
0.195375 -0.033124998 0.37612501
0.19562501 -0.032125 0.37612501
0.19562501 -0.031125 0.37612501
0.194875 -0.035124999 0.376625
0.194875 -0.034125 0.37687501
0.195125 -0.033124998 0.37687501
0.195375 -0.032125 0.37687501
0.194875 -0.033875 0.37812501
0.194875 -0.033124998 0.377875
0.195875 -0.033875 0.374125
0.195875 -0.033124998 0.374125
0.195375 -0.034875002 0.37487501
0.19562501 -0.033875 0.37487501
0.19562501 -0.033124998 0.37487501
0.195875 -0.032125 0.37487501
0.195875 -0.031125 0.37487501
0.196125 -0.029874999 0.37487501
0.194875 -0.036125001 0.375875
0.195125 -0.034875002 0.37612501
0.194125 -0.039124999 0.37687501
0.19437499 -0.038125001 0.37687501
0.193625 -0.040125001 0.37812501
0.19462501 -0.040125001 0.37487501
0.194875 -0.039124999 0.37487501
0.19462501 -0.039124999 0.37612501
0.19462501 -0.038125001 0.37612501
0.195375 -0.038125001 0.36987501
0.195375 -0.038125001 0.370875
0.19562501 -0.038125001 0.36912501
0.19562501 -0.036874998 0.36987501
0.19562501 -0.035875 0.36987501
0.195375 -0.036874998 0.370875
0.19562501 -0.035875 0.370875
0.19562501 -0.034875002 0.370875
0.195875 -0.033875 0.370875
0.195375 -0.036874998 0.372125
0.19562501 -0.035875 0.372125
0.195375 -0.036874998 0.37287501
0.194875 -0.040125001 0.37287501
0.194875 -0.039375 0.37287501
0.194875 -0.040125001 0.372125
0.195125 -0.039124999 0.372125
0.195125 -0.038125001 0.372125
0.195125 -0.038125001 0.37287501
0.195375 -0.040125001 0.36987501
0.195375 -0.039124999 0.36987501
0.195375 -0.040125001 0.36912501
0.19562501 -0.039124999 0.36912501
0.19562501 -0.038125001 0.36787501
0.19562501 -0.036874998 0.36787501
0.195875 -0.035875 0.36787501
0.195875 -0.034875002 0.36787501
0.19562501 -0.036874998 0.36912501
0.19562501 -0.035875 0.36912501
0.195875 -0.034875002 0.36912501
0.195875 -0.034875002 0.36987501
0.195375 -0.041125 0.36787501
0.195375 -0.040125001 0.36787501
0.195375 -0.039124999 0.36787501
0.195375 -0.040125001 0.370875
0.195375 -0.039124999 0.370875
0.195125 -0.041125 0.370875
0.173125 0.00087500003 0.37612501
0.173125 0.001375 0.37687501
0.173875 0.00012500001 0.374625
0.173875 -0.000375 0.374125
0.168125 0.00012500001 0.368875
0.16887499 -0.00012500001 0.36987501
0.169875 -0.00062499999 0.36987501
0.169875 -0.001375 0.36787501
0.16912501 -0.00062499999 0.36787501
0.16912501 -0.000375 0.36912501
0.169875 -0.001125 0.36912501
0.17112499 -0.001125 0.36987501
0.172875 -0.0021250001 0.36787501
0.17112499 -0.001375 0.36787501
0.171875 -0.001875 0.36787501
0.173875 -0.0023749999 0.36787501
0.17112499 -0.001125 0.36912501
0.171875 -0.001625 0.36912501
0.171875 -0.00012500001 0.37287501
0.171875 0.00012500001 0.37387499
0.171875 -0.001125 0.37062499
0.173125 -0.001125 0.370875
0.171875 -0.00062499999 0.372125
0.173125 -0.001125 0.37187499
0.17362501 -0.001125 0.372125
0.173125 -0.000375 0.37287501
0.173875 -0.00087500003 0.37287501
0.173125 -0.00012500001 0.374125
0.17487501 -0.0023749999 0.36987501
0.175125 -0.002625 0.36787501
0.173125 -0.001875 0.36912501
0.17362501 -0.0021250001 0.36912501
0.175125 -0.0023749999 0.36912501
0.171875 -0.001125 0.36987501
0.173125 -0.001625 0.36987501
0.173875 -0.001875 0.36987501
0.173875 -0.001375 0.370875
0.17587499 -0.001375 0.37287501
0.175125 -0.001375 0.372125
0.175125 -0.001125 0.37262499
0.175125 -0.00012500001 0.374125
0.176125 -0.002625 0.36912501
0.176125 -0.0023749999 0.36987501
0.175125 -0.001625 0.370875
0.176125 -0.001875 0.370875
0.176125 -0.001375 0.372125
0.176625 -0.001625 0.372125
0.173875 0.0038749999 0.379875
0.173875 0.0036249999 0.379125
0.175125 0.0036249999 0.379125
0.176125 0.0036249999 0.379125
0.173875 0.001875 0.37687501
0.17487501 0.003125 0.377875
0.175125 0.0021250001 0.376625
0.176125 0.002875 0.37687501
0.176125 0.0033750001 0.37812501
0.176625 0.0033750001 0.37812501
0.17812499 0.002875 0.37687501
0.17587499 0.0038749999 0.379875
0.176625 0.0033750001 0.379875
0.176625 0.0033750001 0.381125
0.17812499 0.003125 0.379125
0.17812499 0.003125 0.379875
0.17812499 0.003125 0.381125
0.176625 0.0033750001 0.379125
0.178625 0.002625 0.379125
0.17812499 0.003125 0.37812501
0.178625 0.002625 0.37687501
0.178625 0.002625 0.37812501
0.175125 0.00062499999 0.37487501
0.176125 0.00087500003 0.37487501
0.17362501 0.00087500003 0.375875
0.175125 0.001125 0.375875
0.176125 0.001875 0.37612501
0.176875 0.0021250001 0.375875
0.176875 0.002875 0.37687501
0.176875 -0.001375 0.37287501
0.176875 0.00012500001 0.37387499
0.176125 -0.00012500001 0.374125
0.176875 0.001125 0.37487501
0.178625 0.001375 0.37487501
0.17812499 0.0021250001 0.375875
0.178875 0.0021250001 0.375875
0.17812499 0.00012500001 0.37387499
0.17812499 0.001125 0.374625
0.178625 0.00087500003 0.37437499
0.180125 0.0021250001 0.37687501
0.180125 0.0023749999 0.37812501
0.179875 0.001875 0.37612501
0.178875 -0.004125 0.36787501
0.176875 -0.0021250001 0.370875
0.176875 -0.003125 0.36787501
0.17812499 -0.0036249999 0.36787501
0.180125 -0.004375 0.36787501
0.176875 -0.002875 0.36912501
0.177875 -0.0033750001 0.36912501
0.178625 -0.0036249999 0.36912501
0.180125 -0.004125 0.368875
0.176625 -0.0023749999 0.36987501
0.17812499 -0.002625 0.36987501
0.178625 -0.0033750001 0.36987501
0.17812499 -0.0023749999 0.370875
0.183625 -0.0061249998 0.36787501
0.184875 -0.0061249998 0.36912501
0.18187501 -0.0051250001 0.36787501
0.18287501 -0.0056250002 0.36787501
0.18387499 -0.0056250002 0.36912501
0.184875 -0.0063749999 0.36787501
0.186875 -0.007375 0.36787501
0.185875 -0.0063749999 0.36912501
0.188875 -0.0083750002 0.36912501
0.187125 -0.006875 0.368875
0.187875 -0.007125 0.37062499
0.188875 -0.0083750002 0.36787501
0.187875 -0.0076250001 0.36912501
0.185625 -0.0061249998 0.36987501
0.186875 -0.0066249999 0.36987501
0.18762501 -0.007125 0.36987501
0.189125 -0.0078750001 0.36987501
0.188875 -0.007375 0.370875
0.190125 -0.0088750003 0.36912501
0.18987501 -0.0083750002 0.36987501
0.18987501 -0.0091249999 0.36787501
0.192875 -0.011125 0.368875
0.191875 -0.010125 0.36912501
0.19212499 -0.010125 0.36987501
0.192875 -0.010625 0.36987501
0.192625 -0.010375 0.370875
0.192875 -0.011125 0.36787501
0.19087499 -0.0098750005 0.36787501
0.19212499 -0.010375 0.36787501
0.19087499 -0.0093750004 0.36912501
0.194875 -0.0036249999 0.38187501
0.196125 -0.004125 0.38187501
0.194125 -0.0033750001 0.38312501
0.194875 -0.0036249999 0.38312501
0.196125 -0.004125 0.38312501
0.194125 -0.0033750001 0.379125
0.194875 -0.004125 0.379125
0.187125 -0.001125 0.37612501
0.187875 -0.0021250001 0.379125
0.187875 -0.001625 0.37687501
0.187875 -0.0021250001 0.37812501
0.188875 -0.0021250001 0.37612501
0.187875 -0.001375 0.37612501
0.187875 -0.001375 0.37487501
0.186875 -0.001125 0.37487501
0.188875 -0.003125 0.374625
0.188875 -0.0023749999 0.37487501
0.18987501 -0.0021250001 0.38187501
0.19087499 -0.0023749999 0.38187501
0.18987501 -0.001875 0.38312501
0.190625 -0.0023749999 0.38312501
0.18987501 -0.0021250001 0.381125
0.19087499 -0.002625 0.381125
0.19212499 -0.002625 0.38187501
0.16912501 0.001625 0.37812501
0.166875 0.0021250001 0.379125
0.16787501 0.001875 0.379125
0.189125 -0.0021250001 0.379875
0.18987501 -0.002625 0.379875
0.189125 -0.0021250001 0.38087499
0.187875 -0.0021250001 0.379875
0.187875 -0.001625 0.381125
0.187125 -0.001125 0.38187501
0.188875 -0.0023749999 0.37687501
0.188875 -0.0023749999 0.37812501
0.188875 -0.0023749999 0.379125
0.18987501 -0.002625 0.379125
0.18987501 -0.002625 0.37812501
0.19087499 -0.002625 0.37612501
0.18987501 -0.0023749999 0.37687501
0.19087499 -0.002625 0.37687501
0.19087499 -0.002875 0.379875
0.19212499 -0.002875 0.381125
0.192625 -0.0033750001 0.381125
0.191875 -0.0033750001 0.379875
0.192875 -0.003125 0.379875
0.194125 -0.0033750001 0.381125
0.19087499 -0.002875 0.37812501
0.19087499 -0.003125 0.379125
0.19212499 -0.003125 0.379125
0.192875 -0.003125 0.379125
0.19212499 -0.002875 0.37687501
0.166875 0.001875 0.37812501
0.16662499 0.001875 0.37687501
0.168125 0.001875 0.37812501
0.16912501 0.001875 0.379875
0.16912501 0.001875 0.379125
0.16912501 0.00087500003 0.374625
0.169625 0.00087500003 0.37612501
0.168125 0.001125 0.374125
0.16887499 0.00087500003 0.37387499
0.169875 0.00087500003 0.37487501
0.188875 -0.001375 0.38312501
0.17112499 0.000375 0.37487501
0.16912501 0.001125 0.37612501
0.187875 -0.0051250001 0.373375
0.188875 -0.004125 0.37437499
0.188875 -0.0061249998 0.37287501
0.189125 -0.0048750001 0.37387499
0.19087499 -0.006875 0.37387499
0.18987501 -0.0058749998 0.37387499
0.18987501 -0.0051250001 0.37437499
0.186875 -0.0061249998 0.370875
0.189125 -0.006875 0.37187499
0.18762501 -0.0061249998 0.372125
0.185875 -0.0056250002 0.370875
0.186875 -0.0056250002 0.372125
0.187875 -0.0056250002 0.37287501
0.190625 -0.0083750002 0.37287501
0.18962499 -0.007125 0.37287501
0.18987501 -0.0081249997 0.372125
0.18987501 -0.0081249997 0.370875
0.191875 -0.0091249999 0.37287501
0.19087499 -0.0086249998 0.372125
0.19212499 -0.0081249997 0.37387499
0.192875 -0.010125 0.37187499
0.191875 -0.0093750004 0.372125
0.19087499 -0.0091249999 0.36987501
0.19087499 -0.0091249999 0.370875
0.19212499 -0.0096249999 0.370875
0.19212499 -0.003125 0.37812501
0.19212499 -0.0023749999 0.38312501
0.192875 -0.003125 0.37812501
0.192625 -0.003125 0.37687501
0.194125 -0.0033750001 0.37687501
0.194125 -0.0033750001 0.37812501
0.194125 -0.0033750001 0.379875
0.194875 -0.0038749999 0.379875
0.194875 -0.004125 0.37812501
0.19687501 -0.004125 0.38187501
0.19687501 -0.004375 0.379875
0.19787499 -0.0046250001 0.381125
0.196125 -0.004125 0.38087499
0.195875 -0.004125 0.379875
0.194875 -0.0036249999 0.381125
0.19687501 -0.004375 0.381125
0.196125 -0.004125 0.379125
0.196125 -0.004375 0.37812501
0.19687501 -0.0051250001 0.37862501
0.19687501 -0.0058749998 0.37887499
0.197625 -0.0051250001 0.379125
0.19687501 -0.004375 0.379125
0.19787499 -0.0048750001 0.37962499
0.18987501 -0.0023749999 0.37612501
0.18987501 -0.0023749999 0.37487501
0.18987501 -0.004125 0.374625
0.18987501 -0.003125 0.37487501
0.19087499 -0.003125 0.37487501
0.178625 0.002625 0.38187501
0.178625 0.0023749999 0.38312501
0.17812499 0.003125 0.38187501
0.180875 0.0021250001 0.38312501
0.180125 0.0023749999 0.38187501
0.180125 0.0021250001 0.38312501
0.183625 0.00087500003 0.38187501
0.19087499 -0.004125 0.37487501
0.191875 -0.004125 0.37487501
0.19212499 -0.003125 0.375875
0.19212499 -0.0048750001 0.37487501
0.19212499 -0.007125 0.374625
0.19087499 -0.0058749998 0.37437499
0.19212499 -0.0058749998 0.37487501
0.19087499 -0.0051250001 0.374625
0.192875 -0.0051250001 0.375375
0.192625 -0.0058749998 0.37512499
0.192875 -0.004125 0.37562501
0.192875 -0.0033750001 0.37612501
0.193875 -0.004125 0.37612501
0.193875 -0.0091249999 0.37487501
0.192875 -0.0081249997 0.37487501
0.18287501 0.001375 0.38187501
0.182125 0.001625 0.38312501
0.18287501 0.001125 0.38312501
0.18387499 0.00062499999 0.38312501
0.19662499 -0.014875 0.38187501
0.19687501 -0.015125 0.382875
0.195125 -0.011875 0.37612501
0.19562501 -0.012875 0.37687501
0.195875 -0.012875 0.37962499
0.196375 -0.013875 0.381125
0.19687501 -0.013875 0.38187501
0.195875 -0.014875 0.37962499
0.195875 -0.013875 0.37962499
0.196375 -0.014875 0.381125
0.195875 -0.013875 0.379125
0.195875 -0.012875 0.379125
0.195875 -0.014125 0.37687501
0.195875 -0.013875 0.37812501
0.195875 -0.014875 0.379125
0.19662499 -0.016375 0.37612501
0.196125 -0.014875 0.37687501
0.196125 -0.014875 0.377875
0.196125 -0.018124999 0.379125
0.196125 -0.017124999 0.379875
0.19662499 -0.017124999 0.37687501
0.19662499 -0.016375 0.37687501
0.196375 -0.018124999 0.37812501
0.196375 -0.017124999 0.37812501
0.196375 -0.016375 0.37812501
0.196125 -0.017124999 0.379125
0.196125 -0.016124999 0.379125
0.196125 -0.016124999 0.379875
0.196375 -0.016375 0.381125
0.19687501 -0.017124999 0.37612501
0.19662499 -0.018874999 0.37687501
0.19662499 -0.018124999 0.37687501
0.19687501 -0.017124999 0.37487501
0.19687501 -0.018124999 0.37612501
0.196125 -0.019874999 0.38312501
0.19687501 -0.016124999 0.38312501
0.19562501 -0.023125 0.381125
0.19562501 -0.023125 0.38187501
0.195875 -0.021875 0.38187501
0.195875 -0.020874999 0.38187501
0.195875 -0.023125 0.38312501
0.195875 -0.019874999 0.381125
0.196125 -0.018874999 0.38087499
0.195875 -0.021875 0.38312501
0.196125 -0.020874999 0.38312501
0.19562501 -0.021875 0.381125
0.195875 -0.020874999 0.381125
0.196125 -0.019874999 0.38187501
0.196125 -0.018874999 0.379125
0.19562501 -0.021875 0.379875
0.195875 -0.020874999 0.379875
0.195875 -0.019874999 0.379875
0.19662499 -0.021875 0.37687501
0.19662499 -0.020874999 0.37687501
0.19662499 -0.019874999 0.37687501
0.196375 -0.019874999 0.37812501
0.196375 -0.018874999 0.37812501
0.19562501 -0.024125 0.379875
0.19562501 -0.023125 0.379875
0.19662499 -0.023125 0.37687501
0.195875 -0.024125 0.37812501
0.196125 -0.023125 0.37812501
0.196375 -0.021875 0.37812501
0.196375 -0.020874999 0.37812501
0.195875 -0.024125 0.379125
0.195875 -0.023125 0.37887499
0.195875 -0.021875 0.37887499
0.195875 -0.020874999 0.37887499
0.195875 -0.019874999 0.379125
0.196125 -0.017124999 0.381125
0.196375 -0.017124999 0.38187501
0.19662499 -0.016375 0.38187501
0.19662499 -0.017124999 0.38312501
0.196125 -0.018124999 0.381125
0.196125 -0.018874999 0.38187501
0.196375 -0.018124999 0.38187501
0.196375 -0.018874999 0.38312501
0.196375 -0.018124999 0.38312501
0.196125 -0.018874999 0.379875
0.196125 -0.018124999 0.379875
0.19687501 -0.019874999 0.37487501
0.19687501 -0.018874999 0.37487501
0.19687501 -0.018124999 0.37487501
0.19687501 -0.019874999 0.37612501
0.19687501 -0.018874999 0.37612501
0.19687501 -0.020874999 0.37487501
0.19687501 -0.021875 0.37612501
0.19687501 -0.020874999 0.37612501
0.195125 -0.025125001 0.381125
0.195375 -0.024125 0.381125
0.19562501 -0.024125 0.38187501
0.195375 -0.025125001 0.38187501
0.19562501 -0.025125001 0.38312501
0.195875 -0.024125 0.38312501
0.195375 -0.025125001 0.379875
0.196375 -0.025125001 0.37687501
0.19662499 -0.024125 0.37687501
0.196125 -0.025374999 0.37812501
0.19562501 -0.025125001 0.379125
0.197625 -0.010375 0.381125
0.19787499 -0.0091249999 0.38087499
0.198625 -0.0081249997 0.381125
0.198875 -0.006875 0.381125
0.19912501 -0.0081249997 0.381625
0.19687501 -0.004125 0.38312501
0.19787499 -0.0046250001 0.38187501
0.19787499 -0.0046250001 0.38312501
0.197625 -0.0081249997 0.38012499
0.19787499 -0.007125 0.379875
0.19687501 -0.0081249997 0.37962499
0.19687501 -0.006875 0.379125
0.198125 -0.0058749998 0.37962499
0.198875 -0.0051250001 0.38187501
0.19912501 -0.0048750001 0.38312501
0.198625 -0.0051250001 0.381125
0.19912501 -0.0058749998 0.38087499
0.20037501 -0.0058749998 0.38312501
0.199875 -0.0053750002 0.38312501
0.199875 -0.0058749998 0.38187501
0.197625 -0.011875 0.38187501
0.197625 -0.011125 0.38187501
0.198625 -0.011375 0.38312501
0.19687501 -0.011875 0.381125
0.19687501 -0.011375 0.38062501
0.19687501 -0.012875 0.381625
0.198375 -0.010375 0.38187501
0.198875 -0.0091249999 0.38187501
0.199875 -0.006875 0.38187501
0.19912501 -0.010125 0.382875
0.199625 -0.0091249999 0.38312501
0.197625 -0.012875 0.38312501
0.19787499 -0.012125 0.382875
0.197375 -0.013875 0.38312501
0.199875 -0.0081249997 0.38312501
0.20037501 -0.007125 0.38312501
0.195375 -0.010375 0.37812501
0.195875 -0.011125 0.379125
0.194875 -0.011375 0.37612501
0.19462501 -0.010375 0.37612501
0.194875 -0.010375 0.37687501
0.194875 -0.0091249999 0.37687501
0.196125 -0.0081249997 0.37887499
0.196125 -0.0091249999 0.37887499
0.19662499 -0.011375 0.379875
0.19662499 -0.010375 0.38012499
0.195875 -0.010125 0.379125
0.195375 -0.0091249999 0.37812501
0.195375 -0.0081249997 0.37812501
0.195875 -0.007125 0.37812501
0.19662499 -0.0091249999 0.379875
0.195875 -0.011875 0.379125
0.19562501 -0.012875 0.37812501
0.195375 -0.011875 0.37812501
0.195375 -0.011375 0.37812501
0.195375 -0.011875 0.37687501
0.195125 -0.011125 0.37687501
0.19462501 -0.011375 0.37487501
0.19437499 -0.011375 0.374125
0.194875 -0.011875 0.374125
0.194875 -0.011875 0.37287501
0.194875 -0.011875 0.372125
0.194875 -0.011875 0.37487501
0.19562501 -0.012875 0.37612501
0.195875 -0.013125 0.37387499
0.19562501 -0.012875 0.37487501
0.196125 -0.012875 0.372125
0.196125 -0.012875 0.37287501
0.19662499 -0.013875 0.37287501
0.19687501 -0.014875 0.374125
0.196375 -0.013875 0.374125
0.19687501 -0.016124999 0.37487501
0.19662499 -0.014875 0.37487501
0.195875 -0.013875 0.37487501
0.196375 -0.014875 0.37612501
0.196125 -0.013875 0.375875
0.196375 -0.011875 0.379875
0.19662499 -0.012875 0.381125
0.197125 -0.016124999 0.36787501
0.197125 -0.016124999 0.36912501
0.19687501 -0.016124999 0.36987501
0.19687501 -0.014875 0.36987501
0.19687501 -0.016124999 0.370875
0.19687501 -0.016124999 0.372125
0.19687501 -0.016124999 0.37287501
0.19687501 -0.014875 0.37287501
0.19687501 -0.016124999 0.374125
0.19687501 -0.014875 0.370875
0.19687501 -0.014875 0.372125
0.197375 -0.017124999 0.372125
0.197125 -0.017124999 0.37287501
0.197125 -0.017124999 0.374125
0.197125 -0.019874999 0.372125
0.197125 -0.018874999 0.372125
0.197375 -0.018124999 0.372125
0.197125 -0.019874999 0.37287501
0.197125 -0.018874999 0.37287501
0.197125 -0.020874999 0.374125
0.197125 -0.018124999 0.37287501
0.197125 -0.019874999 0.374125
0.197125 -0.018874999 0.374125
0.197125 -0.018124999 0.374125
0.197125 -0.018874999 0.36912501
0.197375 -0.018874999 0.36987501
0.197375 -0.019874999 0.370875
0.197375 -0.018874999 0.370875
0.197375 -0.018124999 0.370875
0.197125 -0.017124999 0.36787501
0.197125 -0.018124999 0.36912501
0.197125 -0.017124999 0.36912501
0.197375 -0.018124999 0.36987501
0.197375 -0.017124999 0.36987501
0.197375 -0.017124999 0.370875
0.197125 -0.018124999 0.36787501
0.197125 -0.020874999 0.36912501
0.197125 -0.019874999 0.36912501
0.197375 -0.020874999 0.36987501
0.197375 -0.019874999 0.36987501
0.197125 -0.021875 0.36787501
0.197125 -0.020874999 0.36787501
0.197125 -0.019874999 0.36787501
0.197375 -0.018874999 0.36787501
0.192625 -0.007125 0.37512499
0.197125 -0.023125 0.370875
0.197125 -0.021875 0.370875
0.197375 -0.020874999 0.370875
0.197125 -0.023125 0.372125
0.19687501 -0.024125 0.37287501
0.19687501 -0.024125 0.374125
0.19687501 -0.023125 0.374125
0.19687501 -0.023125 0.37487501
0.19687501 -0.021875 0.37487501
0.19687501 -0.023125 0.37612501
0.19687501 -0.024125 0.37487501
0.19662499 -0.025125001 0.37612501
0.19662499 -0.024125 0.37612501
0.19687501 -0.025125001 0.36787501
0.197125 -0.024125 0.36787501
0.197125 -0.023125 0.36787501
0.19687501 -0.025125001 0.36912501
0.197125 -0.024125 0.36912501
0.19687501 -0.025125001 0.370875
0.197125 -0.024125 0.370875
0.19687501 -0.025125001 0.372125
0.197125 -0.024125 0.372125
0.197125 -0.023125 0.36912501
0.19687501 -0.025125001 0.36987501
0.197125 -0.024125 0.36987501
0.197125 -0.021875 0.372125
0.197125 -0.020874999 0.372125
0.197125 -0.023125 0.37287501
0.197125 -0.021875 0.37287501
0.197125 -0.020874999 0.37287501
0.197125 -0.021875 0.374125
0.197125 -0.021875 0.36912501
0.197125 -0.023125 0.36987501
0.197125 -0.021875 0.36987501
0.19687501 -0.025125001 0.374125
0.19662499 -0.025125001 0.37487501
0.19687501 -0.025125001 0.37287501
0.193875 -0.011375 0.36987501
0.193875 -0.011125 0.370875
0.194125 -0.011875 0.36912501
0.19462501 -0.012375 0.36987501
0.194875 -0.012875 0.36912501
0.19462501 -0.012125 0.370875
0.195875 -0.013375 0.36987501
0.195875 -0.013125 0.370875
0.196125 -0.013375 0.36912501
0.196375 -0.013875 0.36987501
0.19662499 -0.013875 0.370875
0.19662499 -0.013875 0.372125
0.196375 -0.013875 0.36912501
0.196125 -0.013875 0.36787501
0.19687501 -0.015125 0.36912501
0.193875 -0.0048750001 0.37612501
0.194875 -0.0051250001 0.37687501
0.19437499 -0.0091249999 0.37612501
0.193875 -0.0083750002 0.375875
0.193875 -0.006875 0.37612501
0.19462501 -0.007125 0.37712499
0.16912501 0.001375 0.37687501
0.166875 0.001375 0.374125
0.166875 0.001625 0.37487501
0.168125 0.001375 0.37487501
0.166875 0.001875 0.37612501
0.168125 0.001375 0.37612501
0.168125 0.001625 0.37687501
0.16912501 0.000375 0.372125
0.16787501 0.00087500003 0.37287501
0.16912501 0.00062499999 0.37287501
0.169875 0.000375 0.37287501
0.169875 0.00062499999 0.374125
0.169875 0.00012500001 0.37187499
0.170875 -0.00012500001 0.37287501
0.16912501 0.00012500001 0.37062499
0.169875 -0.000375 0.370875
0.17112499 -0.00062499999 0.370875
0.17112499 -0.000375 0.372125
0.17112499 0.000375 0.374125
0.169875 0.001875 0.379875
0.17112499 0.001625 0.379125
0.169875 0.001625 0.379125
0.17112499 0.00087500003 0.37612501
0.169875 0.001125 0.37687501
0.17112499 0.001125 0.376625
0.169875 0.001375 0.37812501
0.17112499 0.001375 0.37812501
0.17112499 0.0021250001 0.37962499
0.171875 0.001625 0.37812501
0.171875 0.0021250001 0.37887499
0.171875 0.002875 0.379875
0.193875 -0.0058749998 0.37612501
0.194875 -0.0058749998 0.37687501
0.194875 -0.0081249997 0.37687501
0.192625 -0.0091249999 0.37387499
0.166875 0.0023749999 0.381125
0.166875 0.0023749999 0.38187501
0.168125 0.0021250001 0.38187501
0.166875 0.0023749999 0.38312501
0.166875 0.0021250001 0.379875
0.168125 0.0021250001 0.379875
0.173125 0.0036249999 0.379875
0.173125 0.002875 0.379125
0.172875 0.0021250001 0.377875
0.173875 0.002875 0.37812501
0.171875 0.000375 0.37487501
0.173125 0.00012500001 0.37487501
0.171875 0.00087500003 0.37612501
0.171875 0.001125 0.37687501
0.168125 0.0021250001 0.381125
0.168125 0.0021250001 0.38312501
0.16912501 0.001875 0.382875
0.16912501 0.0021250001 0.38187501
0.16912501 0.0021250001 0.381125
0.171875 0.0038749999 0.381625
0.17112499 0.0036249999 0.38312501
0.169875 0.0021250001 0.381125
0.17112499 0.002875 0.381125
0.170875 0.003125 0.38187501
0.169875 0.0023749999 0.38187501
0.171875 0.0036249999 0.381125
0.17012499 0.002875 0.38312501
0.171875 0.004375 0.38312501
0.173125 0.0046250001 0.38187501
0.173125 0.0046250001 0.38312501
0.172875 0.0038749999 0.38087499
0.173875 0.0046250001 0.38312501
0.173875 0.004375 0.381125
0.173875 0.004375 0.38187501
0.175125 0.0038749999 0.37962499
0.175125 0.004125 0.381125
0.175125 0.0038749999 0.38312501
0.176125 0.0038749999 0.38312501
0.176625 0.0033750001 0.38312501
0.178625 0.002625 0.379875
0.178625 0.002625 0.381125
0.180875 0.001875 0.379875
0.180125 0.0023749999 0.379125
0.180125 0.0023749999 0.379875
0.180125 0.0023749999 0.381125
0.180875 0.001875 0.381125
0.180875 0.0021250001 0.38187501
0.182125 0.001625 0.379875
0.180875 0.0021250001 0.37887499
0.18062501 0.001875 0.37812501
0.182125 0.001625 0.379125
0.17587499 0.0038749999 0.381125
0.175125 0.004375 0.38187501
0.17587499 0.0038749999 0.38187501
0.176625 0.0033750001 0.38187501
0.177875 0.002875 0.38312501
0.166875 0.00087500003 0.37187499
0.16662499 0.00087500003 0.370875
0.168125 0.000375 0.370875
0.168125 0.00062499999 0.372125
0.166875 0.001375 0.37287501
0.182125 0.001625 0.381125
0.18287501 0.001375 0.381125
0.182125 0.001625 0.38187501
0.18062501 0.001875 0.37687501
0.192875 -0.010125 0.37287501
0.180875 0.001875 0.37612501
0.194125 -0.010125 0.374625
0.182125 0.001375 0.37612501
0.193875 -0.010375 0.37387499
0.166875 0.000375 0.36912501
0.166875 0.00062499999 0.36987501
0.168125 0.00012500001 0.36987501
0.194125 -0.010875 0.37287501
0.194125 -0.011125 0.372125
0.19462501 -0.004375 0.37687501
0.195875 -0.0058749998 0.37812501
0.196125 -0.0048750001 0.377875
0.192875 -0.003125 0.38312501
0.192875 -0.003125 0.38187501
0.194125 -0.0033750001 0.38187501
0.180125 0.001375 0.37487501
0.18062501 0.001375 0.37487501
0.18062501 0.00087500003 0.374125
0.182125 0.001125 0.374625
0.182125 0.001375 0.37687501
0.182125 0.001625 0.37812501
0.18287501 0.00087500003 0.37612501
0.18287501 0.001125 0.37687501
0.18387499 0.00062499999 0.37687501
0.18287501 0.001125 0.37812501
0.18387499 0.00062499999 0.37812501
0.18287501 0.001375 0.379125
0.183625 0.00087500003 0.379125
0.184875 0.000375 0.379125
0.18387499 0.00062499999 0.37487501
0.18387499 0.00062499999 0.37612501
0.184875 0.000375 0.37812501
0.18287501 0.00087500003 0.37487501
0.18512499 0.00012500001 0.37487501
0.18287501 0.001375 0.379875
0.183625 0.00087500003 0.379875
0.183625 0.00087500003 0.381125
0.185625 -0.00012500001 0.381125
0.184875 0.000375 0.379875
0.185625 -0.00012500001 0.379875
0.184875 0.000375 0.381125
0.184875 -0.00012500001 0.382875
0.185875 -0.000375 0.38312501
0.18512499 0.00012500001 0.38187501
0.185875 -0.000375 0.38187501
0.185875 -0.00012500001 0.379125
0.186875 -0.001125 0.379875
0.186875 -0.001125 0.381125
0.18512499 0.00012500001 0.37687501
0.18512499 0.00012500001 0.37612501
0.185875 -0.000375 0.37612501
0.185875 -0.000375 0.37687501
0.185625 -0.00012500001 0.37812501
0.187125 -0.001125 0.37687501
0.186875 -0.001125 0.37812501
0.186875 -0.001125 0.379125
0.180125 -0.0021250001 0.37187499
0.17812499 -0.001125 0.37287501
0.178625 0.00012500001 0.37387499
0.178875 -0.001125 0.37287501
0.180875 -0.0021250001 0.37187499
0.18287501 -0.003125 0.37187499
0.182125 -0.003125 0.37162501
0.182125 -0.0023749999 0.372125
0.180125 -0.0033750001 0.370125
0.178625 -0.002625 0.370875
0.180125 -0.002625 0.370875
0.17812499 -0.0021250001 0.37187499
0.178875 -0.0021250001 0.37187499
0.180875 -0.004375 0.36912501
0.180875 -0.0033750001 0.370875
0.18062501 -0.0046250001 0.36787501
0.18062501 -0.0036249999 0.36987501
0.18187501 -0.004125 0.36987501
0.182125 -0.0036249999 0.370875
0.182625 -0.004125 0.370875
0.182125 -0.0046250001 0.36912501
0.182625 -0.0051250001 0.36912501
0.18287501 -0.0046250001 0.36987501
0.183625 -0.0051250001 0.36987501
0.184875 -0.0056250002 0.36987501
0.180125 -0.001125 0.37262499
0.18062501 -0.001125 0.37262499
0.180125 0.00087500003 0.374125
0.182125 0.00062499999 0.374125
0.180125 0.00012500001 0.37362501
0.18062501 0.00012500001 0.37362501
0.182125 -0.001125 0.37287501
0.182125 0.00012500001 0.37362501
0.187125 -0.0048750001 0.37287501
0.185875 -0.004125 0.37287501
0.184875 -0.0033750001 0.37287501
0.183625 -0.0023749999 0.37287501
0.184875 -0.0046250001 0.372125
0.182625 -0.001125 0.37287501
0.18387499 -0.004125 0.37187499
0.184875 -0.004125 0.37237501
0.18387499 -0.003125 0.37237501
0.18287501 -0.0021250001 0.37237501
0.18287501 0.00012500001 0.37387499
0.18387499 -0.00012500001 0.374125
0.18512499 -0.001125 0.37387499
0.18387499 -0.001125 0.373375
0.185875 -0.001125 0.37437499
0.186875 -0.004125 0.373375
0.185875 -0.003125 0.373375
0.184875 -0.0021250001 0.373375
0.185875 -0.0021250001 0.37387499
0.185875 -0.000375 0.37487501
0.187125 -0.003125 0.37387499
0.187125 -0.0021250001 0.374125
0.187875 -0.004125 0.37387499
0.18762501 -0.0033750001 0.374125
0.187875 -0.0021250001 0.374625
0.166875 0.00012500001 0.36787501
0.185625 -0.0051250001 0.37187499
0.18387499 -0.0046250001 0.370875
0.184875 -0.0051250001 0.370875
0.187125 -0.00087500003 0.38312501
0.18762501 -0.001125 0.38312501
0.187875 -0.001375 0.38187501
0.188875 -0.001625 0.38187501
0.166125 0.0021250001 0.400875
0.166125 0.0021250001 0.39912501
0.166125 0.0021250001 0.39987499
0.166125 0.002625 0.386875
0.166125 0.0023749999 0.388125
0.166125 0.0023749999 0.38887501
0.166125 0.002625 0.38512501
0.166125 0.002625 0.38387501
0.164875 0.0023749999 0.42012501
0.164875 0.0023749999 0.42087501
0.166125 0.0021250001 0.42087501
0.166125 0.0021250001 0.416125
0.164875 0.0023749999 0.416875
0.164875 0.0023749999 0.418125
0.164875 0.0023749999 0.41887501
0.166125 0.0021250001 0.41887501
0.166125 0.0021250001 0.42012501
0.166125 0.0021250001 0.416875
0.166125 0.0021250001 0.418125
0.164125 0.0023749999 0.411125
0.164125 0.0023749999 0.41187501
0.164875 0.0021250001 0.41187501
0.164875 0.0021250001 0.409125
0.164125 0.002625 0.40987501
0.164875 0.0021250001 0.40987501
0.164875 0.0021250001 0.411125
0.164125 0.0023749999 0.40687501
0.164125 0.0023749999 0.407875
0.164875 0.0021250001 0.407875
0.164125 0.002625 0.409125
0.164875 0.0021250001 0.40687501
0.165875 0.001875 0.406625
0.165875 0.001875 0.407875
0.165875 0.001875 0.414875
0.164875 0.0021250001 0.41312501
0.164875 0.0021250001 0.41387501
0.164875 0.0021250001 0.414875
0.165875 0.001875 0.41387501
0.165875 0.001875 0.412875
0.165875 0.001875 0.41187501
0.165875 0.001875 0.409125
0.165875 0.001875 0.40987501
0.165875 0.001875 0.411125
0.165875 0.001875 0.40487501
0.165875 0.001875 0.40612501
0.164875 0.0021250001 0.40287501
0.164875 0.0021250001 0.40412501
0.164125 0.0023749999 0.40487501
0.164875 0.0021250001 0.40487501
0.164125 0.0023749999 0.405875
0.164875 0.0021250001 0.40612501
0.165875 0.001875 0.402125
0.165875 0.001875 0.40287501
0.165875 0.001875 0.40412501
0.163875 0.002875 0.39212501
0.164875 0.002625 0.39012501
0.166125 0.0023749999 0.39012501
0.164875 0.002625 0.39087501
0.163875 0.002875 0.393875
0.164875 0.002625 0.393125
0.166125 0.0023749999 0.393125
0.164875 0.002625 0.39362499
0.166125 0.0023749999 0.39362499
0.164875 0.002625 0.395125
0.166125 0.0023749999 0.395125
0.164875 0.002625 0.395625
0.166125 0.0023749999 0.395625
0.166125 0.0021250001 0.39712501
0.166125 0.0023749999 0.39087501
0.164875 0.002625 0.39212501
0.166125 0.0023749999 0.39212501
0.164875 0.002875 0.38512501
0.164125 0.003125 0.386125
0.164125 0.003125 0.386875
0.163875 0.002875 0.38387501
0.164875 0.002625 0.38387501
0.164125 0.003125 0.38512501
0.16212501 0.0036249999 0.39912501
0.162875 0.003125 0.39987499
0.162875 0.002875 0.400875
0.164125 0.002625 0.39987499
0.164125 0.002625 0.400875
0.164875 0.002625 0.39712501
0.163875 0.002875 0.39787501
0.164875 0.002625 0.397625
0.166125 0.0021250001 0.39787501
0.164125 0.002875 0.39912501
0.164875 0.0023749999 0.39912501
0.164875 0.0023749999 0.39987499
0.164875 0.0023749999 0.400875
0.16212501 0.003125 0.40612501
0.16187499 0.002875 0.40687501
0.162875 0.002875 0.40612501
0.186875 -0.029874999 0.41462499
0.187125 -0.028875001 0.414875
0.188875 -0.029874999 0.413625
0.188875 -0.027875001 0.41387501
0.187875 -0.031125 0.41387501
0.187875 -0.029874999 0.41437501
0.187875 -0.028875001 0.41437501
0.188875 -0.028875001 0.41387501
0.18987501 -0.027875001 0.41337499
0.188875 -0.031125 0.413625
0.18987501 -0.031125 0.412875
0.18987501 -0.029874999 0.412875
0.18987501 -0.028875001 0.41337499
0.18987501 -0.032125 0.41312501
0.18962499 -0.033124998 0.412875
0.19087499 -0.033124998 0.41187501
0.19087499 -0.032125 0.41187501
0.191875 -0.031125 0.411625
0.19212499 -0.032125 0.411625
0.19087499 -0.031125 0.412375
0.192875 -0.033124998 0.40987501
0.193875 -0.032125 0.40962499
0.19212499 -0.033124998 0.411125
0.192625 -0.032125 0.41087499
0.192875 -0.031125 0.41087499
0.187875 -0.032125 0.41387501
0.194125 -0.033124998 0.40962499
0.188875 -0.033124998 0.413625
0.18962499 -0.034875002 0.412875
0.19087499 -0.034875002 0.41187501
0.19087499 -0.034125 0.41187501
0.18987501 -0.033875 0.412875
0.191875 -0.035875 0.41087499
0.19212499 -0.035124999 0.411125
0.192875 -0.036125001 0.40987501
0.19212499 -0.033875 0.411125
0.192875 -0.034875002 0.40987501
0.192875 -0.033875 0.40987501
0.194125 -0.034875002 0.409125
0.194125 -0.033875 0.409125
0.19437499 -0.035875 0.40687501
0.19462501 -0.034875002 0.40687501
0.194875 -0.033875 0.40687501
0.194875 -0.033124998 0.406625
0.194125 -0.035875 0.407875
0.19437499 -0.034875002 0.407875
0.193875 -0.036874998 0.40887499
0.193875 -0.035875 0.40887499
0.193875 -0.038125001 0.40762499
0.194125 -0.036874998 0.407875
0.194875 -0.035875 0.404625
0.194875 -0.035124999 0.40487501
0.19462501 -0.036874998 0.405875
0.196125 -0.035875 0.39912501
0.195875 -0.036874998 0.39987499
0.196125 -0.036125001 0.39987499
0.19562501 -0.036874998 0.400875
0.195875 -0.035875 0.400875
0.19562501 -0.035875 0.40187499
0.196125 -0.037124999 0.39912501
0.19312499 -0.036874998 0.38387501
0.19212499 -0.026125001 0.41187501
0.19087499 -0.026875 0.412875
0.19087499 -0.026125001 0.412875
0.19212499 -0.027124999 0.41187501
0.192875 -0.026875 0.411625
0.192875 -0.026125001 0.411625
0.19562501 -0.026125001 0.386125
0.19562501 -0.026125001 0.386875
0.19212499 -0.027875001 0.41187501
0.190625 -0.028875001 0.412875
0.19087499 -0.029874999 0.41262501
0.190625 -0.027875001 0.412875
0.194125 -0.026875 0.40987501
0.193625 -0.026875 0.411125
0.193875 -0.026125001 0.41087499
0.19462501 -0.026125001 0.40987501
0.194875 -0.026125001 0.409125
0.196125 -0.026125001 0.40487501
0.195875 -0.026125001 0.405875
0.19562501 -0.026125001 0.40687501
0.195125 -0.026875 0.407875
0.195375 -0.026125001 0.407875
0.194875 -0.026875 0.40887499
0.196375 -0.028875001 0.40287501
0.19662499 -0.027875001 0.40287501
0.196125 -0.028875001 0.40412501
0.196375 -0.027875001 0.40387499
0.197125 -0.026875 0.400875
0.197375 -0.026125001 0.400875
0.19687501 -0.026125001 0.402125
0.19687501 -0.026125001 0.40287501
0.19687501 -0.027875001 0.402125
0.19687501 -0.026875 0.40187499
0.19662499 -0.026875 0.40287501
0.19687501 -0.028124999 0.400875
0.19687501 -0.028875001 0.400875
0.19662499 -0.028875001 0.40187499
0.19787499 -0.026125001 0.39787501
0.197625 -0.026125001 0.39912501
0.19787499 -0.026875 0.39587501
0.19787499 -0.026875 0.39712501
0.19787499 -0.026125001 0.39712501
0.19787499 -0.026875 0.39787501
0.197375 -0.031125 0.39712501
0.197375 -0.029874999 0.39712501
0.197375 -0.028875001 0.39912501
0.197625 -0.027875001 0.39912501
0.19687501 -0.029124999 0.39987499
0.197375 -0.027875001 0.39987499
0.19787499 -0.026875 0.39912501
0.197375 -0.026875 0.39987499
0.197375 -0.026125001 0.39987499
0.197625 -0.027875001 0.395625
0.19787499 -0.027875001 0.39712501
0.197625 -0.028875001 0.39712501
0.197375 -0.029874999 0.397625
0.197625 -0.028875001 0.397625
0.19787499 -0.027875001 0.39787501
0.19787499 -0.026125001 0.39587501
0.191875 -0.029874999 0.41187501
0.19212499 -0.029124999 0.41187501
0.193875 -0.029874999 0.40962499
0.192875 -0.028875001 0.411125
0.192875 -0.027875001 0.411125
0.194125 -0.028875001 0.40987501
0.194125 -0.027875001 0.40987501
0.19462501 -0.028875001 0.409125
0.194875 -0.027875001 0.40887499
0.193875 -0.031125 0.40987501
0.192875 -0.030125 0.411125
0.195125 -0.031125 0.40687501
0.195125 -0.029874999 0.40687501
0.195375 -0.028875001 0.40687501
0.195875 -0.029874999 0.40487501
0.195375 -0.031125 0.405875
0.195375 -0.029874999 0.405875
0.19562501 -0.028875001 0.405875
0.19562501 -0.027875001 0.405875
0.19462501 -0.033875 0.407875
0.19462501 -0.033124998 0.407875
0.19437499 -0.032125 0.409125
0.19462501 -0.031125 0.409125
0.19462501 -0.029874999 0.409125
0.194875 -0.032375 0.40687501
0.194875 -0.032125 0.407875
0.194875 -0.031125 0.40762499
0.19462501 -0.029874999 0.40762499
0.19437499 -0.033124998 0.409125
0.195375 -0.027875001 0.40687501
0.195375 -0.026875 0.40687501
0.194875 -0.028875001 0.407875
0.195125 -0.027875001 0.407875
0.196375 -0.026875 0.40387499
0.19662499 -0.026125001 0.40387499
0.195875 -0.028875001 0.404625
0.195875 -0.027875001 0.404625
0.195875 -0.027124999 0.40487501
0.195875 -0.026875 0.40612501
0.19562501 -0.032125 0.40487501
0.19562501 -0.031125 0.40487501
0.195375 -0.032125 0.405875
0.195875 -0.031125 0.40387499
0.196375 -0.031125 0.400875
0.19662499 -0.029874999 0.400875
0.196125 -0.032125 0.402125
0.196375 -0.031125 0.40187499
0.196125 -0.031125 0.40287501
0.195375 -0.033124998 0.40487501
0.195875 -0.033124998 0.402125
0.19562501 -0.034875002 0.40287501
0.19562501 -0.033875 0.40287501
0.195375 -0.033875 0.40387499
0.195875 -0.032125 0.40262499
0.195875 -0.032125 0.40412501
0.19562501 -0.033124998 0.40287501
0.19562501 -0.033124998 0.40387499
0.19687501 -0.033124998 0.39912501
0.19662499 -0.032125 0.39987499
0.19687501 -0.031125 0.39987499
0.19687501 -0.029874999 0.399625
0.196375 -0.032125 0.400875
0.196125 -0.033875 0.400875
0.19562501 -0.034875002 0.40187499
0.195875 -0.033875 0.402125
0.196125 -0.034875002 0.39987499
0.195875 -0.035124999 0.40062499
0.196375 -0.033124998 0.39987499
0.195875 -0.033124998 0.400875
0.196375 -0.034875002 0.39912501
0.19662499 -0.033875 0.39912501
0.196375 -0.033875 0.39987499
0.196125 -0.029874999 0.40412501
0.196375 -0.029874999 0.40187499
0.196375 -0.029874999 0.40287501
0.19687501 -0.032125 0.398875
0.19687501 -0.031374998 0.39912501
0.197125 -0.029874999 0.39912501
0.197125 -0.032125 0.39787501
0.197125 -0.031125 0.39787501
0.195375 -0.033875 0.40487501
0.19462501 -0.035875 0.405875
0.194875 -0.034875002 0.40612501
0.194875 -0.034125 0.40612501
0.195125 -0.033124998 0.40612501
0.195375 -0.035875 0.40287501
0.194875 -0.038125001 0.40412501
0.19462501 -0.037124999 0.40387499
0.195125 -0.035875 0.40412501
0.195375 -0.034875002 0.40387499
0.196125 -0.028124999 0.39087501
0.196125 -0.026875 0.39087501
0.196375 -0.026125001 0.39087501
0.19662499 -0.026875 0.39212501
0.19687501 -0.026875 0.393125
0.197375 -0.026875 0.39362499
0.197625 -0.026875 0.395125
0.19562501 -0.026875 0.388125
0.195875 -0.026125001 0.388125
0.195875 -0.026125001 0.38887501
0.195375 -0.027875001 0.388125
0.195375 -0.028875001 0.38887501
0.19562501 -0.027875001 0.38887501
0.195875 -0.026875 0.38887501
0.195875 -0.027875001 0.39012501
0.195875 -0.026875 0.39012501
0.196125 -0.026125001 0.39012501
0.19462501 -0.029874999 0.386125
0.194875 -0.029874999 0.386875
0.194875 -0.029124999 0.386875
0.194875 -0.030125 0.38787499
0.195125 -0.028875001 0.388125
0.194875 -0.031125 0.38887501
0.194875 -0.033124998 0.39012501
0.194875 -0.032125 0.38987499
0.195375 -0.031125 0.39012501
0.195375 -0.032125 0.39087501
0.193875 -0.037124999 0.39012501
0.194125 -0.035875 0.39012501
0.19437499 -0.034875002 0.39012501
0.19437499 -0.036874998 0.39087501
0.19462501 -0.035875 0.39087501
0.194875 -0.035124999 0.39087501
0.194875 -0.036125001 0.391875
0.195375 -0.034875002 0.39212501
0.195375 -0.035875 0.393125
0.195875 -0.035875 0.393875
0.195875 -0.032125 0.39212501
0.195875 -0.033124998 0.393125
0.195875 -0.033875 0.39362499
0.196375 -0.033124998 0.39362499
0.19462501 -0.033875 0.39012501
0.194875 -0.034125 0.39087501
0.195125 -0.033124998 0.39087501
0.195375 -0.033875 0.39212501
0.19562501 -0.033124998 0.39212501
0.19562501 -0.034875002 0.393125
0.195875 -0.033875 0.393125
0.196125 -0.035124999 0.393875
0.196125 -0.028875001 0.39212501
0.196375 -0.029874999 0.393125
0.19662499 -0.028875001 0.393125
0.19662499 -0.031125 0.39362499
0.19687501 -0.029874999 0.393875
0.197125 -0.028875001 0.395125
0.197375 -0.027875001 0.395125
0.197375 -0.028875001 0.395625
0.196375 -0.027875001 0.39212501
0.19662499 -0.027875001 0.393125
0.19687501 -0.028875001 0.393875
0.19687501 -0.028124999 0.39362499
0.19687501 -0.032125 0.395125
0.19687501 -0.031125 0.395125
0.19687501 -0.030125 0.39487499
0.197375 -0.029874999 0.395625
0.19662499 -0.032125 0.39587501
0.197125 -0.031125 0.39587501
0.195125 -0.029874999 0.38887501
0.195375 -0.029874999 0.39012501
0.19562501 -0.028875001 0.39012501
0.19562501 -0.031125 0.39087501
0.19562501 -0.029874999 0.39087501
0.195875 -0.028875001 0.39087501
0.195875 -0.031125 0.39212501
0.196125 -0.029874999 0.391875
0.195875 -0.032125 0.39287499
0.196375 -0.031125 0.393125
0.196375 -0.032125 0.39362499
0.19462501 -0.031125 0.386125
0.194125 -0.034125 0.386875
0.19437499 -0.033124998 0.386875
0.19437499 -0.032125 0.386875
0.19462501 -0.031125 0.386875
0.194875 -0.031125 0.388125
0.194125 -0.033374999 0.38387501
0.19437499 -0.032125 0.38387501
0.19437499 -0.031125 0.38387501
0.19437499 -0.031125 0.38512501
0.193875 -0.033875 0.38387501
0.193875 -0.033875 0.38512501
0.194125 -0.033124998 0.38512501
0.19437499 -0.032125 0.38512501
0.194125 -0.034125 0.386125
0.194125 -0.033124998 0.386125
0.19437499 -0.032125 0.386125
0.194875 -0.028875001 0.38387501
0.19462501 -0.029874999 0.38512501
0.19462501 -0.029874999 0.38387501
0.194875 -0.028124999 0.38387501
0.195375 -0.026875 0.38387501
0.194875 -0.028875001 0.38512501
0.195125 -0.027875001 0.38512501
0.194875 -0.028875001 0.386125
0.195125 -0.027875001 0.386125
0.195375 -0.027875001 0.386875
0.195375 -0.026125001 0.38387501
0.195375 -0.026875 0.38512501
0.19562501 -0.026125001 0.38512501
0.195375 -0.026875 0.386125
0.195375 -0.026875 0.386875
0.19337501 -0.035875 0.38387501
0.193625 -0.034875002 0.38387501
0.19312499 -0.036874998 0.38512501
0.19337501 -0.035875 0.38512501
0.193625 -0.034875002 0.38512501
0.193875 -0.034875002 0.386125
0.19437499 -0.033875 0.388125
0.19437499 -0.033124998 0.388125
0.19462501 -0.032125 0.388125
0.19437499 -0.033875 0.38887501
0.19462501 -0.033124998 0.38887501
0.194875 -0.032125 0.38887501
0.193875 -0.035875 0.388125
0.194125 -0.035124999 0.38787499
0.193875 -0.036874998 0.38887501
0.193875 -0.035875 0.38887501
0.194125 -0.034875002 0.38887501
0.193875 -0.038125001 0.39012501
0.19337501 -0.036874998 0.386125
0.193625 -0.035875 0.386125
0.19337501 -0.036874998 0.386875
0.193625 -0.035875 0.386875
0.193875 -0.034875002 0.386875
0.19687501 -0.026125001 0.39212501
0.19687501 -0.026125001 0.39287499
0.197375 -0.026125001 0.39362499
0.197625 -0.026125001 0.395125
0.19687501 -0.033124998 0.39787501
0.196375 -0.034875002 0.395125
0.196375 -0.033875 0.395125
0.19662499 -0.033124998 0.395125
0.19662499 -0.033875 0.395625
0.196375 -0.036874998 0.397625
0.196375 -0.035875 0.397625
0.196125 -0.035875 0.395125
0.196375 -0.035875 0.395625
0.196375 -0.034875002 0.395625
0.196375 -0.036874998 0.39712501
0.196375 -0.035875 0.39712501
0.19662499 -0.034875002 0.39712501
0.196125 -0.038125001 0.39587501
0.196375 -0.034875002 0.397625
0.19662499 -0.033875 0.397625
0.195875 -0.038125001 0.395125
0.195875 -0.037124999 0.395125
0.194125 -0.038125001 0.390625
0.19462501 -0.038125001 0.39212501
0.19462501 -0.038125001 0.393125
0.194875 -0.036874998 0.39287499
0.195375 -0.038125001 0.39362499
0.19562501 -0.036874998 0.39362499
0.19687501 -0.033124998 0.39587501
0.19662499 -0.033875 0.39712501
0.19687501 -0.033124998 0.39712501
0.197125 -0.032125 0.39712501
0.195875 -0.038125001 0.398875
0.195875 -0.039124999 0.39712501
0.196125 -0.038125001 0.39712501
0.18187501 -0.029874999 0.42087501
0.182375 -0.027875001 0.42087501
0.182625 -0.026875 0.42087501
0.18287501 -0.026125001 0.42087501
0.18387499 -0.026125001 0.416875
0.184875 -0.026125001 0.41587499
0.18287501 -0.027875001 0.418625
0.182375 -0.028875001 0.42012501
0.183625 -0.028875001 0.416875
0.18287501 -0.028875001 0.418125
0.183375 -0.027875001 0.418125
0.18287501 -0.029874999 0.41787499
0.183375 -0.026125001 0.418125
0.183375 -0.026125001 0.41887501
0.18287501 -0.027124999 0.41887501
0.182625 -0.027875001 0.42012501
0.18287501 -0.026875 0.42012501
0.18287501 -0.026125001 0.419875
0.182125 -0.028875001 0.42087501
0.183375 -0.026875 0.418125
0.18387499 -0.027875001 0.41662499
0.18387499 -0.026875 0.416875
0.182625 -0.029874999 0.41887501
0.182625 -0.028875001 0.41887501
0.182125 -0.029874999 0.42012501
0.183375 -0.029874999 0.416875
0.18412501 -0.028875001 0.416125
0.184875 -0.027875001 0.41587499
0.185875 -0.027875001 0.41537499
0.184875 -0.026875 0.41587499
0.18287501 -0.031374998 0.416875
0.18387499 -0.031125 0.41587499
0.18387499 -0.030125 0.416125
0.18512499 -0.031125 0.414875
0.184875 -0.029874999 0.41537499
0.185625 -0.029874999 0.414875
0.184875 -0.028875001 0.41562501
0.185875 -0.028875001 0.414875
0.186875 -0.027875001 0.41462499
0.185875 -0.026875 0.41512501
0.186875 -0.026125001 0.414875
0.186875 -0.027124999 0.41462499
0.185875 -0.026125001 0.41512501
0.18962499 -0.026125001 0.413625
0.187875 -0.026875 0.41462499
0.187875 -0.026125001 0.41462499
0.189125 -0.026125001 0.414125
0.189125 -0.026875 0.41387501
0.187875 -0.027875001 0.41437501
0.18987501 -0.026875 0.413625
0.18187501 -0.033124998 0.42012501
0.18187501 -0.032125 0.419875
0.182625 -0.032125 0.418125
0.182125 -0.033124998 0.41887501
0.182125 -0.032125 0.41887501
0.182375 -0.031125 0.41887501
0.182125 -0.031125 0.419875
0.182625 -0.033124998 0.41662499
0.183625 -0.032125 0.41587499
0.183625 -0.033124998 0.41587499
0.18387499 -0.033875 0.41537499
0.184875 -0.033124998 0.414875
0.185875 -0.033875 0.41462499
0.184875 -0.032125 0.414875
0.185875 -0.031125 0.414875
0.186875 -0.033875 0.41437501
0.185875 -0.033124998 0.41462499
0.186875 -0.033124998 0.41437501
0.185875 -0.032125 0.41462499
0.186875 -0.032125 0.41437501
0.186875 -0.031125 0.41462499
0.177625 -0.0023749999 0.41387501
0.177875 -0.0021250001 0.41312501
0.176625 -0.001625 0.41387501
0.179625 -0.0033750001 0.41312501
0.178625 -0.002625 0.41312501
0.178875 -0.003125 0.41387501
0.180125 -0.002625 0.411125
0.172875 -0.00012500001 0.409125
0.173125 0.00012500001 0.40687501
0.173125 0.00012500001 0.407875
0.173875 -0.00012500001 0.407875
0.173875 -0.000375 0.409125
0.173875 -0.000375 0.40987501
0.175125 -0.00062499999 0.40987501
0.17362501 -0.00012500001 0.406625
0.175125 -0.000375 0.407875
0.175125 -0.00062499999 0.409125
0.175125 -0.00012500001 0.406625
0.173875 0.000375 0.405875
0.175125 0.000375 0.405875
0.176125 0.00087500003 0.405875
0.176625 0.00012500001 0.40687501
0.176875 0.001875 0.405875
0.176625 0.00087500003 0.40637499
0.176125 -0.00012500001 0.406625
0.176125 -0.001125 0.40987501
0.176125 -0.001125 0.409125
0.176125 -0.00062499999 0.407875
0.176875 -0.001125 0.40887499
0.176625 -0.00062499999 0.407875
0.17812499 0.00012500001 0.40737501
0.17812499 -0.001625 0.40987501
0.178625 -0.0023749999 0.411125
0.17812499 -0.00062499999 0.407875
0.17812499 -0.001375 0.40887499
0.178625 -0.001125 0.407875
0.180125 -0.001125 0.40837499
0.178875 -0.0021250001 0.40987501
0.178625 -0.001625 0.409125
0.180125 -0.0023749999 0.40987501
0.180125 -0.0021250001 0.409125
0.180875 -0.0021250001 0.409125
0.18062501 -0.003125 0.411125
0.18187501 -0.0033750001 0.40962499
0.180875 -0.003125 0.40987501
0.17812499 0.002875 0.405875
0.17812499 0.0021250001 0.40637499
0.178875 0.003125 0.40612501
0.180125 0.003125 0.40612501
0.180125 0.0033750001 0.40487501
0.179875 0.0021250001 0.40687501
0.178625 0.0021250001 0.406625
0.178875 0.00012500001 0.407875
0.17812499 0.00087500003 0.40687501
0.178875 0.001125 0.40687501
0.180875 0.0021250001 0.40687501
0.182125 0.0021250001 0.407125
0.180875 0.003125 0.40487501
0.182125 0.003125 0.40487501
0.18062501 0.002875 0.405875
0.182125 0.002875 0.405875
0.18287501 0.002875 0.40612501
0.180125 0.0033750001 0.400875
0.180875 0.003125 0.400875
0.18187501 0.002875 0.400875
0.18062501 0.0033750001 0.40187499
0.18062501 0.0033750001 0.40287501
0.18287501 0.003125 0.40487501
0.18062501 0.0033750001 0.40387499
0.18387499 0.002875 0.40487501
0.18387499 0.002875 0.40412501
0.182125 0.003125 0.40187499
0.18287501 0.002875 0.400875
0.18387499 0.002625 0.400875
0.18287501 0.002875 0.402125
0.182125 0.003125 0.40287501
0.18287501 0.003125 0.40262499
0.18387499 0.002625 0.40187499
0.18387499 0.002875 0.40287501
0.182125 0.0033750001 0.40387499
0.18287501 0.003125 0.40412501
0.180125 -0.00012500001 0.407875
0.180125 0.00087500003 0.40762499
0.180875 0.00012500001 0.407875
0.18062501 -0.001125 0.40837499
0.182125 0.00012500001 0.40837499
0.18062501 0.00087500003 0.40762499
0.18187501 0.001125 0.407875
0.182125 -0.001125 0.40862501
0.18287501 0.0021250001 0.407125
0.18287501 0.001125 0.407875
0.18287501 -0.001125 0.40862501
0.182125 -0.0021250001 0.409125
0.18287501 -0.0021250001 0.409125
0.18287501 0.00012500001 0.40837499
0.18387499 0.00012500001 0.40862501
0.18387499 0.001125 0.407875
0.18512499 -0.003125 0.40887499
0.18387499 -0.0021250001 0.40887499
0.184875 0.00012500001 0.40862501
0.184875 -0.001125 0.40837499
0.18387499 0.0021250001 0.40687501
0.184875 0.0023749999 0.40487501
0.18387499 0.002625 0.405875
0.18512499 0.0021250001 0.40612501
0.18512499 0.001875 0.406625
0.185875 0.001375 0.40687501
0.185625 0.001875 0.404625
0.186875 0.001375 0.40487501
0.185875 0.001625 0.405875
0.18512499 0.001125 0.407875
0.185875 0.00012500001 0.40837499
0.185875 0.00087500003 0.40762499
0.186875 0.00012500001 0.407875
0.187125 0.001125 0.40612501
0.185875 0.001875 0.40287501
0.185875 0.0021250001 0.40387499
0.184875 0.0023749999 0.400875
0.184875 0.0023749999 0.40187499
0.184875 0.002625 0.40287501
0.184875 0.002625 0.40387499
0.187875 0.00087500003 0.40412501
0.185625 0.001875 0.402125
0.186875 0.001375 0.40287501
0.187875 0.001125 0.40262499
0.186875 0.001375 0.40387499
0.185875 0.001875 0.400875
0.186875 0.001625 0.40187499
0.187875 0.001125 0.402125
0.188875 0.00062499999 0.40187499
0.187875 0.00087500003 0.40487501
0.187875 0.00062499999 0.405875
0.166875 0.0021250001 0.39587501
0.166875 0.0021250001 0.395125
0.166875 0.0021250001 0.393875
0.16787501 0.0021250001 0.39587501
0.16787501 0.0021250001 0.395125
0.168125 0.0021250001 0.393875
0.16887499 0.003125 0.39587501
0.169375 0.0038749999 0.395125
0.168625 0.002875 0.39362499
0.16912501 0.0036249999 0.393875
0.16887499 0.003125 0.395125
0.166875 0.0021250001 0.39012501
0.166875 0.0021250001 0.39087501
0.166875 0.0021250001 0.39212501
0.168125 0.0023749999 0.39087501
0.16787501 0.001875 0.388625
0.168125 0.0021250001 0.39012501
0.16912501 0.0036249999 0.39087501
0.16912501 0.0036249999 0.39212501
0.16912501 0.0036249999 0.393125
0.169625 0.004125 0.38887501
0.16887499 0.003125 0.39012501
0.169375 0.0038749999 0.39012501
0.16887499 0.003125 0.388625
0.166875 0.0021250001 0.393125
0.168125 0.0023749999 0.393125
0.168125 0.0023749999 0.39212501
0.168625 0.002875 0.393125
0.168625 0.002875 0.39087501
0.168625 0.002875 0.39212501
0.17012499 0.0046250001 0.395125
0.169625 0.004125 0.395625
0.17112499 0.0048750001 0.39687499
0.17112499 0.0053750002 0.395125
0.170875 0.0048750001 0.39587501
0.171875 0.0056250002 0.39712501
0.171875 0.0058749998 0.393125
0.17112499 0.0056250002 0.39362499
0.171875 0.0056250002 0.39362499
0.171875 0.0056250002 0.395125
0.171875 0.0056250002 0.395625
0.173125 0.0056250002 0.395125
0.173125 0.0056250002 0.395625
0.173125 0.0056250002 0.39712501
0.169875 0.0048750001 0.39212501
0.169875 0.0048750001 0.393125
0.169875 0.0048750001 0.393875
0.169875 0.0048750001 0.39087501
0.17012499 0.0046250001 0.39012501
0.17112499 0.0053750002 0.39012501
0.17112499 0.0056250002 0.39212501
0.171875 0.0058749998 0.39212501
0.17112499 0.0056250002 0.393125
0.17112499 0.0056250002 0.39087501
0.171875 0.0053750002 0.388125
0.171875 0.0053750002 0.38887501
0.171875 0.0056250002 0.39012501
0.171875 0.0056250002 0.39087501
0.166875 0.0021250001 0.38887501
0.166875 0.0023749999 0.38387501
0.194875 -0.0036249999 0.386125
0.196125 -0.004125 0.386125
0.179625 -0.004375 0.42087501
0.168125 0.0021250001 0.38387501
0.168125 0.0021250001 0.38512501
0.196125 -0.004125 0.38387501
0.166875 0.0021250001 0.388125
0.16787501 0.001875 0.388125
0.16787501 0.001875 0.386125
0.16787501 0.001875 0.386875
0.166875 0.0021250001 0.386875
0.166875 0.0023749999 0.38512501
0.166875 0.0023749999 0.386125
0.16912501 0.002875 0.388125
0.169625 0.003125 0.386875
0.16887499 0.0021250001 0.386875
0.16912501 0.001875 0.386125
0.16912501 0.001875 0.38512501
0.16912501 0.001875 0.38387501
0.169875 0.002875 0.386125
0.170875 0.004125 0.386125
0.170375 0.0038749999 0.386875
0.169875 0.0036249999 0.388125
0.170875 0.0048750001 0.38887501
0.17112499 0.0048750001 0.388125
0.17112499 0.0046250001 0.386875
0.171875 0.0046250001 0.386125
0.171625 0.0048750001 0.386875
0.173125 0.0051250001 0.386125
0.173125 0.0053750002 0.386875
0.17012499 0.002875 0.38387501
0.17012499 0.002875 0.38512501
0.17112499 0.0038749999 0.38387501
0.170875 0.0038749999 0.38512501
0.171875 0.0046250001 0.38387501
0.171875 0.0048750001 0.38512501
0.173125 0.0048750001 0.38387501
0.173125 0.0048750001 0.384875
0.17362501 0.0048750001 0.386125
0.17362501 0.0048750001 0.386875
0.173125 0.0053750002 0.388125
0.173125 0.0053750002 0.38887501
0.173125 0.0053750002 0.39012501
0.173875 0.0046250001 0.38387501
0.173875 0.0046250001 0.38512501
0.175125 0.004125 0.38387501
0.175125 0.004125 0.38512501
0.176125 0.0036249999 0.38387501
0.176875 0.003125 0.38387501
0.182125 -0.006875 0.42087501
0.183375 -0.010375 0.42087501
0.178875 -0.003125 0.41887501
0.17812499 -0.0023749999 0.418125
0.17812499 -0.002625 0.41887501
0.180125 -0.0038749999 0.418125
0.178875 -0.003125 0.418125
0.180125 -0.004125 0.41887501
0.178875 -0.003125 0.41462499
0.180125 -0.0033750001 0.414875
0.178875 -0.003125 0.416125
0.18062501 -0.004375 0.416875
0.178875 -0.003125 0.416875
0.180125 -0.0036249999 0.416125
0.180125 -0.0036249999 0.416875
0.181125 -0.0048750001 0.418125
0.180875 -0.004125 0.414875
0.18062501 -0.004125 0.416125
0.180125 -0.0033750001 0.41387501
0.180875 -0.004125 0.41387501
0.179875 -0.0033750001 0.411625
0.180875 -0.004125 0.412875
0.18062501 -0.0036249999 0.41187501
0.18187501 -0.0051250001 0.41462499
0.18287501 -0.0051250001 0.41187501
0.182625 -0.0051250001 0.41312501
0.18187501 -0.004125 0.41187501
0.182125 -0.0046250001 0.41312501
0.182125 -0.0048750001 0.41387501
0.18287501 -0.0058749998 0.41387501
0.180875 -0.0051250001 0.419875
0.179875 -0.004375 0.419875
0.18062501 -0.0051250001 0.42087501
0.180875 -0.0048750001 0.41887501
0.18162499 -0.0061249998 0.42012501
0.181375 -0.0058749998 0.42087501
0.18287501 -0.0061249998 0.41462499
0.182625 -0.0061249998 0.416125
0.182375 -0.0058749998 0.416875
0.182125 -0.0058749998 0.418125
0.18187501 -0.0061249998 0.41887501
0.18162499 -0.0051250001 0.416875
0.18187501 -0.0051250001 0.416125
0.183625 -0.007125 0.414875
0.183375 -0.007125 0.416125
0.18287501 -0.006875 0.416875
0.18287501 -0.007125 0.41787499
0.182625 -0.007125 0.41887501
0.182375 -0.007125 0.42012501
0.183625 -0.0058749998 0.41312501
0.18387499 -0.007125 0.41387501
0.18537501 -0.0091249999 0.41187501
0.184875 -0.0083750002 0.41187501
0.184625 -0.0081249997 0.41312501
0.18387499 -0.007125 0.41312501
0.184875 -0.010125 0.414875
0.184375 -0.0091249999 0.414875
0.18387499 -0.0081249997 0.414875
0.18412501 -0.0091249999 0.416125
0.18387499 -0.0091249999 0.416875
0.18387499 -0.0093750004 0.418125
0.18512499 -0.0091249999 0.41312501
0.18512499 -0.010125 0.41387501
0.184625 -0.0091249999 0.41387501
0.184375 -0.0081249997 0.41387501
0.182625 -0.004375 0.40962499
0.182125 -0.004125 0.411125
0.18287501 -0.0048750001 0.411125
0.18387499 -0.0061249998 0.411125
0.18387499 -0.0061249998 0.41187501
0.18387499 -0.0058749998 0.40987501
0.183375 -0.0051250001 0.40987501
0.18512499 -0.0081249997 0.411125
0.184375 -0.007125 0.411125
0.184375 -0.007125 0.41187501
0.18537501 -0.0081249997 0.40987501
0.184875 -0.007125 0.40962499
0.185625 -0.0091249999 0.411125
0.185875 -0.0091249999 0.40987501
0.187125 -0.010125 0.40987501
0.185875 -0.010125 0.411125
0.18287501 -0.003125 0.40937501
0.18387499 -0.004125 0.40937501
0.18387499 -0.003125 0.409125
0.184875 -0.004375 0.40887499
0.184875 -0.0021250001 0.40862501
0.18387499 -0.001125 0.40862501
0.185875 -0.003125 0.40837499
0.187125 -0.003125 0.40812501
0.185875 -0.0021250001 0.40837499
0.18387499 -0.0051250001 0.40962499
0.185875 -0.0048750001 0.409125
0.18512499 -0.0048750001 0.409125
0.185875 -0.004125 0.40862501
0.185875 -0.001125 0.40862501
0.18762501 -0.00012500001 0.40762499
0.186875 -0.001125 0.40862501
0.186875 -0.0021250001 0.40837499
0.187875 -0.001125 0.40862501
0.189125 0.00012500001 0.40687501
0.186875 0.00087500003 0.406625
0.187875 0.000375 0.40687501
0.188875 -0.001125 0.407875
0.187875 -0.003125 0.40812501
0.189125 -0.003125 0.407875
0.187875 -0.0021250001 0.40837499
0.18962499 -0.001375 0.407875
0.188875 -0.0021250001 0.40837499
0.18987501 -0.0023749999 0.407875
0.18987501 -0.003125 0.407875
0.19087499 -0.0021250001 0.40762499
0.188875 0.000375 0.405875
0.185875 -0.007125 0.40937501
0.184875 -0.0058749998 0.40937501
0.185875 -0.0058749998 0.409125
0.186875 -0.0058749998 0.40887499
0.187875 -0.0058749998 0.40862501
0.185875 -0.0081249997 0.40962499
0.186875 -0.0051250001 0.40862501
0.187875 -0.0051250001 0.40837499
0.186875 -0.004125 0.40837499
0.186875 -0.0091249999 0.40937501
0.187125 -0.006875 0.409125
0.187875 -0.0081249997 0.40862501
0.187875 -0.007125 0.40862501
0.187125 -0.0081249997 0.409125
0.18762501 -0.0091249999 0.40887499
0.188875 -0.007125 0.40837499
0.188875 -0.0058749998 0.40837499
0.18987501 -0.0081249997 0.407875
0.18987501 -0.006875 0.407875
0.18987501 -0.0058749998 0.407875
0.188875 -0.0081249997 0.40837499
0.187875 -0.004125 0.40812501
0.189125 -0.004125 0.40812501
0.188875 -0.0051250001 0.40837499
0.18987501 -0.004125 0.407875
0.18987501 -0.0048750001 0.407875
0.19087499 -0.0051250001 0.40737501
0.19087499 -0.003125 0.40762499
0.191875 -0.0048750001 0.406625
0.19087499 -0.004125 0.40737501
0.19212499 -0.004375 0.40687501
0.19212499 -0.003125 0.40737501
0.19087499 -0.007125 0.40737501
0.19087499 -0.0058749998 0.407125
0.191875 -0.006875 0.406625
0.192875 -0.006875 0.40612501
0.191875 -0.0083750002 0.40687501
0.19212499 -0.0058749998 0.406625
0.192875 -0.0058749998 0.40612501
0.18387499 -0.011125 0.41887501
0.18387499 -0.011125 0.42012501
0.183625 -0.010375 0.42012501
0.183625 -0.011375 0.42087501
0.183625 -0.010125 0.41887501
0.183375 -0.0091249999 0.42012501
0.18287501 -0.0091249999 0.42087501
0.182625 -0.0081249997 0.42087501
0.18387499 -0.0083750002 0.416125
0.183625 -0.0081249997 0.416875
0.183375 -0.0081249997 0.418125
0.183625 -0.0091249999 0.41887501
0.18287501 -0.0081249997 0.41887501
0.18287501 -0.0083750002 0.419875
0.184625 -0.010375 0.416125
0.184625 -0.011375 0.416875
0.184375 -0.010375 0.416875
0.184375 -0.011375 0.418125
0.18412501 -0.010125 0.418125
0.18512499 -0.011875 0.414875
0.184875 -0.011125 0.41462499
0.18512499 -0.012875 0.416125
0.184875 -0.012125 0.41587499
0.184875 -0.011125 0.416125
0.184625 -0.011875 0.416875
0.18512499 -0.013875 0.416125
0.18512499 -0.013875 0.416875
0.184875 -0.012875 0.416875
0.18412501 -0.011875 0.41887501
0.18387499 -0.012875 0.419875
0.18387499 -0.011875 0.419875
0.183625 -0.013875 0.42087501
0.183625 -0.012875 0.42087501
0.183625 -0.011875 0.42087501
0.184625 -0.013875 0.418125
0.184625 -0.012875 0.418125
0.184375 -0.011875 0.418125
0.184375 -0.013875 0.41887501
0.18412501 -0.012875 0.41887501
0.18387499 -0.013875 0.42012501
0.184625 -0.017124999 0.418125
0.184625 -0.016375 0.418125
0.184625 -0.014875 0.418125
0.184375 -0.016375 0.41887501
0.184375 -0.014875 0.41887501
0.18387499 -0.014875 0.42012501
0.18537501 -0.014875 0.416125
0.184875 -0.016124999 0.416875
0.18512499 -0.014875 0.416875
0.184375 -0.018124999 0.41887501
0.184375 -0.017124999 0.41887501
0.18387499 -0.018874999 0.419875
0.18387499 -0.018124999 0.419875
0.18387499 -0.017124999 0.42012501
0.18387499 -0.016124999 0.42012501
0.18637501 -0.012875 0.41312501
0.185625 -0.012875 0.413625
0.185625 -0.011875 0.41387501
0.18537501 -0.011375 0.41387501
0.185625 -0.013875 0.414875
0.18537501 -0.012875 0.414875
0.185875 -0.011125 0.41187501
0.185875 -0.010125 0.41187501
0.185875 -0.011875 0.41312501
0.185625 -0.011375 0.41312501
0.18537501 -0.010375 0.41312501
0.186875 -0.011375 0.41087499
0.18637501 -0.011875 0.41187501
0.187125 -0.011875 0.411125
0.186875 -0.013125 0.41187501
0.186625 -0.013875 0.41312501
0.18637501 -0.016375 0.41387501
0.185875 -0.014875 0.41387501
0.185875 -0.013875 0.41387501
0.187125 -0.013875 0.41187501
0.189125 -0.011875 0.409125
0.188875 -0.013125 0.40962499
0.188125 -0.011875 0.40987501
0.18762501 -0.011375 0.40962499
0.18762501 -0.012875 0.41087499
0.185875 -0.017124999 0.414875
0.185625 -0.016124999 0.41462499
0.185625 -0.014875 0.414875
0.18537501 -0.018124999 0.416125
0.18537501 -0.017124999 0.416125
0.18537501 -0.016375 0.416125
0.18512499 -0.018124999 0.416875
0.184875 -0.017124999 0.416875
0.184625 -0.018124999 0.418125
0.185875 -0.018124999 0.414875
0.18537501 -0.018874999 0.416125
0.186125 -0.018874999 0.41512501
0.186875 -0.017375 0.41387501
0.187125 -0.018124999 0.41387501
0.186875 -0.015125 0.412875
0.187125 -0.016375 0.41312501
0.18762501 -0.015125 0.411625
0.189125 -0.014875 0.411125
0.187875 -0.013875 0.411125
0.188875 -0.013875 0.41062501
0.18962499 -0.013875 0.40962499
0.18987501 -0.014875 0.40987501
0.191875 -0.015125 0.40887499
0.190625 -0.015125 0.40962499
0.190625 -0.016375 0.41087499
0.188875 -0.016375 0.41187501
0.187875 -0.017124999 0.41312501
0.187875 -0.016375 0.41262501
0.189125 -0.018124999 0.41312501
0.188875 -0.017124999 0.41262501
0.18962499 -0.017124999 0.411625
0.18987501 -0.015875001 0.411125
0.18987501 -0.018375 0.412875
0.19087499 -0.017124999 0.411625
0.187875 -0.010125 0.409125
0.188875 -0.010375 0.40837499
0.188875 -0.011375 0.40887499
0.18987501 -0.011125 0.407875
0.18987501 -0.010125 0.407875
0.18987501 -0.0091249999 0.407875
0.188875 -0.0091249999 0.40837499
0.19212499 -0.0091249999 0.40687501
0.19087499 -0.010375 0.40762499
0.19087499 -0.0091249999 0.40762499
0.19087499 -0.0081249997 0.40762499
0.18987501 -0.013125 0.40887499
0.19087499 -0.012875 0.407875
0.190625 -0.011875 0.40762499
0.18987501 -0.011875 0.40837499
0.19212499 -0.012875 0.40687501
0.191875 -0.011875 0.40687501
0.192875 -0.0081249997 0.40612501
0.194125 -0.0081249997 0.40562499
0.194125 -0.007125 0.40562499
0.191875 -0.011125 0.40687501
0.19212499 -0.010125 0.40687501
0.19087499 -0.011375 0.40762499
0.190625 -0.014125 0.40887499
0.192625 -0.016375 0.40887499
0.192625 -0.017375 0.40962499
0.191875 -0.016124999 0.40962499
0.188875 0.000375 0.40487501
0.188875 0.00062499999 0.40387499
0.18987501 0.00012500001 0.40612501
0.19087499 -0.00012500001 0.40487501
0.18987501 0.000375 0.40387499
0.18987501 0.000375 0.40487501
0.18962499 -0.00012500001 0.406625
0.19087499 0.00012500001 0.40412501
0.188875 0.00062499999 0.40287501
0.18987501 0.000375 0.40287501
0.19087499 0.00012500001 0.40287501
0.19212499 -0.000375 0.40287501
0.19212499 -0.000375 0.40387499
0.19087499 -0.001125 0.40687501
0.19212499 -0.001125 0.40612501
0.19212499 -0.000375 0.40487501
0.190625 -0.00012500001 0.40612501
0.192875 -0.0021250001 0.406625
0.192875 -0.001125 0.40412501
0.192875 -0.001125 0.40487501
0.194875 -0.0021250001 0.40412501
0.194125 -0.001625 0.40387499
0.194125 -0.001875 0.40487501
0.19212499 -0.0021250001 0.40687501
0.192875 -0.001375 0.405875
0.192875 -0.003125 0.40687501
0.192875 -0.0051250001 0.40637499
0.192875 -0.004125 0.406625
0.194125 -0.004125 0.40637499
0.193875 -0.0023749999 0.405875
0.194875 -0.0023749999 0.40487501
0.194125 -0.003125 0.40612501
0.194875 -0.003125 0.40562499
0.193875 -0.0048750001 0.405875
0.194875 -0.0058749998 0.40487501
0.194875 -0.0051250001 0.405375
0.19462501 -0.006875 0.404625
0.194125 -0.0058749998 0.40562499
0.195875 -0.0048750001 0.404625
0.196125 -0.0058749998 0.404625
0.195875 -0.003125 0.404625
0.19462501 -0.004125 0.405875
0.196125 -0.004125 0.40487501
0.166875 0.001875 0.39712501
0.168125 0.001875 0.39712501
0.16887499 0.0021250001 0.39712501
0.16912501 0.001875 0.39787501
0.169625 0.0021250001 0.39912501
0.16912501 0.001625 0.39912501
0.169375 0.002875 0.39712501
0.169875 0.003125 0.39787501
0.169875 0.0038749999 0.39687499
0.170875 0.004125 0.397625
0.173875 0.0056250002 0.39712501
0.173125 0.0056250002 0.397625
0.173125 0.0056250002 0.393125
0.173125 0.0056250002 0.39362499
0.173875 0.0053750002 0.39362499
0.173875 0.0053750002 0.395125
0.175125 0.0051250001 0.395125
0.173875 0.0053750002 0.395625
0.175125 0.0051250001 0.39587501
0.17587499 0.0048750001 0.39587501
0.175125 0.0051250001 0.39712501
0.17587499 0.0048750001 0.39712501
0.175125 0.0051250001 0.39787501
0.176625 0.0046250001 0.39712501
0.166875 0.001875 0.41887501
0.16662499 0.001875 0.42012501
0.166875 0.001875 0.416875
0.166875 0.001875 0.418125
0.166875 0.001625 0.416125
0.168125 0.001375 0.416125
0.168125 0.001375 0.416875
0.186875 -0.00012500001 0.39012501
0.18987501 -0.001125 0.39087501
0.185875 0.00012500001 0.388625
0.186875 -0.000375 0.38887501
0.184875 -0.021125 0.416125
0.18537501 -0.019874999 0.416125
0.186875 -0.019874999 0.41462499
0.185875 -0.020874999 0.414875
0.185875 -0.019874999 0.41537499
0.187875 -0.000375 0.39012501
0.189125 -0.001125 0.39012501
0.187875 -0.000375 0.39087501
0.188875 -0.00062499999 0.39087501
0.19087499 -0.001375 0.39087501
0.191875 -0.0021250001 0.39012501
0.185625 -0.00012500001 0.388125
0.187875 -0.00062499999 0.38887501
0.188875 -0.001125 0.38887501
0.18987501 -0.001625 0.38887501
0.19087499 -0.0021250001 0.38887501
0.18987501 -0.001375 0.39012501
0.19087499 -0.001625 0.39012501
0.19212499 -0.0021250001 0.39087501
0.168125 0.001625 0.42087501
0.16912501 0.001375 0.42087501
0.186875 -0.018874999 0.41437501
0.185875 -0.021875 0.414875
0.187875 -0.025125001 0.414875
0.186875 -0.024125 0.41462499
0.185875 -0.023125 0.414875
0.187125 -0.023125 0.414875
0.187125 -0.021875 0.414875
0.187125 -0.020874999 0.414875
0.188875 -0.020125 0.413625
0.187875 -0.018874999 0.41387501
0.187875 -0.019874999 0.41437501
0.188875 -0.018874999 0.413625
0.187875 -0.018124999 0.413625
0.187875 -0.024125 0.41462499
0.187875 -0.023125 0.41462499
0.187875 -0.021875 0.41462499
0.189125 -0.021875 0.41387501
0.187875 -0.020874999 0.41437501
0.189125 -0.020874999 0.41387501
0.188875 -0.024125 0.41437501
0.189125 -0.023125 0.414125
0.18987501 -0.021875 0.413625
0.18987501 -0.020874999 0.413625
0.19087499 -0.020874999 0.412875
0.18962499 -0.023125 0.41387501
0.19087499 -0.023125 0.41312501
0.19087499 -0.021875 0.412875
0.19212499 -0.018874999 0.41187501
0.19087499 -0.018124999 0.41187501
0.19212499 -0.018124999 0.41137499
0.19337501 -0.018124999 0.40987501
0.192625 -0.018124999 0.41087499
0.191875 -0.017124999 0.41087499
0.194125 -0.018874999 0.40987501
0.192875 -0.018874999 0.411125
0.18987501 -0.019874999 0.413625
0.18987501 -0.018874999 0.412875
0.190625 -0.020125 0.412875
0.19212499 -0.019874999 0.412375
0.19087499 -0.018874999 0.41262501
0.192875 -0.021875 0.41187501
0.19212499 -0.020874999 0.41262501
0.192625 -0.020874999 0.41187501
0.193875 -0.019874999 0.41087499
0.192625 -0.019874999 0.411625
0.188875 -0.025125001 0.41437501
0.18962499 -0.025125001 0.41387501
0.18962499 -0.024125 0.41387501
0.19087499 -0.024125 0.412875
0.192625 -0.025125001 0.411625
0.19087499 -0.025125001 0.41312501
0.19212499 -0.025125001 0.412375
0.19212499 -0.024125 0.412375
0.192875 -0.023125 0.41187501
0.19212499 -0.023125 0.41262501
0.19212499 -0.021875 0.41262501
0.192625 -0.024125 0.41187501
0.192875 -0.012875 0.40612501
0.194875 -0.0091249999 0.40487501
0.194875 -0.0081249997 0.40487501
0.193875 -0.0091249999 0.405875
0.192875 -0.0091249999 0.40637499
0.195875 -0.0091249999 0.40387499
0.192875 -0.011125 0.40612501
0.192875 -0.010375 0.40612501
0.194125 -0.010375 0.40562499
0.194125 -0.011375 0.40512499
0.194875 -0.011375 0.404625
0.19462501 -0.010375 0.40487501
0.195875 -0.011375 0.40387499
0.195875 -0.010125 0.40387499
0.19687501 -0.011125 0.402125
0.196375 -0.011375 0.40287501
0.19662499 -0.010375 0.40262499
0.19687501 -0.0091249999 0.40287501
0.191875 -0.014125 0.40762499
0.194125 -0.013875 0.40487501
0.192875 -0.013875 0.40612501
0.192625 -0.013875 0.40687501
0.19337501 -0.017124999 0.409125
0.194125 -0.018124999 0.409125
0.194125 -0.017124999 0.407875
0.193875 -0.016124999 0.406625
0.192875 -0.014875 0.40687501
0.192875 -0.015875001 0.407875
0.192625 -0.014875 0.407875
0.19462501 -0.016375 0.405875
0.193875 -0.015125 0.405875
0.19462501 -0.017375 0.406625
0.194875 -0.016875001 0.405875
0.19462501 -0.014875 0.40487501
0.194875 -0.014875 0.40412501
0.194875 -0.016124999 0.40487501
0.196375 -0.017124999 0.40387499
0.195875 -0.016375 0.40387499
0.195875 -0.017375 0.404625
0.19662499 -0.018124999 0.40262499
0.19662499 -0.017124999 0.40287501
0.196125 -0.016124999 0.40287501
0.194875 -0.011875 0.40412501
0.194125 -0.012875 0.40487501
0.194125 -0.011875 0.40487501
0.192875 -0.011875 0.40612501
0.196125 -0.011875 0.40287501
0.194875 -0.012875 0.40412501
0.19687501 -0.011875 0.40187499
0.195875 -0.013875 0.40262499
0.195875 -0.012875 0.40262499
0.194875 -0.014125 0.40387499
0.197375 -0.014875 0.39987499
0.19687501 -0.014875 0.40062499
0.196375 -0.014875 0.40187499
0.197625 -0.012875 0.39987499
0.197625 -0.011875 0.400875
0.198125 -0.011875 0.400125
0.197625 -0.013875 0.39987499
0.19687501 -0.014125 0.400875
0.197375 -0.012875 0.400875
0.196375 -0.013875 0.40187499
0.19662499 -0.012875 0.40187499
0.195875 -0.014875 0.40262499
0.19687501 -0.016124999 0.400875
0.19687501 -0.017375 0.400875
0.196375 -0.016375 0.40187499
0.197375 -0.018124999 0.400875
0.19687501 -0.018124999 0.402125
0.19662499 -0.017124999 0.40187499
0.19687501 -0.016124999 0.39987499
0.198125 -0.016124999 0.39712501
0.19787499 -0.016124999 0.397625
0.19787499 -0.014875 0.39787501
0.197625 -0.016375 0.39912501
0.19787499 -0.014875 0.39912501
0.197375 -0.017124999 0.39987499
0.19787499 -0.017124999 0.39712501
0.197625 -0.018124999 0.39912501
0.197625 -0.017124999 0.39912501
0.19787499 -0.018124999 0.39787501
0.197625 -0.017124999 0.397625
0.198625 -0.017124999 0.393125
0.198375 -0.017124999 0.39362499
0.198875 -0.016124999 0.393875
0.19912501 -0.015125 0.393875
0.198625 -0.016375 0.395125
0.19912501 -0.015125 0.395125
0.19787499 -0.018124999 0.395625
0.198125 -0.017124999 0.39587501
0.198125 -0.018124999 0.393125
0.198125 -0.018124999 0.393875
0.19787499 -0.018375 0.395125
0.198375 -0.017124999 0.395125
0.19787499 -0.018124999 0.39712501
0.19787499 -0.018874999 0.39587501
0.19787499 -0.018874999 0.39712501
0.19787499 -0.018874999 0.393125
0.197625 -0.018874999 0.393875
0.197625 -0.019874999 0.39362499
0.19787499 -0.019874999 0.395125
0.19787499 -0.018874999 0.395125
0.17587499 0.0048750001 0.39787501
0.176625 0.0046250001 0.397625
0.17812499 0.0038749999 0.39787501
0.17587499 0.0048750001 0.39912501
0.176625 0.0046250001 0.39912501
0.17587499 0.0048750001 0.39987499
0.173875 0.0053750002 0.393125
0.175125 0.0051250001 0.393125
0.17587499 0.0048750001 0.393125
0.175125 0.0051250001 0.393875
0.17587499 0.0048750001 0.393875
0.176625 0.0046250001 0.39362499
0.17812499 0.004375 0.39362499
0.17587499 0.0048750001 0.395125
0.176625 0.0046250001 0.395125
0.176875 0.0038749999 0.38987499
0.177875 0.0038749999 0.39087501
0.175125 0.0048750001 0.391875
0.178875 0.0038749999 0.39287499
0.176125 0.004375 0.39012501
0.17487501 0.0048750001 0.39087501
0.176125 0.0046250001 0.39087501
0.176625 0.004375 0.39087501
0.173125 0.0056250002 0.39212501
0.173875 0.0053750002 0.39212501
0.176125 0.0046250001 0.39212501
0.176625 0.004375 0.39212501
0.17812499 0.0038749999 0.39212501
0.195875 -0.024125 0.38387501
0.19562501 -0.025125001 0.38512501
0.195875 -0.024125 0.38512501
0.195875 -0.025125001 0.386125
0.195875 -0.024125 0.386125
0.195875 -0.025125001 0.386875
0.195875 -0.024125 0.386875
0.176625 0.0046250001 0.393125
0.17812499 0.004375 0.393125
0.178875 0.0038749999 0.395125
0.178875 0.0038749999 0.393875
0.17812499 0.004375 0.395125
0.176625 0.0046250001 0.395625
0.17812499 0.004375 0.395625
0.17812499 0.004125 0.39712501
0.178875 0.0038749999 0.39587501
0.180125 0.0038749999 0.39587501
0.178625 0.0038749999 0.39712501
0.180125 0.0038749999 0.39712501
0.178875 0.0038749999 0.39787501
0.180125 0.0038749999 0.39787501
0.178625 0.0036249999 0.39912501
0.196375 -0.019874999 0.38387501
0.19662499 -0.018874999 0.38387501
0.196375 -0.020874999 0.38512501
0.196375 -0.019874999 0.38512501
0.196125 -0.021875 0.386125
0.19912501 -0.015125 0.39012501
0.198875 -0.016124999 0.39087501
0.19912501 -0.014875 0.39087501
0.198625 -0.017124999 0.39212501
0.198875 -0.016124999 0.39212501
0.198375 -0.014875 0.386125
0.198625 -0.013875 0.386125
0.198125 -0.016124999 0.386875
0.198625 -0.014875 0.386875
0.198875 -0.013875 0.386875
0.198875 -0.014875 0.388125
0.19912501 -0.015125 0.38887501
0.197625 -0.016124999 0.386125
0.197625 -0.017124999 0.386875
0.197375 -0.018874999 0.388125
0.197625 -0.018124999 0.388125
0.19787499 -0.017124999 0.38787499
0.198375 -0.016375 0.388125
0.198625 -0.016375 0.38887501
0.197375 -0.014875 0.38387501
0.197375 -0.016375 0.38512501
0.19787499 -0.014875 0.38512501
0.19787499 -0.013875 0.384875
0.19687501 -0.016375 0.383625
0.197125 -0.017124999 0.38512501
0.197625 -0.017124999 0.386125
0.180125 0.0036249999 0.39912501
0.19687501 -0.017124999 0.38387501
0.19662499 -0.018124999 0.38512501
0.197125 -0.018124999 0.386125
0.19687501 -0.019125 0.38662499
0.197375 -0.018124999 0.386875
0.197125 -0.019874999 0.38887501
0.19687501 -0.021125 0.38987499
0.197375 -0.019874999 0.39012501
0.19687501 -0.021875 0.39087501
0.197125 -0.020874999 0.39087501
0.197375 -0.020874999 0.39212501
0.19687501 -0.021875 0.391875
0.197375 -0.020874999 0.393125
0.197625 -0.020874999 0.39362499
0.19662499 -0.018874999 0.38512501
0.196375 -0.020874999 0.386125
0.19662499 -0.019874999 0.386125
0.19687501 -0.018874999 0.386125
0.196375 -0.021875 0.386875
0.19662499 -0.020874999 0.386875
0.19687501 -0.019874999 0.386875
0.19687501 -0.020125 0.38787499
0.196375 -0.023125 0.388125
0.196375 -0.024125 0.38887501
0.196375 -0.023125 0.38887501
0.196375 -0.025125001 0.39012501
0.196375 -0.024125 0.39012501
0.19662499 -0.023125 0.39012501
0.19662499 -0.023125 0.39087501
0.19662499 -0.021875 0.388125
0.19687501 -0.020874999 0.388125
0.19662499 -0.021875 0.38887501
0.19687501 -0.020874999 0.38887501
0.19687501 -0.021875 0.39012501
0.197625 -0.018874999 0.38887501
0.197625 -0.018124999 0.38887501
0.198375 -0.017124999 0.38887501
0.19787499 -0.018124999 0.39012501
0.198375 -0.017124999 0.39012501
0.198875 -0.016124999 0.39012501
0.19787499 -0.018124999 0.39087501
0.198375 -0.017124999 0.39087501
0.198125 -0.018124999 0.39212501
0.197625 -0.018874999 0.39012501
0.197375 -0.019874999 0.39087501
0.197625 -0.018874999 0.39087501
0.197625 -0.019874999 0.39212501
0.197625 -0.018874999 0.39212501
0.197625 -0.019874999 0.393125
0.18062501 0.0033750001 0.39912501
0.180125 0.0033750001 0.39987499
0.180875 0.003125 0.39987499
0.18187501 0.002875 0.39987499
0.182125 0.003125 0.39912501
0.18287501 0.002625 0.39912501
0.182125 0.003125 0.39712501
0.180125 0.0038749999 0.395125
0.195875 -0.023125 0.38387501
0.196125 -0.021875 0.38387501
0.196125 -0.020874999 0.38387501
0.195875 -0.023375001 0.38512501
0.196125 -0.021875 0.38512501
0.196125 -0.023125 0.386125
0.18062501 0.0033750001 0.395625
0.18062501 0.0036249999 0.39712501
0.18062501 0.0036249999 0.397625
0.182125 0.003125 0.39787501
0.18287501 0.002625 0.397625
0.18187501 0.002875 0.39587501
0.18387499 0.001875 0.39712501
0.185875 0.00087500003 0.39787501
0.18387499 0.0021250001 0.39787501
0.180125 0.0036249999 0.39362499
0.18062501 0.0033750001 0.395125
0.18287501 0.002625 0.39712501
0.184875 0.001625 0.397625
0.18387499 0.001875 0.393125
0.18387499 0.001875 0.393875
0.18387499 0.001875 0.395125
0.185875 0.00087500003 0.39587501
0.185875 0.00087500003 0.39712501
0.184875 0.001375 0.39212501
0.18187501 0.002875 0.393125
0.18287501 0.0023749999 0.393125
0.184875 0.001375 0.393125
0.18062501 0.0033750001 0.39362499
0.19662499 -0.018124999 0.38387501
0.18187501 0.002875 0.393875
0.18287501 0.0023749999 0.39362499
0.184875 0.001375 0.39362499
0.18187501 0.002875 0.395125
0.18287501 0.0023749999 0.395125
0.184875 0.001375 0.395125
0.18287501 0.0023749999 0.395625
0.183625 0.001875 0.39587501
0.184875 0.001375 0.395625
0.184875 0.001375 0.39712501
0.173875 0.0048750001 0.388125
0.176875 0.0038749999 0.38887501
0.173875 0.0048750001 0.38887501
0.175125 0.004375 0.386875
0.175125 0.0046250001 0.388125
0.176125 0.0038749999 0.388125
0.175125 0.0046250001 0.38887501
0.176125 0.004375 0.38887501
0.173875 0.0048750001 0.39012501
0.175125 0.0046250001 0.39012501
0.173125 0.0056250002 0.39087501
0.173875 0.0051250001 0.39087501
0.176125 0.0038749999 0.38662499
0.175125 0.004375 0.386125
0.176625 0.0036249999 0.386875
0.176875 0.0038749999 0.388125
0.17587499 0.0038749999 0.386125
0.190625 -0.00012500001 0.402125
0.19212499 -0.00062499999 0.40187499
0.19212499 -0.001125 0.40062499
0.19087499 -0.000375 0.400875
0.192875 -0.001125 0.40287501
0.194125 -0.001375 0.40187499
0.192875 -0.001125 0.40187499
0.19212499 -0.001375 0.39987499
0.192875 -0.001375 0.400875
0.194125 -0.001875 0.400875
0.19212499 -0.0021250001 0.39787501
0.192875 -0.0023749999 0.397625
0.19212499 -0.001625 0.39912501
0.192625 -0.0023749999 0.39587501
0.194125 -0.002625 0.395625
0.192625 -0.0023749999 0.39712501
0.19212499 -0.001625 0.39712501
0.192875 -0.0023749999 0.395125
0.19212499 -0.001875 0.39587501
0.194125 -0.002625 0.397625
0.194875 -0.002875 0.39787501
0.195875 -0.003125 0.39787501
0.194125 -0.0023749999 0.39912501
0.194875 -0.002625 0.39912501
0.194875 -0.0023749999 0.39987499
0.192625 -0.0023749999 0.39912501
0.192875 -0.001875 0.39987499
0.193875 -0.0021250001 0.39987499
0.19462501 -0.0023749999 0.400875
0.194125 -0.002625 0.39712501
0.194875 -0.003125 0.39712501
0.194875 -0.003125 0.39587501
0.196125 -0.0033750001 0.395625
0.19687501 -0.0036249999 0.395625
0.196125 -0.003125 0.39712501
0.194875 -0.0021250001 0.402125
0.194875 -0.0021250001 0.40287501
0.194125 -0.001375 0.40287501
0.19687501 -0.003125 0.402125
0.196125 -0.002625 0.40187499
0.196125 -0.002625 0.40287501
0.196125 -0.003125 0.40387499
0.19687501 -0.004125 0.40412501
0.19662499 -0.003125 0.40262499
0.19787499 -0.004125 0.40262499
0.198125 -0.0038749999 0.40187499
0.198875 -0.004375 0.400875
0.19787499 -0.004125 0.39712501
0.19687501 -0.0036249999 0.39712501
0.19912501 -0.004375 0.39712501
0.196125 -0.003125 0.398875
0.196125 -0.003125 0.39987499
0.19687501 -0.0033750001 0.39987499
0.196125 -0.002625 0.400875
0.19662499 -0.003125 0.400875
0.19787499 -0.004125 0.39912501
0.19687501 -0.0033750001 0.39912501
0.19787499 -0.004125 0.39987499
0.19912501 -0.004375 0.39987499
0.19787499 -0.0038749999 0.400875
0.19787499 -0.004125 0.39787501
0.19687501 -0.0036249999 0.397625
0.187875 -0.001125 0.383625
0.19912501 -0.004375 0.397625
0.19912501 -0.004375 0.39912501
0.185875 -0.000375 0.38387501
0.186875 -0.00062499999 0.38387501
0.189125 -0.001125 0.38387501
0.199875 -0.0048750001 0.39712501
0.199875 -0.0051250001 0.39912501
0.18987501 -0.001625 0.38387501
0.199875 -0.0048750001 0.39787501
0.194875 -0.003125 0.393125
0.194875 -0.003125 0.393875
0.194125 -0.002625 0.39212501
0.194125 -0.002625 0.393125
0.196125 -0.0033750001 0.393125
0.194125 -0.002625 0.39362499
0.192875 -0.0021250001 0.393125
0.192875 -0.0023749999 0.39362499
0.194125 -0.002625 0.395125
0.194875 -0.003125 0.39212501
0.194125 -0.002625 0.39087501
0.19462501 -0.003125 0.39087501
0.196125 -0.0036249999 0.39212501
0.194875 -0.003125 0.395125
0.19687501 -0.004125 0.393125
0.196125 -0.0033750001 0.39362499
0.19687501 -0.0038749999 0.393875
0.196125 -0.0033750001 0.395125
0.19687501 -0.0036249999 0.395125
0.194875 -0.003125 0.39012501
0.196125 -0.0036249999 0.39087501
0.194875 -0.0033750001 0.388125
0.194875 -0.0033750001 0.38887501
0.196125 -0.0036249999 0.39012501
0.19787499 -0.004375 0.39212501
0.19787499 -0.004125 0.393125
0.19687501 -0.004125 0.388125
0.19687501 -0.004125 0.38887501
0.196125 -0.0038749999 0.388125
0.196125 -0.0036249999 0.38887501
0.19687501 -0.004125 0.39012501
0.19687501 -0.004125 0.39087501
0.19687501 -0.004125 0.39212501
0.19787499 -0.004375 0.38887501
0.19787499 -0.004375 0.39012501
0.19787499 -0.004375 0.39087501
0.168125 0.001625 0.41887501
0.168125 0.001625 0.42012501
0.16662499 0.001875 0.42087501
0.16912501 0.001375 0.41887501
0.16912501 0.001125 0.416125
0.19912501 -0.0046250001 0.388125
0.19912501 -0.0046250001 0.38887501
0.19912501 -0.0046250001 0.39012501
0.19787499 -0.004125 0.39587501
0.19912501 -0.004375 0.395125
0.16912501 0.001125 0.416875
0.168125 0.001375 0.418125
0.16912501 0.001125 0.418125
0.169875 0.00087500003 0.41887501
0.19912501 -0.004375 0.395625
0.19787499 -0.004125 0.395125
0.19912501 -0.004375 0.393125
0.197625 -0.004125 0.393875
0.19912501 -0.004375 0.39362499
0.19912501 -0.0046250001 0.39087501
0.199625 -0.0051250001 0.39087501
0.19912501 -0.0046250001 0.39212501
0.199875 -0.0051250001 0.39212501
0.199875 -0.0051250001 0.393125
0.199875 -0.0048750001 0.39587501
0.199875 -0.0051250001 0.393875
0.199875 -0.0048750001 0.395125
0.200875 -0.006875 0.39212501
0.200625 -0.0058749998 0.393125
0.200625 -0.0058749998 0.39362499
0.200625 -0.0058749998 0.395125
0.199625 -0.0051250001 0.386875
0.199625 -0.0051250001 0.388125
0.199625 -0.0051250001 0.38887501
0.199625 -0.0051250001 0.39012501
0.200875 -0.010125 0.39012501
0.200875 -0.0091249999 0.39012501
0.200875 -0.0081249997 0.39012501
0.200875 -0.0081249997 0.39087501
0.200625 -0.0058749998 0.39012501
0.200625 -0.0058749998 0.39087501
0.200625 -0.0058749998 0.39212501
0.200875 -0.006875 0.38887501
0.200625 -0.0058749998 0.38887501
0.200875 -0.006875 0.39012501
0.200875 -0.006875 0.39087501
0.196125 -0.0083750002 0.40412501
0.196125 -0.007125 0.40412501
0.19787499 -0.0051250001 0.40287501
0.19662499 -0.0058749998 0.40387499
0.19687501 -0.0051250001 0.40412501
0.19687501 -0.0081249997 0.40287501
0.19687501 -0.007125 0.40312499
0.197625 -0.0058749998 0.40262499
0.19787499 -0.0083750002 0.402125
0.198125 -0.007125 0.402125
0.198625 -0.0091249999 0.400875
0.197375 -0.010375 0.40187499
0.197625 -0.0091249999 0.40187499
0.198875 -0.010125 0.39987499
0.19787499 -0.011125 0.400875
0.19787499 -0.010375 0.400875
0.198625 -0.011375 0.39987499
0.19912501 -0.0091249999 0.400125
0.199375 -0.010375 0.39912501
0.199875 -0.0091249999 0.39912501
0.198875 -0.0048750001 0.40187499
0.199875 -0.0048750001 0.39987499
0.199375 -0.0051250001 0.400875
0.199875 -0.007125 0.39987499
0.198875 -0.0081249997 0.400875
0.19912501 -0.007125 0.400875
0.198875 -0.0058749998 0.40187499
0.199375 -0.0058749998 0.400875
0.199875 -0.0081249997 0.39987499
0.199875 -0.0058749998 0.39987499
0.200625 -0.0058749998 0.397625
0.200625 -0.007125 0.39912501
0.200625 -0.0058749998 0.39912501
0.20037501 -0.0081249997 0.39912501
0.199625 -0.011375 0.397625
0.198875 -0.011875 0.398875
0.19912501 -0.011375 0.39912501
0.199875 -0.010125 0.39787501
0.199875 -0.011125 0.39687499
0.20037501 -0.010375 0.39712501
0.200625 -0.0091249999 0.39712501
0.20037501 -0.011375 0.395125
0.200625 -0.010375 0.395125
0.20012499 -0.011125 0.39587501
0.200625 -0.010375 0.395625
0.200875 -0.0091249999 0.39587501
0.200625 -0.011375 0.39012501
0.200625 -0.011375 0.39087501
0.199875 -0.012875 0.393875
0.20012499 -0.011875 0.393875
0.200625 -0.011375 0.39362499
0.199625 -0.012875 0.395125
0.199875 -0.012125 0.395125
0.199875 -0.011875 0.39587501
0.199875 -0.013125 0.39212501
0.199875 -0.012875 0.393125
0.20037501 -0.011875 0.393125
0.200625 -0.011375 0.393125
0.20037501 -0.011875 0.39012501
0.199875 -0.013125 0.39087501
0.20037501 -0.011875 0.39087501
0.20037501 -0.011875 0.39212501
0.200625 -0.011375 0.39212501
0.200875 -0.007125 0.39587501
0.200875 -0.0058749998 0.39712501
0.200875 -0.0081249997 0.39712501
0.200875 -0.006875 0.39787501
0.201125 -0.0081249997 0.395125
0.200875 -0.0081249997 0.39587501
0.200875 -0.006875 0.39712501
0.200875 -0.006875 0.393125
0.201125 -0.0081249997 0.393875
0.200875 -0.006875 0.393875
0.200875 -0.006875 0.395125
0.200875 -0.0058749998 0.39587501
0.200875 -0.010125 0.393875
0.201125 -0.0091249999 0.393875
0.200875 -0.0091249999 0.395125
0.20037501 -0.0091249999 0.397625
0.200625 -0.0081249997 0.397625
0.200875 -0.0091249999 0.39087501
0.200875 -0.0091249999 0.39212501
0.200875 -0.0081249997 0.39212501
0.201125 -0.0081249997 0.393125
0.200875 -0.010125 0.39087501
0.200875 -0.010125 0.39212501
0.200875 -0.010125 0.393125
0.200875 -0.0091249999 0.393125
0.198625 -0.014875 0.39712501
0.198875 -0.013875 0.39687499
0.199375 -0.012875 0.39712501
0.199625 -0.011875 0.39712501
0.198875 -0.012875 0.397625
0.19912501 -0.011875 0.39787501
0.198625 -0.013875 0.397625
0.19787499 -0.014125 0.39912501
0.198375 -0.012875 0.39912501
0.199375 -0.013875 0.395125
0.198625 -0.016375 0.395625
0.198875 -0.014875 0.39587501
0.19912501 -0.013875 0.39587501
0.199625 -0.012875 0.395625
0.199375 -0.014875 0.39212501
0.199625 -0.013875 0.39212501
0.198875 -0.016124999 0.393125
0.19912501 -0.014875 0.393125
0.199625 -0.013875 0.393125
0.199625 -0.013875 0.39362499
0.176125 0.0036249999 0.38512501
0.176625 0.0033750001 0.38512501
0.176625 0.0033750001 0.386125
0.17812499 0.003125 0.38587499
0.177875 0.002875 0.38512501
0.19687501 -0.004125 0.386125
0.196125 -0.0038749999 0.386875
0.19662499 -0.004125 0.386875
0.19787499 -0.004375 0.388125
0.19787499 -0.0046250001 0.38512501
0.19787499 -0.004375 0.386125
0.19787499 -0.004375 0.386875
0.178625 0.002625 0.386125
0.19687501 -0.004375 0.38387501
0.19787499 -0.0046250001 0.38387501
0.19687501 -0.004375 0.38512501
0.19912501 -0.0048750001 0.38512501
0.19912501 -0.0048750001 0.386125
0.199625 -0.0051250001 0.386125
0.19912501 -0.0046250001 0.386875
0.19912501 -0.0048750001 0.38387501
0.199875 -0.0053750002 0.38387501
0.199875 -0.0051250001 0.38512501
0.179875 0.002875 0.39012501
0.180125 0.002625 0.38887501
0.18062501 0.0023749999 0.38887501
0.17812499 0.0036249999 0.39012501
0.178625 0.0033750001 0.39012501
0.18062501 0.002625 0.39012501
0.178625 0.0036249999 0.39087501
0.180125 0.003125 0.39087501
0.178875 0.0038749999 0.39212501
0.180125 0.0033750001 0.39212501
0.178875 0.003125 0.38887501
0.17812499 0.0033750001 0.38887501
0.17812499 0.003125 0.388125
0.17812499 0.003125 0.386875
0.178625 0.002625 0.386875
0.178625 0.002625 0.388125
0.200875 -0.006875 0.38387501
0.199625 -0.011375 0.38512501
0.199375 -0.011875 0.386125
0.199875 -0.011125 0.386125
0.20037501 -0.010375 0.386125
0.200875 -0.010125 0.386875
0.199875 -0.010125 0.384875
0.180875 0.0021250001 0.386875
0.180125 0.0023749999 0.388125
0.180875 0.0021250001 0.388125
0.180125 0.0023749999 0.386125
0.180125 0.0023749999 0.386875
0.17812499 0.002875 0.38387501
0.178625 0.0023749999 0.38387501
0.178625 0.002625 0.38512501
0.19212499 -0.0021250001 0.393875
0.192625 -0.0023749999 0.39212501
0.19212499 -0.0021250001 0.393125
0.19087499 -0.001375 0.39362499
0.192875 -0.0023749999 0.39012501
0.19787499 -0.013125 0.383625
0.198625 -0.011875 0.38387501
0.19912501 -0.011375 0.383625
0.198625 -0.012875 0.38512501
0.19912501 -0.012125 0.384875
0.194125 -0.003125 0.39012501
0.192875 -0.0023749999 0.39087501
0.19787499 -0.013875 0.38387501
0.199875 -0.0091249999 0.38387501
0.20037501 -0.0091249999 0.38512501
0.200875 -0.0081249997 0.38512501
0.200875 -0.0058749998 0.386875
0.200875 -0.0058749998 0.388125
0.200875 -0.007125 0.388125
0.200875 -0.0058749998 0.38512501
0.200875 -0.0061249998 0.386125
0.200625 -0.0058749998 0.38387501
0.200875 -0.0081249997 0.38587499
0.201125 -0.006875 0.386125
0.201125 -0.007125 0.384875
0.201125 -0.0081249997 0.386875
0.201125 -0.006875 0.386875
0.201125 -0.0081249997 0.388125
0.201125 -0.0091249999 0.388125
0.200875 -0.010125 0.38887501
0.200875 -0.0091249999 0.38887501
0.201125 -0.0081249997 0.38887501
0.201125 -0.0091249999 0.38662499
0.199625 -0.010375 0.38387501
0.200875 -0.0091249999 0.386125
0.188875 -0.001125 0.386125
0.20037501 -0.0081249997 0.38387501
0.18987501 -0.001375 0.386125
0.19087499 -0.001625 0.386125
0.186875 -0.000375 0.386875
0.187875 -0.00087500003 0.386875
0.183625 -0.018874999 0.42087501
0.183625 -0.018124999 0.42087501
0.183625 -0.017124999 0.42087501
0.183625 -0.016375 0.42087501
0.18387499 -0.014875 0.42087501
0.184375 -0.018874999 0.41887501
0.188875 -0.001125 0.386875
0.18987501 -0.001375 0.386875
0.19087499 -0.001875 0.386875
0.19912501 -0.013125 0.38587499
0.199375 -0.012875 0.386875
0.19912501 -0.014125 0.388125
0.199625 -0.012875 0.388125
0.199375 -0.013875 0.38887501
0.199875 -0.012875 0.38887501
0.20012499 -0.011875 0.38887501
0.200875 -0.010125 0.388125
0.200625 -0.011375 0.38887501
0.199875 -0.011875 0.386875
0.20037501 -0.011375 0.386875
0.199875 -0.011875 0.388125
0.200625 -0.011375 0.388125
0.199625 -0.013875 0.39012501
0.199875 -0.012875 0.39012501
0.199625 -0.013875 0.39087501
0.186875 -0.000375 0.388125
0.187875 -0.001125 0.388125
0.189125 -0.001125 0.388125
0.18987501 -0.001625 0.388125
0.196125 -0.004125 0.38512501
0.19087499 -0.0021250001 0.388125
0.191875 -0.0023749999 0.386875
0.194125 -0.023125 0.411125
0.19462501 -0.019874999 0.40987501
0.193875 -0.021125 0.41087499
0.194125 -0.021875 0.411125
0.194875 -0.020874999 0.409125
0.19462501 -0.020874999 0.40987501
0.194875 -0.024125 0.409125
0.194875 -0.023125 0.409125
0.194875 -0.021875 0.409125
0.19462501 -0.023125 0.40987501
0.19462501 -0.021875 0.40987501
0.19462501 -0.024125 0.40987501
0.19562501 -0.023125 0.407875
0.19562501 -0.021875 0.407875
0.193875 -0.025125001 0.41087499
0.193875 -0.024125 0.41087499
0.19212499 -0.0021250001 0.388125
0.192875 -0.0023749999 0.388125
0.19212499 -0.0023749999 0.38887501
0.192875 -0.002625 0.38887501
0.193875 -0.003125 0.386875
0.194875 -0.025125001 0.409125
0.19462501 -0.025125001 0.40987501
0.19662499 -0.025125001 0.40387499
0.196375 -0.024125 0.40487501
0.19662499 -0.023125 0.40487501
0.196125 -0.023125 0.40612501
0.196375 -0.025125001 0.40487501
0.195875 -0.025125001 0.405875
0.195875 -0.024125 0.40612501
0.195375 -0.025125001 0.407875
0.194125 -0.003125 0.388125
0.19562501 -0.025125001 0.40687501
0.195875 -0.024125 0.40687501
0.195875 -0.023125 0.406625
0.19562501 -0.024125 0.407875
0.191875 -0.0023749999 0.386125
0.192875 -0.002625 0.386875
0.194875 -0.0036249999 0.386875
0.194125 -0.003125 0.38887501
0.192875 -0.003125 0.38387501
0.192875 -0.003125 0.38512501
0.19212499 -0.0023749999 0.38387501
0.19087499 -0.001625 0.38512501
0.191875 -0.0023749999 0.38512501
0.192875 -0.002625 0.386125
0.193875 -0.003125 0.386125
0.194875 -0.018375 0.407875
0.196375 -0.018124999 0.40487501
0.195875 -0.018874999 0.40612501
0.195875 -0.018375 0.405875
0.195375 -0.018124999 0.40687501
0.195375 -0.018874999 0.407875
0.194875 -0.018874999 0.409125
0.19562501 -0.018874999 0.40687501
0.19562501 -0.019874999 0.407875
0.194875 -0.019874999 0.409125
0.19562501 -0.020874999 0.407875
0.197375 -0.018874999 0.40287501
0.19687501 -0.019874999 0.40412501
0.19687501 -0.018874999 0.40387499
0.19662499 -0.018124999 0.40387499
0.19662499 -0.018874999 0.40487501
0.197375 -0.018124999 0.39987499
0.195875 -0.021875 0.40687501
0.195875 -0.020874999 0.406625
0.195875 -0.019874999 0.406625
0.19662499 -0.020874999 0.40487501
0.19662499 -0.019874999 0.40487501
0.19687501 -0.020874999 0.40412501
0.197375 -0.019874999 0.40287501
0.19662499 -0.021875 0.40487501
0.196375 -0.021875 0.405875
0.196375 -0.020874999 0.405875
0.196375 -0.019874999 0.405875
0.19687501 -0.024125 0.40412501
0.19687501 -0.023125 0.40387499
0.19687501 -0.021875 0.40387499
0.197625 -0.019125 0.39912501
0.19787499 -0.018874999 0.39987499
0.197625 -0.018874999 0.400875
0.197625 -0.018874999 0.40187499
0.197625 -0.020125 0.39587501
0.19787499 -0.019874999 0.39712501
0.198125 -0.019874999 0.39787501
0.197625 -0.019125 0.39787501
0.198125 -0.019874999 0.39912501
0.198125 -0.020874999 0.39587501
0.198125 -0.020874999 0.39712501
0.198375 -0.020874999 0.397625
0.197625 -0.025125001 0.39787501
0.19787499 -0.025125001 0.39912501
0.19787499 -0.024125 0.39912501
0.198125 -0.023125 0.39912501
0.19787499 -0.019874999 0.39987499
0.19787499 -0.019874999 0.400875
0.197625 -0.019874999 0.40187499
0.198125 -0.020874999 0.39987499
0.197625 -0.020874999 0.40062499
0.197625 -0.025125001 0.39987499
0.19787499 -0.024125 0.39987499
0.197625 -0.023125 0.39987499
0.19787499 -0.021875 0.39987499
0.197625 -0.023125 0.400875
0.19787499 -0.021875 0.400875
0.197625 -0.020874999 0.40187499
0.198375 -0.021875 0.39712501
0.198375 -0.021875 0.397625
0.198375 -0.021875 0.39912501
0.198375 -0.020874999 0.39912501
0.197625 -0.021875 0.395125
0.197625 -0.020874999 0.395125
0.198375 -0.021875 0.395625
0.197375 -0.023125 0.393125
0.197375 -0.021875 0.393125
0.197625 -0.023125 0.39362499
0.197625 -0.021875 0.39362499
0.19787499 -0.024125 0.395125
0.197625 -0.023125 0.395125
0.19787499 -0.024125 0.395625
0.198125 -0.023125 0.39587501
0.198375 -0.023125 0.39712501
0.198125 -0.024125 0.39787501
0.198375 -0.023125 0.397625
0.19787499 -0.025374999 0.39712501
0.198125 -0.024125 0.39712501
0.197125 -0.023125 0.40287501
0.197375 -0.021875 0.40287501
0.197375 -0.020874999 0.40287501
0.197375 -0.025125001 0.400875
0.197375 -0.024125 0.400875
0.197125 -0.025125001 0.402125
0.197375 -0.024125 0.40187499
0.197375 -0.023125 0.40187499
0.197625 -0.021875 0.40187499
0.19687501 -0.025125001 0.40262499
0.19687501 -0.024374999 0.40287501
0.196125 -0.023125 0.386875
0.195875 -0.025125001 0.388125
0.196125 -0.024125 0.388125
0.196125 -0.025125001 0.38887501
0.16912501 0.001375 0.42012501
0.169625 0.00087500003 0.42012501
0.169625 0.00087500003 0.42087501
0.166875 0.001625 0.41312501
0.166875 0.001625 0.41387501
0.166875 0.001625 0.41187501
0.168125 0.001375 0.41387501
0.19562501 -0.025125001 0.38387501
0.166875 0.001625 0.414875
0.168125 0.001375 0.414875
0.166875 0.001625 0.411125
0.168125 0.001375 0.41187501
0.168125 0.001375 0.41312501
0.16912501 0.001125 0.41312501
0.16912501 0.001125 0.41387501
0.16912501 0.001125 0.41462499
0.18987501 -0.001125 0.393125
0.19087499 -0.001375 0.393125
0.18987501 -0.001125 0.393875
0.196375 -0.025125001 0.39087501
0.19662499 -0.024125 0.39087501
0.19687501 -0.024125 0.39212501
0.19687501 -0.023125 0.39212501
0.197125 -0.024125 0.393125
0.19687501 -0.025125001 0.39212501
0.19687501 -0.025125001 0.39287499
0.197375 -0.025125001 0.39362499
0.197625 -0.024125 0.39362499
0.168125 0.001375 0.40387499
0.168125 0.001375 0.40487501
0.19787499 -0.025125001 0.395125
0.19787499 -0.025125001 0.39587501
0.166875 0.001625 0.405875
0.168125 0.001375 0.405875
0.166875 0.001625 0.40687501
0.166875 0.001625 0.407875
0.166875 0.001625 0.409125
0.166875 0.001875 0.40987501
0.166875 0.001625 0.40187499
0.166875 0.001625 0.40287501
0.168125 0.001375 0.40287501
0.166875 0.001625 0.40387499
0.166875 0.001625 0.40487501
0.19087499 -0.0021250001 0.383625
0.180875 0.001875 0.38512501
0.180125 0.0023749999 0.38512501
0.180875 0.0021250001 0.386125
0.180875 0.001875 0.38387501
0.180125 0.0021250001 0.38387501
0.18287501 0.00087500003 0.38387501
0.18287501 0.00087500003 0.38512501
0.182125 0.001625 0.38387501
0.182125 0.001625 0.386875
0.182125 0.001625 0.388125
0.18287501 0.0021250001 0.39087501
0.180875 0.003125 0.391875
0.18187501 0.001875 0.38887501
0.182125 0.0021250001 0.39012501
0.18287501 0.001875 0.39012501
0.180875 0.002875 0.39087501
0.182125 0.0023749999 0.39087501
0.18387499 0.001625 0.39087501
0.182125 0.002625 0.39212501
0.18287501 0.0023749999 0.39212501
0.183625 0.001875 0.39212501
0.180125 0.0036249999 0.393125
0.18062501 0.0033750001 0.393125
0.18387499 0.001125 0.38887501
0.184875 0.00087500003 0.39012501
0.18387499 0.00062499999 0.388125
0.18287501 0.001375 0.38887501
0.184875 0.00062499999 0.38887501
0.18387499 0.001375 0.39012501
0.18987501 0.000375 0.40187499
0.18987501 0.00012500001 0.40062499
0.18962499 -0.00012500001 0.39987499
0.18987501 -0.00062499999 0.39912501
0.19087499 -0.001125 0.399625
0.19087499 -0.001375 0.397625
0.190625 -0.001125 0.39912501
0.18987501 -0.001125 0.39712501
0.190125 -0.001125 0.397625
0.18987501 -0.001125 0.395125
0.18987501 -0.001125 0.39587501
0.19087499 -0.001375 0.39712501
0.19087499 -0.001375 0.395625
0.19087499 -0.001375 0.395125
0.19212499 -0.0021250001 0.395125
0.18987501 -0.001125 0.39212501
0.188875 -0.00062499999 0.39212501
0.19087499 -0.001375 0.39212501
0.183625 -0.020874999 0.42012501
0.183375 -0.020874999 0.42087501
0.183375 -0.019874999 0.42087501
0.18412501 -0.019874999 0.41887501
0.18387499 -0.019874999 0.419875
0.183625 -0.023125 0.42012501
0.183625 -0.021875 0.42012501
0.18287501 -0.024125 0.42087501
0.183125 -0.023125 0.42087501
0.183375 -0.021875 0.42087501
0.18387499 -0.024125 0.418125
0.183625 -0.024125 0.41887501
0.183625 -0.023125 0.41887501
0.18387499 -0.021875 0.418625
0.183375 -0.024125 0.42012501
0.18287501 -0.025125001 0.42087501
0.18512499 0.001125 0.39087501
0.18287501 0.00087500003 0.386125
0.18287501 0.001125 0.386875
0.18387499 0.00062499999 0.386875
0.18287501 0.001125 0.388125
0.182125 0.001375 0.38512501
0.182125 0.001625 0.386125
0.184875 -0.00012500001 0.38512501
0.18387499 0.000375 0.38512501
0.18387499 0.000375 0.386125
0.18512499 0.00012500001 0.386125
0.184875 -0.00012500001 0.38387501
0.18387499 0.000375 0.38387501
0.18287501 0.002625 0.39987499
0.18387499 0.002625 0.39987499
0.184875 0.0021250001 0.399625
0.18387499 0.0023749999 0.39912501
0.184875 0.001875 0.39912501
0.185875 0.00087500003 0.393125
0.187125 0.00012500001 0.393875
0.185875 0.00087500003 0.393875
0.187125 0.00012500001 0.395125
0.185875 0.00087500003 0.395125
0.187125 0.00012500001 0.39587501
0.185875 0.00087500003 0.39212501
0.186875 0.000375 0.39212501
0.187125 0.00012500001 0.393125
0.187125 0.001125 0.39987499
0.18762501 0.00087500003 0.400875
0.185875 0.001125 0.39912501
0.186875 0.00062499999 0.39912501
0.185875 0.001625 0.39987499
0.186875 0.001375 0.400875
0.188875 -0.00012500001 0.39912501
0.187875 0.000375 0.39912501
0.187875 0.00062499999 0.39987499
0.189125 0.00012500001 0.39987499
0.188875 0.000375 0.400875
0.187875 -0.00012500001 0.39712501
0.187875 -0.00012500001 0.39587501
0.186875 0.000375 0.39712501
0.186875 0.000375 0.397625
0.187875 0.00012500001 0.39787501
0.188875 -0.000375 0.397625
0.187875 -0.000375 0.395125
0.188875 -0.00062499999 0.395125
0.188875 -0.00062499999 0.395625
0.188875 -0.000375 0.39712501
0.18762501 -0.00012500001 0.39212501
0.187875 -0.000375 0.393125
0.187875 -0.000375 0.39362499
0.188875 -0.00062499999 0.39362499
0.185625 0.00087500003 0.39087501
0.184875 0.000375 0.388125
0.185875 0.000375 0.39012501
0.187125 0.00012500001 0.39087501
0.183625 -0.025125001 0.418125
0.183375 -0.025125001 0.41887501
0.184625 -0.020874999 0.416875
0.184875 -0.019874999 0.41662499
0.185875 -0.000375 0.38512501
0.186875 -0.00062499999 0.38512501
0.187875 -0.00087500003 0.38512501
0.188875 -0.001125 0.38512501
0.18987501 -0.001375 0.38512501
0.185875 -0.00012500001 0.386125
0.186875 -0.000375 0.386125
0.187875 -0.00087500003 0.386125
0.18512499 0.00012500001 0.386875
0.185625 -0.00012500001 0.386875
0.176625 -0.002625 0.42087501
0.176125 -0.0021250001 0.42087501
0.176125 -0.0021250001 0.42012501
0.176875 -0.0021250001 0.418625
0.176625 -0.0023749999 0.42012501
0.19212499 -0.001875 0.39212501
0.188875 -0.00062499999 0.393125
0.17812499 -0.003125 0.42012501
0.178625 -0.0036249999 0.42087501
0.17112499 0.000375 0.42012501
0.17112499 0.000375 0.42087501
0.171875 0.00012500001 0.418125
0.17112499 0.00062499999 0.41887501
0.171875 0.00012500001 0.41887501
0.184375 -0.020874999 0.418125
0.184375 -0.019874999 0.418125
0.184625 -0.018874999 0.418125
0.18387499 -0.021125 0.41887501
0.184875 -0.018874999 0.416875
0.184375 -0.023125 0.416875
0.184625 -0.021875 0.416875
0.183625 -0.023125 0.41787499
0.18412501 -0.021875 0.418125
0.18387499 -0.025125001 0.416875
0.184875 -0.025125001 0.41587499
0.184875 -0.024125 0.41587499
0.184875 -0.023125 0.41587499
0.184875 -0.021875 0.41587499
0.18387499 -0.024125 0.416875
0.186875 -0.025125001 0.414875
0.185875 -0.025125001 0.41512501
0.185875 -0.024125 0.41512501
0.183125 -0.025125001 0.42012501
0.171875 -0.00012500001 0.420625
0.173125 -0.00062499999 0.42087501
0.171875 0.00012500001 0.42012501
0.173125 -0.000375 0.42012501
0.173875 -0.001375 0.42087501
0.173125 -0.000375 0.41887501
0.173875 -0.00087500003 0.42012501
0.172875 -0.00012500001 0.418125
0.173875 -0.00062499999 0.41887501
0.173875 -0.000375 0.418125
0.175125 -0.001375 0.42087501
0.175125 -0.001125 0.41887501
0.17487501 -0.001125 0.42012501
0.176125 -0.001625 0.41887501
0.16912501 0.001125 0.409125
0.168125 0.001375 0.40987501
0.16912501 0.001125 0.40987501
0.168125 0.001375 0.411125
0.16912501 0.001125 0.411125
0.16912501 0.001125 0.41187501
0.169625 0.00087500003 0.409125
0.169625 0.00087500003 0.40987501
0.17112499 0.00062499999 0.40987501
0.171875 0.00012500001 0.40987501
0.169625 0.00087500003 0.411125
0.17112499 0.00062499999 0.411125
0.169625 0.00087500003 0.41187501
0.17112499 0.00062499999 0.41187501
0.169625 0.00087500003 0.412875
0.171875 0.00012500001 0.411125
0.171875 0.00012500001 0.41187501
0.17112499 0.00062499999 0.41312501
0.171875 0.00012500001 0.41312501
0.171875 0.00012500001 0.41387501
0.177875 -0.003125 0.420625
0.16662499 0.001875 0.39912501
0.166875 0.001875 0.39987499
0.178625 -0.0033750001 0.42012501
0.166875 0.001875 0.400875
0.168125 0.001625 0.400875
0.168125 0.001375 0.40187499
0.16662499 0.001875 0.39787501
0.168125 0.001625 0.397625
0.168125 0.001625 0.39912501
0.168125 0.001625 0.39987499
0.169875 0.001125 0.40287501
0.16912501 0.001625 0.39987499
0.16912501 0.001375 0.400875
0.16912501 0.001375 0.40187499
0.169875 0.001375 0.400875
0.17112499 0.001875 0.40062499
0.17112499 0.001375 0.40187499
0.170625 0.002875 0.39912501
0.17112499 0.0036249999 0.398875
0.17112499 0.002875 0.399625
0.169875 0.001875 0.399625
0.171625 0.0048750001 0.397625
0.171875 0.0048750001 0.398875
0.173125 0.0053750002 0.39912501
0.172875 0.0048750001 0.39987499
0.172875 0.0038749999 0.400875
0.172875 0.003125 0.402125
0.171875 0.0036249999 0.39987499
0.171875 0.003125 0.400875
0.173875 0.0053750002 0.39987499
0.173875 0.0053750002 0.397625
0.173875 0.0053750002 0.39912501
0.173875 0.0046250001 0.40062499
0.175125 0.0048750001 0.40187499
0.16912501 0.001125 0.40287501
0.16912501 0.001125 0.40412501
0.16912501 0.001125 0.40487501
0.16912501 0.001125 0.40612501
0.168125 0.001375 0.40687501
0.16912501 0.001125 0.40687501
0.168125 0.001375 0.407875
0.16912501 0.001125 0.407875
0.168125 0.001375 0.409125
0.169875 0.00087500003 0.40412501
0.169625 0.00087500003 0.40487501
0.17112499 0.00062499999 0.40487501
0.169625 0.00087500003 0.40612501
0.169625 0.00087500003 0.406625
0.169875 0.001125 0.402125
0.17112499 0.00087500003 0.40412501
0.17112499 0.00062499999 0.405875
0.17112499 0.00062499999 0.40687501
0.169625 0.00087500003 0.407875
0.17112499 0.00062499999 0.407875
0.171875 0.000375 0.407875
0.17112499 0.00062499999 0.409125
0.171875 0.00012500001 0.409125
0.171875 0.000375 0.405875
0.171875 0.000375 0.40687501
0.171875 0.00062499999 0.40487501
0.173125 0.000375 0.405875
0.171875 0.00087500003 0.40387499
0.173125 0.00062499999 0.40487501
0.173125 0.001125 0.40412501
0.170875 0.001125 0.40287501
0.171875 0.0021250001 0.402125
0.171875 0.001375 0.40287501
0.172875 0.0021250001 0.40287501
0.17362501 0.0038749999 0.402125
0.17487501 0.0038749999 0.40287501
0.176125 0.0036249999 0.40387499
0.173875 0.00087500003 0.404625
0.173875 0.0021250001 0.40412501
0.175125 0.001125 0.40512499
0.175125 0.0021250001 0.404625
0.17487501 0.003125 0.40412501
0.175625 0.0021250001 0.40512499
0.176125 0.002875 0.40487501
0.176625 0.002875 0.405375
0.173875 0.003125 0.40287501
0.175125 0.0051250001 0.39912501
0.175125 0.0051250001 0.39987499
0.175125 0.0048750001 0.400875
0.176125 0.0046250001 0.40287501
0.176625 0.0036249999 0.40487501
0.176875 0.0038749999 0.40412501
0.17812499 0.0036249999 0.40487501
0.17812499 0.0038749999 0.40412501
0.178875 0.0036249999 0.40387499
0.180125 0.0036249999 0.40387499
0.178875 0.0038749999 0.40487501
0.176125 0.0048750001 0.400875
0.176125 0.0046250001 0.40187499
0.17812499 0.004375 0.40287501
0.176625 0.0046250001 0.40187499
0.17812499 0.004375 0.40187499
0.176625 0.0046250001 0.40287501
0.17812499 0.0038749999 0.39912501
0.176625 0.004375 0.39987499
0.17812499 0.0038749999 0.39987499
0.194125 -0.0033750001 0.38387501
0.194875 -0.0036249999 0.38387501
0.176625 0.0046250001 0.400875
0.17812499 0.004125 0.400875
0.194125 -0.003125 0.38512501
0.178875 0.0038749999 0.40287501
0.178875 0.0036249999 0.402125
0.194875 -0.0036249999 0.38512501
0.178625 0.0036249999 0.39987499
0.178625 0.0038749999 0.400875
0.180125 0.0036249999 0.40187499
0.180125 0.0036249999 0.40287501
0.17112499 0.000375 0.414875
0.171875 0.00012500001 0.414875
0.17112499 0.000375 0.416125
0.171875 0.00012500001 0.416125
0.169875 0.00087500003 0.416125
0.169625 0.00087500003 0.416875
0.17112499 0.00062499999 0.416875
0.171875 0.00012500001 0.416875
0.169625 0.00087500003 0.418125
0.17112499 0.00062499999 0.418125
0.169625 0.00087500003 0.41387501
0.17112499 0.00062499999 0.41387501
0.169875 0.00087500003 0.414875
0.172875 -0.00012500001 0.41387501
0.172875 -0.00012500001 0.41462499
0.172875 -0.00012500001 0.416125
0.172875 -0.00012500001 0.41187501
0.172875 -0.00012500001 0.412875
0.172875 -0.00012500001 0.40987501
0.172875 -0.00012500001 0.411125
0.173875 -0.000375 0.411125
0.175125 -0.00062499999 0.411125
0.173875 -0.000375 0.41187501
0.173875 -0.000375 0.41312501
0.175125 -0.00087500003 0.41187501
0.175125 -0.001125 0.412875
0.176125 -0.001125 0.41312501
0.176125 -0.001375 0.41387501
0.173875 -0.000375 0.414875
0.173875 -0.000375 0.416125
0.172875 -0.00012500001 0.416875
0.173875 -0.000375 0.416875
0.175125 -0.00062499999 0.418125
0.173875 -0.000375 0.41387501
0.175125 -0.001125 0.416125
0.175125 -0.00062499999 0.416875
0.17587499 -0.001125 0.416875
0.175125 -0.001125 0.41387501
0.175125 -0.001125 0.41462499
0.176125 -0.001375 0.414875
0.176125 -0.001375 0.416125
0.175625 -0.001375 0.418125
0.176875 -0.0021250001 0.418125
0.176875 -0.0021250001 0.416875
0.17812499 -0.0023749999 0.416875
0.176875 -0.0021250001 0.416125
0.176875 -0.0021250001 0.41462499
0.17812499 -0.0023749999 0.414875
0.17812499 -0.0023749999 0.416125
0.17587499 -0.001125 0.41187501
0.176625 -0.001625 0.41187501
0.176625 -0.001625 0.41312501
0.177875 -0.0021250001 0.41187501
0.17587499 -0.001125 0.411125
0.178625 -0.002625 0.41187501
0.17812499 -0.0021250001 0.411125
0.176625 -0.001375 0.40987501
0.176625 -0.001625 0.411125
