# .PCD v0.7 - Point Cloud Data file format
VERSION 0.7
FIELDS x y z
SIZE 4 4 4
TYPE F F F
COUNT 1 1 1
WIDTH 3858
HEIGHT 1
VIEWPOINT 0 0 0 1 0 0 0
POINTS 3858
DATA ascii
0.164125 0.0056250002 0.44687501
0.164875 0.0053750002 0.44687501
0.166125 0.0048750001 0.44587499
0.166125 0.0048750001 0.44687501
0.164875 0.0056250002 0.444875
0.164875 0.0053750002 0.446125
0.164875 0.0058749998 0.44387501
0.166125 0.0056250002 0.44387501
0.164875 0.0058749998 0.44312501
0.164875 0.0058749998 0.44187501
0.166125 0.0058749998 0.44187501
0.166125 0.0056250002 0.44312501
0.166125 0.0051250001 0.444875
0.162875 0.006875 0.439125
0.16212501 0.006875 0.43987501
0.16212501 0.0066249999 0.44112501
0.16187499 0.006875 0.43887499
0.162875 0.0066249999 0.43987501
0.162875 0.0066249999 0.44112501
0.164125 0.0066249999 0.44112501
0.164125 0.0066249999 0.437875
0.164125 0.0066249999 0.439125
0.164125 0.0066249999 0.43987501
0.164125 0.0066249999 0.43687499
0.16212501 0.007125 0.437875
0.162625 0.006875 0.437875
0.166125 0.0058749998 0.439125
0.165875 0.0058749998 0.43987501
0.164875 0.0063749999 0.437875
0.164875 0.0063749999 0.439125
0.164875 0.0063749999 0.43987501
0.164875 0.0063749999 0.43687499
0.166125 0.0061249998 0.43687499
0.166125 0.0058749998 0.437875
0.164875 0.0066249999 0.43487501
0.164875 0.0063749999 0.43612501
0.166125 0.0061249998 0.43612501
0.164875 0.0066249999 0.43412501
0.166125 0.0061249998 0.43412501
0.166125 0.0063749999 0.43487501
0.164875 0.006875 0.43287501
0.166125 0.0063749999 0.43287501
0.166125 0.0066249999 0.432125
0.164125 0.0038749999 0.42787501
0.164125 0.0048750001 0.42862499
0.164875 0.004125 0.427625
0.164875 0.0056250002 0.42912501
0.166125 0.0056250002 0.42912501
0.164875 0.0048750001 0.42837501
0.163875 0.007125 0.430875
0.164875 0.007125 0.430875
0.164125 0.0061249998 0.42987499
0.164875 0.0066249999 0.430125
0.165875 0.006875 0.430875
0.166125 0.0066249999 0.430125
0.159125 0.003125 0.42212501
0.159125 0.003125 0.423125
0.159125 0.003125 0.42087501
0.15987501 0.002875 0.42087501
0.161125 0.002875 0.42087501
0.15962499 0.002875 0.421875
0.161125 0.002875 0.42212501
0.15962499 0.002875 0.423125
0.162875 0.002625 0.42087501
0.162875 0.002625 0.42212501
0.162875 0.002625 0.423125
0.164125 0.0023749999 0.42087501
0.164125 0.0023749999 0.42212501
0.164125 0.0023749999 0.423125
0.164875 0.0023749999 0.42087501
0.166125 0.0021250001 0.42087501
0.164875 0.0023749999 0.42212501
0.164125 0.0033750001 0.42712501
0.164875 0.002875 0.42587501
0.166125 0.004125 0.427625
0.166125 0.0048750001 0.42837501
0.165875 0.003125 0.42587501
0.164875 0.0033750001 0.42712501
0.166125 0.0036249999 0.42712501
0.164875 0.002625 0.425125
0.164125 0.003125 0.42587501
0.162875 0.0033750001 0.42712501
0.166125 0.002625 0.425125
0.164875 0.0023749999 0.423125
0.164875 0.0023749999 0.423875
0.166125 0.0021250001 0.423875
0.166125 0.0021250001 0.42212501
0.166125 0.0021250001 0.423125
0.16212501 0.002875 0.42212501
0.161125 0.002875 0.423125
0.16212501 0.002875 0.423125
0.15987501 0.003125 0.423875
0.161125 0.002875 0.423875
0.16212501 0.002875 0.423875
0.161125 0.003125 0.42487499
0.16212501 0.002875 0.425125
0.161125 0.003125 0.42712501
0.15987501 0.0033750001 0.42787501
0.16212501 0.0033750001 0.42712501
0.161125 0.0036249999 0.42787501
0.162875 0.002625 0.423875
0.164125 0.0023749999 0.423875
0.162875 0.002875 0.425125
0.164125 0.002625 0.425125
0.162875 0.003125 0.42587501
0.162875 0.0056250002 0.42987499
0.16187499 0.0048750001 0.42987499
0.162875 0.006875 0.430875
0.157125 0.007375 0.446125
0.157125 0.007125 0.44687501
0.155875 0.006875 0.44387501
0.155875 0.006875 0.444875
0.155875 0.006875 0.44587499
0.157125 0.007375 0.44387501
0.157125 0.007375 0.444875
0.157875 0.007125 0.444875
0.157875 0.007125 0.446125
0.157875 0.0076250001 0.44312501
0.157875 0.007375 0.44387501
0.155375 0.0058749998 0.44312501
0.155375 0.0058749998 0.44387501
0.155875 0.0056250002 0.44112501
0.156875 0.007125 0.44112501
0.155875 0.0058749998 0.44187501
0.15637501 0.007125 0.44187501
0.15612499 0.006875 0.44312501
0.157125 0.007375 0.44312501
0.157125 0.007375 0.44187501
0.156625 0.0058749998 0.439125
0.156875 0.006875 0.439125
0.156875 0.007125 0.43962499
0.156875 0.0058749998 0.437875
0.157625 0.007125 0.437875
0.15737499 0.0048750001 0.43612501
0.156875 0.0048750001 0.43687499
0.157625 0.0058749998 0.43687499
0.154875 0.0036249999 0.437875
0.155875 0.0033750001 0.43487501
0.15512501 0.0038749999 0.43687499
0.155625 0.0038749999 0.43687499
0.155875 0.0048750001 0.437875
0.155875 0.0038749999 0.43612501
0.155875 0.0048750001 0.43887499
0.155375 0.0048750001 0.43987501
0.15612499 0.0056250002 0.43987501
0.157125 0.004375 0.43612501
0.15512501 0.0036249999 0.43612501
0.155875 0.0033750001 0.43287501
0.157125 0.0033750001 0.43287501
0.155875 0.0033750001 0.43412501
0.15512501 0.0036249999 0.432125
0.155875 0.0036249999 0.432125
0.157125 0.0036249999 0.43412501
0.156875 0.0036249999 0.43487501
0.157875 0.0038749999 0.43387499
0.158875 0.0038749999 0.432625
0.157875 0.0036249999 0.43287501
0.157875 0.0036249999 0.432125
0.159125 0.0038749999 0.432125
0.157875 0.0076250001 0.439125
0.157875 0.0078750001 0.43987501
0.157875 0.0076250001 0.44112501
0.159125 0.0076250001 0.43987501
0.15987501 0.007375 0.43987501
0.159125 0.007375 0.44112501
0.16087499 0.006875 0.44112501
0.15987501 0.007125 0.44112501
0.157875 0.0076250001 0.44187501
0.159125 0.007375 0.44187501
0.15987501 0.007125 0.44187501
0.16087499 0.006875 0.44187501
0.159125 0.0078750001 0.437875
0.157875 0.0056250002 0.435875
0.157875 0.006875 0.43687499
0.157875 0.0046250001 0.43487501
0.158875 0.007125 0.435875
0.15862501 0.0058749998 0.43487501
0.159125 0.0076250001 0.43687499
0.159125 0.006875 0.43487501
0.15987501 0.0078750001 0.43612501
0.161125 0.0076250001 0.43487501
0.15987501 0.0078750001 0.43687499
0.15987501 0.0076250001 0.437875
0.159125 0.0078750001 0.439125
0.15987501 0.007375 0.439125
0.161125 0.007375 0.437875
0.161125 0.007125 0.439125
0.161125 0.0076250001 0.43612501
0.161125 0.0076250001 0.43687499
0.158875 0.0048750001 0.43387499
0.159125 0.0058749998 0.43412501
0.15987501 0.0076250001 0.43487501
0.15987501 0.007125 0.43387499
0.161125 0.0076250001 0.43412501
0.16087499 0.007125 0.43287501
0.16212501 0.006875 0.43187499
0.16087499 0.0058749998 0.43187499
0.159375 0.0048750001 0.43287501
0.15987501 0.0058749998 0.43287501
0.15987501 0.0048750001 0.43187499
0.162875 0.007125 0.43612501
0.162875 0.006875 0.43687499
0.16212501 0.007375 0.43487501
0.16212501 0.007375 0.43612501
0.16212501 0.007375 0.43687499
0.162875 0.007125 0.43412501
0.163875 0.006875 0.43412501
0.162875 0.007125 0.43487501
0.164125 0.006875 0.43487501
0.164125 0.0066249999 0.43612501
0.162875 0.007375 0.43287501
0.16212501 0.0076250001 0.43412501
0.16212501 0.007375 0.43287501
0.162875 0.007375 0.432125
0.164875 0.006875 0.43187499
0.164125 0.007375 0.432125
0.164125 0.007125 0.43287501
0.158875 0.006875 0.44587499
0.157875 0.007125 0.44687501
0.159125 0.006875 0.44687501
0.15987501 0.0066249999 0.44687501
0.15987501 0.007125 0.44312501
0.159125 0.007125 0.444875
0.159125 0.007375 0.44312501
0.161125 0.006875 0.44312501
0.159125 0.007125 0.44387501
0.15962499 0.006875 0.44387501
0.16212501 0.0058749998 0.44687501
0.161125 0.0066249999 0.44387501
0.15987501 0.006875 0.444875
0.161125 0.0066249999 0.444875
0.15987501 0.0066249999 0.446125
0.161125 0.0063749999 0.446125
0.161125 0.0063749999 0.44687501
0.161125 0.007125 0.43987501
0.16212501 0.0066249999 0.44187501
0.16212501 0.0063749999 0.44387501
0.16212501 0.0063749999 0.444875
0.162875 0.0058749998 0.444875
0.16212501 0.0061249998 0.446125
0.162625 0.0058749998 0.44587499
0.164125 0.0056250002 0.446125
0.162875 0.0058749998 0.44687501
0.162875 0.0061249998 0.44387501
0.164125 0.0058749998 0.44387501
0.164125 0.0058749998 0.444875
0.16212501 0.0066249999 0.44312501
0.162875 0.0063749999 0.44312501
0.164125 0.0061249998 0.44312501
0.162875 0.0063749999 0.44187501
0.164125 0.0063749999 0.44187501
0.165875 0.0058749998 0.44112501
0.164875 0.0061249998 0.44112501
0.15387499 0.0036249999 0.430125
0.15387499 0.0036249999 0.430875
0.15512501 0.0033750001 0.42787501
0.155875 0.0033750001 0.42787501
0.15512501 0.0036249999 0.42912501
0.155875 0.0036249999 0.42912501
0.155875 0.0033750001 0.42712501
0.15512501 0.0033750001 0.42587501
0.15512501 0.0033750001 0.42712501
0.15512501 0.0033750001 0.425125
0.15512501 0.0036249999 0.423125
0.155875 0.0036249999 0.423875
0.155875 0.0033750001 0.425125
0.155875 0.0033750001 0.42587501
0.155875 0.0033750001 0.423125
0.157125 0.0033750001 0.425125
0.157875 0.0033750001 0.425125
0.155875 0.0033750001 0.42212501
0.157125 0.0033750001 0.423875
0.157125 0.0033750001 0.42212501
0.157875 0.003125 0.42212501
0.157125 0.0033750001 0.423125
0.157875 0.0033750001 0.423125
0.157875 0.0033750001 0.423875
0.157125 0.0033750001 0.42912501
0.15512501 0.0036249999 0.430125
0.155875 0.0036249999 0.430125
0.157125 0.0033750001 0.430125
0.155875 0.0036249999 0.430875
0.157125 0.0033750001 0.430875
0.157125 0.0033750001 0.432125
0.157875 0.0036249999 0.430125
0.157875 0.0036249999 0.430875
0.157875 0.0033750001 0.42912501
0.159125 0.0033750001 0.42912501
0.159125 0.0033750001 0.430125
0.159125 0.0036249999 0.430875
0.157875 0.0033750001 0.42712501
0.159125 0.0033750001 0.42712501
0.157875 0.0033750001 0.42787501
0.159125 0.0033750001 0.42787501
0.157125 0.0033750001 0.42587501
0.157875 0.0033750001 0.42587501
0.157125 0.0033750001 0.42712501
0.157125 0.0033750001 0.42787501
0.15512501 0.0036249999 0.42212501
0.15512501 0.0036249999 0.42087501
0.155875 0.0033750001 0.42087501
0.157125 0.0033750001 0.42087501
0.157875 0.0033750001 0.42087501
0.159125 0.003125 0.423875
0.16087499 0.0048750001 0.43062499
0.15987501 0.0038749999 0.430875
0.161125 0.004375 0.430125
0.160125 0.0036249999 0.430125
0.15987501 0.0036249999 0.42912501
0.16187499 0.0058749998 0.43062499
0.16087499 0.0036249999 0.42912501
0.16212501 0.0036249999 0.42812499
0.162875 0.0046250001 0.42912501
0.162625 0.0038749999 0.42787501
0.16212501 0.004375 0.42912501
0.159125 0.003125 0.425125
0.159125 0.0033750001 0.42587501
0.15987501 0.003125 0.425125
0.15987501 0.003125 0.42587501
0.161125 0.003125 0.42587501
0.16212501 0.003125 0.42587501
0.15987501 0.003125 0.42712501
0.16212501 0.002875 0.42087501
0.159125 -0.028875001 0.45912501
0.15987501 -0.029874999 0.45837501
0.15962499 -0.026125001 0.458875
0.15987501 -0.028875001 0.45862499
0.15962499 -0.027875001 0.458875
0.15962499 -0.027124999 0.458875
0.161125 -0.026875 0.45862499
0.161125 -0.026125001 0.458875
0.16212501 -0.026125001 0.458875
0.164875 -0.026875 0.45862499
0.166125 -0.026875 0.45862499
0.164125 -0.026125001 0.458875
0.164875 -0.026125001 0.458875
0.166125 -0.026125001 0.458875
0.159125 -0.033124998 0.45837501
0.159125 -0.032125 0.45862499
0.15987501 -0.034125 0.45787501
0.15987501 -0.033124998 0.458125
0.15987501 -0.032125 0.45837501
0.15987501 -0.031125 0.45837501
0.161125 -0.033124998 0.45787501
0.161125 -0.033875 0.45787501
0.16212501 -0.033875 0.45787501
0.161125 -0.032125 0.458125
0.16187499 -0.032125 0.45787501
0.16212501 -0.033124998 0.45787501
0.161125 -0.031125 0.458125
0.16212501 -0.031125 0.458125
0.15987501 -0.034875002 0.45787501
0.161125 -0.029874999 0.45837501
0.161125 -0.028875001 0.45837501
0.161125 -0.027875001 0.45862499
0.16212501 -0.029874999 0.458125
0.16212501 -0.028875001 0.45837501
0.162875 -0.028875001 0.45837501
0.164125 -0.028875001 0.45837501
0.16212501 -0.027875001 0.45862499
0.162875 -0.027875001 0.45862499
0.164125 -0.027875001 0.45862499
0.164875 -0.027875001 0.45862499
0.16212501 -0.026875 0.45862499
0.162875 -0.026875 0.45862499
0.164125 -0.026875 0.45862499
0.162875 -0.026125001 0.458875
0.162875 -0.029874999 0.458125
0.164125 -0.030125 0.45787501
0.164875 -0.028875001 0.45837501
0.162875 -0.033124998 0.45787501
0.162875 -0.032125 0.45787501
0.162875 -0.031125 0.45787501
0.162875 -0.033875 0.457625
0.164125 -0.033124998 0.457625
0.164875 -0.033124998 0.457625
0.164125 -0.032125 0.45787501
0.164875 -0.032125 0.457625
0.166125 -0.032125 0.45737499
0.164125 -0.031125 0.45787501
0.164875 -0.030125 0.45787501
0.166125 -0.029874999 0.45787501
0.164875 -0.031125 0.45787501
0.166125 -0.031125 0.457625
0.166125 -0.028875001 0.45837501
0.161125 -0.035875 0.45737499
0.16212501 -0.036874998 0.45712501
0.16212501 -0.035875 0.45737499
0.161125 -0.034875002 0.457625
0.16212501 -0.034875002 0.457625
0.162875 -0.037124999 0.45712501
0.162875 -0.035875 0.45737499
0.164125 -0.036125001 0.45712501
0.162875 -0.034875002 0.457625
0.164125 -0.034875002 0.45737499
0.164875 -0.035124999 0.45712501
0.164125 -0.033875 0.457625
0.164875 -0.033875 0.45737499
0.166125 -0.033124998 0.45737499
0.166125 -0.033875 0.45712501
0.164875 -0.040125001 0.45587501
0.165875 -0.039124999 0.45587501
0.164125 -0.039124999 0.456375
0.164875 -0.039124999 0.45612499
0.162875 -0.038125001 0.456875
0.164125 -0.038125001 0.45662501
0.164875 -0.038125001 0.456375
0.166125 -0.038125001 0.45612499
0.164125 -0.036874998 0.456875
0.164875 -0.036874998 0.45662501
0.166125 -0.036874998 0.456375
0.164875 -0.035875 0.456875
0.166125 -0.035875 0.45662501
0.165875 -0.034875002 0.456875
0.166125 -0.027875001 0.45862499
0.164125 -0.040125001 0.45587501
0.162875 -0.040375002 0.45587501
0.162875 -0.039124999 0.45662501
0.162875 -0.041125 0.455625
0.164125 -0.041125 0.455625
0.164125 -0.042125002 0.455125
0.164875 -0.041875001 0.45487499
0.164875 -0.041125 0.455625
0.166125 -0.041125 0.45537499
0.166125 -0.041875001 0.45487499
0.164875 -0.042874999 0.454375
0.166125 -0.043125 0.45387501
0.166125 -0.040125001 0.45587501
0.159125 -0.035124999 0.45787501
0.158875 -0.035875 0.45787501
0.15987501 -0.036874998 0.45737499
0.15987501 -0.038125001 0.45712501
0.161125 -0.040125001 0.456375
0.161125 -0.039124999 0.45662501
0.161125 -0.038125001 0.45712501
0.16212501 -0.040125001 0.45612499
0.16212501 -0.039124999 0.45662501
0.156875 -0.026125001 0.460875
0.159125 -0.026875 0.45937499
0.157875 -0.026125001 0.460125
0.159125 -0.026125001 0.45937499
0.157875 -0.027875001 0.45987499
0.157875 -0.026875 0.460125
0.157125 -0.028875001 0.46037501
0.157125 -0.027875001 0.46062499
0.159125 -0.027875001 0.45937499
0.158125 -0.032125 0.45912501
0.156875 -0.032125 0.460125
0.157125 -0.031125 0.460125
0.158875 -0.031125 0.45862499
0.158875 -0.029874999 0.458875
0.157125 -0.029874999 0.460125
0.157875 -0.028875001 0.45987499
0.157875 -0.031125 0.45937499
0.157875 -0.029874999 0.45962501
0.164125 -0.0058749998 0.460125
0.164875 -0.0058749998 0.46062499
0.162875 -0.0048750001 0.45987499
0.164125 -0.0048750001 0.460125
0.164875 -0.0051250001 0.46062499
0.162875 -0.004125 0.45987499
0.166125 -0.004125 0.460875
0.166125 -0.003125 0.460875
0.166125 -0.0048750001 0.460875
0.164125 -0.010125 0.460125
0.164875 -0.010375 0.46037501
0.164875 -0.0091249999 0.46037501
0.166125 -0.0091249999 0.46062499
0.164875 -0.0081249997 0.46062499
0.166125 -0.0081249997 0.46062499
0.166125 -0.006875 0.460875
0.16187499 0.0056250002 0.448125
0.166125 -0.0058749998 0.460875
0.164875 -0.014875 0.460125
0.162875 -0.013875 0.45962501
0.164125 -0.013875 0.45987499
0.162875 -0.012875 0.45962501
0.164125 -0.012875 0.45987499
0.163875 -0.011875 0.460125
0.164875 -0.016124999 0.45987499
0.164625 -0.013875 0.460125
0.164875 -0.012875 0.460125
0.166125 -0.012875 0.46037501
0.164875 -0.011875 0.460125
0.15987501 -0.0051250001 0.45937499
0.161125 -0.0023749999 0.458875
0.161125 -0.001125 0.45862499
0.16187499 -0.001125 0.45912501
0.16212501 -0.0021250001 0.45937499
0.162875 -0.001125 0.45937499
0.16212501 0.00012500001 0.458875
0.166125 -0.011875 0.46037501
0.163875 -0.011125 0.460125
0.164875 -0.011375 0.46037501
0.166125 -0.011375 0.46037501
0.166125 -0.010375 0.46062499
0.157125 -0.004125 0.46037501
0.157875 -0.0051250001 0.46037501
0.157625 -0.004375 0.45987499
0.157875 -0.007125 0.46062499
0.157625 -0.0058749998 0.46062499
0.159125 -0.0081249997 0.46037501
0.157125 -0.0058749998 0.461375
0.16212501 -0.003125 0.45962501
0.15987501 -0.0021250001 0.45837501
0.15987501 -0.003125 0.45862499
0.159125 -0.0021250001 0.45837501
0.15987501 -0.007125 0.45962501
0.15987501 -0.0058749998 0.45937499
0.166125 -0.0021250001 0.460875
0.164125 0.0053750002 0.45087501
0.162875 0.0056250002 0.451875
0.164125 0.0053750002 0.451875
0.164875 0.0053750002 0.45087501
0.164875 0.0051250001 0.451875
0.161125 -0.017124999 0.45937499
0.161125 -0.016375 0.45937499
0.15962499 -0.011875 0.45987499
0.166125 -0.001125 0.460875
0.161125 -0.011375 0.45962501
0.156875 0.0046250001 0.45287499
0.161125 -0.013875 0.45937499
0.161125 -0.012875 0.45937499
0.161125 -0.011875 0.45962501
0.16212501 -0.013875 0.45937499
0.16212501 -0.012875 0.45962501
0.16212501 -0.011875 0.45962501
0.162875 -0.011875 0.45987499
0.16212501 0.0058749998 0.44887501
0.16212501 -0.011125 0.45987499
0.162875 -0.011125 0.45987499
0.156875 -0.025125001 0.460875
0.155625 -0.024125 0.46162501
0.157875 0.0063749999 0.451875
0.15512501 -0.025125001 0.462125
0.155875 -0.025125001 0.46162501
0.15512501 -0.024125 0.46237499
0.15512501 -0.023125 0.46237499
0.157125 -0.020874999 0.460875
0.155875 -0.020874999 0.46187499
0.155875 -0.019874999 0.46187499
0.155875 -0.018874999 0.46187499
0.155875 -0.018124999 0.462125
0.157125 -0.019874999 0.460875
0.157125 -0.018874999 0.46112499
0.157875 -0.019874999 0.46037501
0.157875 -0.018874999 0.46062499
0.157125 -0.018124999 0.461375
0.161125 0.0058749998 0.45012501
0.16212501 0.0058749998 0.45012501
0.157875 0.0066249999 0.45087501
0.157875 0.0058749998 0.453125
0.159125 0.0058749998 0.45387501
0.159125 0.0063749999 0.453125
0.157875 0.006875 0.448625
0.157875 0.006875 0.45012501
0.157875 0.007125 0.448125
0.159125 0.0066249999 0.44887501
0.159125 0.0066249999 0.45012501
0.159125 0.0066249999 0.45087501
0.159125 0.0063749999 0.451875
0.157125 0.001875 0.45487499
0.157125 0.00087500003 0.45537499
0.16212501 0.0058749998 0.45087501
0.157625 0.0021250001 0.455125
0.162875 0.0056250002 0.44887501
0.162875 0.0056250002 0.45012501
0.164125 0.0056250002 0.45012501
0.162875 0.0056250002 0.45087501
0.164125 0.0053750002 0.448125
0.164875 0.0053750002 0.448125
0.164125 0.0056250002 0.44887501
0.164875 0.0053750002 0.44887501
0.162875 0.0056250002 0.448125
0.166125 0.0048750001 0.45012501
0.166125 0.0048750001 0.448125
0.166125 0.0051250001 0.44887501
0.15987501 0.0063749999 0.44887501
0.161125 0.0058749998 0.44887501
0.158875 0.0048750001 0.455125
0.15987501 0.0056250002 0.45362499
0.15987501 0.0056250002 0.455125
0.161125 0.0053750002 0.45587501
0.157875 0.002875 0.45487499
0.158125 0.0038749999 0.45487499
0.159125 0.002875 0.45587501
0.166125 0.004375 0.45912501
0.166125 0.0046250001 0.45712501
0.16087499 0.0021250001 0.45787501
0.16087499 0.003125 0.45787501
0.16212501 0.003125 0.458875
0.159125 -0.006875 0.460125
0.158875 -0.0061249998 0.45987499
0.158875 -0.0051250001 0.45962501
0.15612499 -0.007125 0.462125
0.156875 -0.0081249997 0.46187499
0.157125 -0.007125 0.46162501
0.157875 -0.0081249997 0.460875
0.154875 -0.017124999 0.462625
0.15387499 -0.016375 0.463375
0.15387499 -0.014875 0.463375
0.166125 0.0046250001 0.457625
0.166125 0.0046250001 0.45587501
0.15412501 -0.018874999 0.46312499
0.154875 -0.018124999 0.462625
0.15512501 -0.020874999 0.462625
0.15512501 -0.019874999 0.462625
0.15512501 -0.018874999 0.462625
0.15387499 -0.018124999 0.463375
0.15387499 -0.010375 0.46362501
0.159125 0.0038749999 0.455625
0.15387499 -0.007125 0.463375
0.154875 -0.0091249999 0.46287501
0.154875 -0.0081249997 0.46287501
0.154875 -0.006875 0.462625
0.154875 -0.011875 0.46287501
0.15512501 -0.011125 0.46287501
0.15512501 -0.010125 0.46287501
0.155875 -0.012875 0.46237499
0.15387499 -0.011875 0.46362501
0.15387499 -0.011375 0.46362501
0.155875 -0.0091249999 0.46237499
0.155875 -0.0081249997 0.46237499
0.154875 -0.014875 0.46287501
0.154875 -0.013875 0.46287501
0.154875 -0.012875 0.46287501
0.154875 -0.016124999 0.462625
0.15387499 -0.013875 0.46362501
0.15612499 -0.013875 0.462125
0.15387499 -0.012875 0.46362501
0.157875 -0.012875 0.460875
0.156875 -0.012875 0.46162501
0.156875 -0.011875 0.46162501
0.156875 -0.011375 0.46162501
0.159125 -0.012875 0.46037501
0.155875 -0.011875 0.46237499
0.155875 -0.011375 0.46237499
0.15962499 -0.012875 0.45962501
0.157875 -0.011875 0.460875
0.159125 -0.011875 0.46037501
0.157875 -0.011125 0.460875
0.156875 -0.0091249999 0.46187499
0.157875 -0.0091249999 0.460875
0.159125 -0.0091249999 0.46062499
0.15987501 -0.0091249999 0.45987499
0.15962499 -0.0081249997 0.45987499
0.161125 -0.0081249997 0.45962501
0.157875 -0.010125 0.460875
0.159125 -0.011375 0.46037501
0.155875 -0.010375 0.46237499
0.156875 -0.010375 0.46187499
0.159125 -0.010375 0.46062499
0.15987501 -0.010125 0.45987499
0.15962499 -0.011125 0.45987499
0.161125 -0.010375 0.45962501
0.16087499 0.0046250001 0.456875
0.161125 -0.0091249999 0.45962501
0.158875 -0.017124999 0.45987499
0.157625 -0.017124999 0.46062499
0.155875 -0.017124999 0.462125
0.15612499 -0.014875 0.462125
0.157125 -0.017124999 0.461375
0.155875 -0.016124999 0.462125
0.15962499 0.0048750001 0.45587501
0.164125 0.0051250001 0.45387501
0.164875 0.0051250001 0.453125
0.164875 0.0051250001 0.45387501
0.155875 0.0038749999 0.451875
0.156875 0.0038749999 0.453125
0.157625 0.0038749999 0.45387501
0.159125 0.0066249999 0.448125
0.157875 0.0048750001 0.45387501
0.15987501 0.0063749999 0.448125
0.161125 0.0061249998 0.448125
0.156875 0.002875 0.45387501
0.164125 -0.017124999 0.45962501
0.162875 -0.016375 0.45962501
0.164125 -0.016375 0.45962501
0.161125 0.0058749998 0.45087501
0.16212501 0.0021250001 0.458875
0.15987501 0.0063749999 0.45012501
0.15987501 0.0061249998 0.45087501
0.162875 0.00087500003 0.45962501
0.164875 0.0046250001 0.457625
0.15987501 0.0061249998 0.451875
0.16087499 0.0056250002 0.451875
0.16212501 0.0056250002 0.451875
0.15987501 0.0058749998 0.453125
0.161125 0.0056250002 0.455125
0.16212501 0.0048750001 0.45712501
0.161125 0.0058749998 0.453125
0.16212501 0.0056250002 0.453125
0.161125 0.0058749998 0.45387501
0.16212501 0.0056250002 0.45387501
0.16212501 0.0053750002 0.455125
0.16212501 0.0053750002 0.45587501
0.162875 0.0053750002 0.45387501
0.15987501 -0.016375 0.45937499
0.15987501 -0.014875 0.45962501
0.161125 -0.014875 0.45937499
0.161125 -0.019874999 0.45937499
0.15987501 -0.018124999 0.45962501
0.15987501 -0.017124999 0.45937499
0.15987501 -0.018874999 0.45962501
0.161125 -0.018874999 0.45912501
0.161125 -0.018124999 0.45937499
0.162875 0.0053750002 0.455125
0.162875 0.0053750002 0.453125
0.164125 0.0051250001 0.453125
0.154875 0.0021250001 0.453125
0.164875 0.0053750002 0.45012501
0.157125 -0.016375 0.461375
0.157625 -0.016124999 0.460875
0.157125 -0.014875 0.46162501
0.158875 -0.018124999 0.45987499
0.157625 -0.018124999 0.46062499
0.159125 -0.016124999 0.460125
0.159125 -0.013875 0.460125
0.157875 -0.014875 0.460875
0.157875 -0.013875 0.460875
0.159125 -0.014875 0.460125
0.157125 -0.013875 0.46162501
0.15987501 -0.013875 0.45962501
0.162875 0.0021250001 0.45962501
0.157875 -0.003125 0.45912501
0.16212501 -0.014875 0.45937499
0.162875 -0.014875 0.45962501
0.164125 -0.014875 0.45987499
0.159125 -0.004125 0.45912501
0.164875 0.0048750001 0.455125
0.166125 0.0048750001 0.455125
0.159125 -0.003125 0.45862499
0.166125 0.0048750001 0.451875
0.15987501 -0.004125 0.45912501
0.165875 0.0048750001 0.453125
0.156875 -0.001125 0.456875
0.157625 0.00012500001 0.45612499
0.157875 0.00087500003 0.45587501
0.159125 0.00087500003 0.45662501
0.157625 -0.001125 0.45712501
0.158875 0.00012500001 0.45712501
0.16087499 -0.003125 0.45912501
0.15987501 -0.025125001 0.458875
0.157875 -0.025125001 0.460125
0.159125 -0.025125001 0.45962501
0.159125 -0.024125 0.45962501
0.161125 -0.025125001 0.458875
0.16212501 -0.025125001 0.458875
0.161125 -0.024125 0.458875
0.16212501 -0.020874999 0.45912501
0.16212501 -0.024125 0.458875
0.16212501 -0.023125 0.458875
0.16212501 -0.021875 0.45912501
0.162875 -0.019874999 0.45937499
0.164125 -0.019874999 0.45937499
0.157125 -0.001625 0.457625
0.157875 -0.0021250001 0.45787501
0.159125 -0.001375 0.457625
0.15962499 -0.001125 0.45787501
0.158875 0.0021250001 0.45587501
0.162875 0.00012500001 0.45937499
0.164875 -0.019874999 0.45962501
0.15962499 0.00087500003 0.45712501
0.166125 -0.019874999 0.45962501
0.162875 -0.0021250001 0.45962501
0.164125 -0.018874999 0.45962501
0.164875 -0.018874999 0.45962501
0.163875 -0.0023749999 0.460125
0.164875 -0.0021250001 0.46062499
0.162875 -0.024125 0.458875
0.162875 -0.025125001 0.458875
0.15987501 0.0021250001 0.45712501
0.164125 -0.001375 0.45987499
0.164875 -0.001125 0.46037501
0.164125 0.004125 0.45912501
0.164125 0.002875 0.45987499
0.162875 0.002875 0.45937499
0.164125 -0.024125 0.45912501
0.162875 -0.023125 0.45912501
0.164125 -0.023125 0.45912501
0.162875 -0.021875 0.45912501
0.164125 -0.021875 0.45912501
0.164875 -0.021875 0.45937499
0.162875 -0.020874999 0.45912501
0.164125 -0.020874999 0.45937499
0.164875 -0.020874999 0.45937499
0.166125 -0.020874999 0.45962501
0.15987501 0.003125 0.45712501
0.15987501 0.0038749999 0.456875
0.164875 0.0036249999 0.45962501
0.166125 0.0038749999 0.45987499
0.164875 -0.017124999 0.45987499
0.166125 -0.016375 0.460125
0.166125 -0.014875 0.460125
0.166125 -0.013875 0.46037501
0.165875 0.0048750001 0.45387501
0.164125 -0.025125001 0.458875
0.164875 -0.025125001 0.458875
0.166125 -0.025125001 0.45912501
0.166125 0.0048750001 0.45087501
0.163875 0.00087500003 0.460125
0.164875 -0.024125 0.45912501
0.166125 -0.024125 0.45912501
0.161125 0.0036249999 0.45787501
0.164875 -0.023125 0.45937499
0.166125 -0.023125 0.45937499
0.166125 -0.021875 0.45937499
0.164125 0.00012500001 0.45987499
0.164875 0.00012500001 0.46037501
0.166125 0.00012500001 0.460875
0.164875 0.00087500003 0.46037501
0.163875 0.0021250001 0.460125
0.16087499 0.001125 0.45787501
0.164875 0.0021250001 0.46062499
0.166125 0.0021250001 0.460875
0.164875 0.002875 0.46037501
0.161125 0.00012500001 0.45837501
0.158875 -0.019125 0.460125
0.158875 -0.019874999 0.45987499
0.156875 -0.024125 0.460875
0.166125 0.002875 0.46062499
0.166125 0.001125 0.460875
0.16212501 0.0046250001 0.457625
0.16212501 0.0038749999 0.45837501
0.162875 0.0036249999 0.458875
0.162875 0.0048750001 0.457625
0.164125 0.0051250001 0.455125
0.157125 -0.023125 0.460875
0.157125 -0.021875 0.460875
0.155875 -0.021875 0.46187499
0.155625 -0.023125 0.46187499
0.158125 -0.023125 0.460125
0.158125 -0.021875 0.460125
0.157875 -0.020874999 0.46037501
0.158125 -0.024125 0.460125
0.159125 -0.021875 0.45987499
0.158875 -0.020874999 0.45987499
0.16212501 -0.019874999 0.45912501
0.16212501 -0.018874999 0.45912501
0.16212501 -0.018124999 0.45937499
0.162875 -0.018874999 0.45937499
0.162875 -0.018124999 0.45937499
0.164125 -0.018124999 0.45962501
0.16212501 -0.017124999 0.45937499
0.162875 -0.017124999 0.45937499
0.16212501 -0.016375 0.45937499
0.159125 -0.023125 0.45962501
0.15987501 -0.021875 0.45937499
0.15987501 -0.020874999 0.45962501
0.161125 -0.020874999 0.45937499
0.15987501 -0.019874999 0.45962501
0.166125 -0.018124999 0.45987499
0.166125 -0.017124999 0.45987499
0.166125 -0.018874999 0.45962501
0.164875 -0.018124999 0.45962501
0.16087499 -0.023125 0.45912501
0.15987501 -0.023125 0.45937499
0.161125 -0.021875 0.45912501
0.15987501 -0.024374999 0.45912501
0.162875 0.0051250001 0.45587501
0.154875 0.002875 0.451875
0.154875 0.0036249999 0.450625
0.156875 0.0058749998 0.45087501
0.156875 0.0058749998 0.45162499
0.157125 0.0063749999 0.45012501
0.155625 0.0058749998 0.44887501
0.156875 0.007125 0.448125
0.155875 0.0066249999 0.448125
0.157125 0.006875 0.44887501
0.164125 0.0051250001 0.45587501
0.162875 0.0051250001 0.45712501
0.163875 0.0046250001 0.456875
0.160125 0.00012500001 0.457625
0.164125 0.0048750001 0.45787501
0.164875 0.004375 0.45912501
0.164625 0.0048750001 0.45587501
0.161125 -0.007125 0.45937499
0.16212501 -0.007125 0.45962501
0.162875 -0.006875 0.45987499
0.161125 -0.0058749998 0.45937499
0.16212501 -0.0058749998 0.45962501
0.161125 -0.0051250001 0.45937499
0.162875 -0.0058749998 0.45987499
0.16212501 -0.0051250001 0.45962501
0.161125 -0.004125 0.45937499
0.16212501 -0.004125 0.45962501
0.162875 -0.0091249999 0.45987499
0.16212501 -0.0081249997 0.45962501
0.162875 -0.0081249997 0.45987499
0.16212501 -0.010125 0.45987499
0.162875 -0.010375 0.45987499
0.16212501 -0.0091249999 0.45962501
0.164125 -0.0091249999 0.460125
0.164125 -0.0081249997 0.460125
0.164125 -0.006875 0.460125
0.164875 -0.007125 0.46062499
0.164125 -0.004125 0.460125
0.164875 -0.004125 0.46062499
0.162875 -0.003125 0.45987499
0.164125 -0.003125 0.46037501
0.164875 -0.003125 0.46062499
0.16212501 0.001125 0.458875
0.164875 0.0048750001 0.45712501
0.172875 -0.047125001 0.44587499
0.173125 -0.046624999 0.44687501
0.173125 -0.047375001 0.444875
0.17487501 -0.046124998 0.444875
0.174125 -0.046374999 0.446125
0.173875 -0.046124998 0.44662499
0.175125 -0.045625001 0.446125
0.173875 -0.047125001 0.44387501
0.173875 -0.047625002 0.44187501
0.173125 -0.048124999 0.44187501
0.171875 -0.048625 0.44312501
0.17487501 -0.047125001 0.439125
0.17487501 -0.047125001 0.43987501
0.173875 -0.047625002 0.439125
0.173875 -0.047625002 0.43987501
0.173875 -0.047625002 0.44112501
0.172875 -0.048124999 0.442875
0.174125 -0.047375001 0.44312501
0.175125 -0.046374999 0.44387501
0.176875 -0.045125 0.44112501
0.17487501 -0.046875 0.44187501
0.175625 -0.045875002 0.44187501
0.176625 -0.044875 0.44187501
0.175625 -0.045875002 0.44312501
0.176625 -0.045125 0.44312501
0.176125 -0.045375001 0.44387501
0.175125 -0.046624999 0.44312501
0.176125 -0.045125 0.444875
0.174125 -0.047375001 0.43612501
0.173125 -0.048374999 0.437875
0.173875 -0.047375001 0.43687499
0.173875 -0.047625002 0.437875
0.17487501 -0.047125001 0.437875
0.175125 -0.046374999 0.43612501
0.17487501 -0.046875 0.43687499
0.175625 -0.045875002 0.43687499
0.179625 -0.036874998 0.44687501
0.179875 -0.035875 0.44662499
0.18037499 -0.039124999 0.44187501
0.179875 -0.040125001 0.44312501
0.18037499 -0.039124999 0.44312501
0.18062501 -0.038125001 0.44312501
0.179625 -0.040125001 0.44387501
0.180125 -0.039124999 0.44387501
0.175625 -0.044875 0.446125
0.175125 -0.045125 0.44687501
0.176125 -0.044124998 0.44687501
0.176625 -0.043875001 0.446125
0.176875 -0.043125 0.44687501
0.176875 -0.044124998 0.444875
0.177875 -0.042874999 0.444875
0.177375 -0.042874999 0.446125
0.17837501 -0.041875001 0.444875
0.178875 -0.041125 0.444875
0.17812499 -0.042125002 0.44587499
0.177875 -0.041875001 0.44662499
0.178875 -0.041875001 0.44312501
0.178625 -0.041875001 0.44387501
0.178875 -0.041375 0.44387501
0.17937499 -0.038125001 0.44687501
0.17837501 -0.041125 0.44687501
0.178625 -0.040125001 0.44687501
0.178875 -0.039124999 0.44687501
0.17937499 -0.040125001 0.444875
0.178625 -0.041125 0.446125
0.178875 -0.040125001 0.44587499
0.17937499 -0.039124999 0.446125
0.18037499 -0.038125001 0.44387501
0.179875 -0.039124999 0.444875
0.180125 -0.038375001 0.444875
0.179875 -0.038125001 0.446125
0.176875 -0.043875001 0.43487501
0.176875 -0.044124998 0.435875
0.179625 -0.041125 0.437875
0.179625 -0.041125 0.439125
0.178875 -0.042125002 0.43987501
0.179625 -0.041125 0.43987501
0.179875 -0.040125001 0.437875
0.18037499 -0.039124999 0.437875
0.180125 -0.040125001 0.439125
0.180125 -0.040375002 0.43987501
0.179625 -0.040125001 0.43612501
0.179875 -0.039124999 0.43612501
0.180125 -0.039375 0.43687499
0.18037499 -0.038125001 0.43687499
0.17812499 -0.042125002 0.43487501
0.178875 -0.041375 0.43612501
0.177375 -0.042874999 0.43487501
0.177625 -0.042874999 0.43612501
0.17837501 -0.041875001 0.43612501
0.177875 -0.042874999 0.43687499
0.17937499 -0.041125 0.43687499
0.179875 -0.040125001 0.43687499
0.17587499 -0.046124998 0.43987501
0.17587499 -0.046124998 0.44112501
0.17487501 -0.047125001 0.44112501
0.177625 -0.043875001 0.44112501
0.17837501 -0.042874999 0.44112501
0.178875 -0.042125002 0.44112501
0.178875 -0.041875001 0.44187501
0.17812499 -0.043125 0.437875
0.17812499 -0.043125 0.439125
0.177625 -0.043875001 0.43987501
0.17837501 -0.042874999 0.43987501
0.17712501 -0.044374999 0.44312501
0.176875 -0.044124998 0.44387501
0.177625 -0.043875001 0.44187501
0.17812499 -0.043125 0.44187501
0.17812499 -0.043125 0.44312501
0.17812499 -0.043125 0.44387501
0.175625 -0.045875002 0.437875
0.176625 -0.045125 0.437875
0.17587499 -0.046124998 0.439125
0.176875 -0.045125 0.439125
0.176875 -0.045125 0.43987501
0.176125 -0.045375001 0.43612501
0.176375 -0.045125 0.43687499
0.176875 -0.044124998 0.43687499
0.17712501 -0.044374999 0.437875
0.177625 -0.043875001 0.439125
0.179625 -0.041125 0.44112501
0.180125 -0.040375002 0.44112501
0.179625 -0.041125 0.44187501
0.180125 -0.040125001 0.44187501
0.17937499 -0.041125 0.44312501
0.178875 -0.041875001 0.43687499
0.178875 -0.041875001 0.437875
0.178875 -0.041875001 0.439125
0.174125 -0.047375001 0.43487501
0.17487501 -0.047125001 0.432125
0.175125 -0.046124998 0.43187499
0.176375 -0.047125001 0.42787501
0.175625 -0.048124999 0.42912501
0.17587499 -0.047125001 0.428875
0.175125 -0.048124999 0.430125
0.176875 -0.047125001 0.42587501
0.176125 -0.048875 0.42712501
0.176375 -0.048124999 0.42712501
0.176625 -0.047125001 0.42712501
0.17587499 -0.048875 0.42787501
0.173875 -0.048875 0.43287501
0.177625 -0.048875 0.423125
0.17712501 -0.048875 0.423875
0.177375 -0.048124999 0.423875
0.176625 -0.049874999 0.425125
0.176875 -0.048875 0.42487499
0.176875 -0.048124999 0.425125
0.176125 -0.049874999 0.42587501
0.176125 -0.044124998 0.432625
0.176625 -0.042874999 0.43287501
0.176875 -0.043125 0.43387499
0.176875 -0.041875001 0.43187499
0.176375 -0.042874999 0.430875
0.175375 -0.045125 0.432125
0.17587499 -0.043875001 0.432125
0.175625 -0.045125 0.430875
0.17587499 -0.043875001 0.430875
0.176875 -0.041875001 0.430875
0.176375 -0.042874999 0.432125
0.175375 -0.045125 0.43287501
0.175125 -0.046124998 0.43387499
0.175625 -0.044875 0.43412501
0.176125 -0.045125 0.43487501
0.17487501 -0.046124998 0.43287501
0.176375 -0.043875001 0.43412501
0.175125 -0.046374999 0.43487501
0.176625 -0.046124998 0.42787501
0.176375 -0.045125 0.42912501
0.176125 -0.045125 0.42987499
0.176375 -0.043875001 0.430125
0.176625 -0.042874999 0.430125
0.176875 -0.045125 0.427625
0.176875 -0.044124998 0.42787501
0.177375 -0.042874999 0.42787501
0.176625 -0.043875001 0.42912501
0.176875 -0.043125 0.428875
0.176125 -0.046124998 0.42912501
0.17587499 -0.046124998 0.430125
0.175375 -0.046124998 0.430875
0.177625 -0.040125001 0.430875
0.177625 -0.041125 0.432125
0.17812499 -0.040125001 0.43187499
0.17812499 -0.041125 0.43287501
0.17837501 -0.041125 0.43412501
0.178875 -0.041125 0.43487501
0.177375 -0.041875001 0.43287501
0.177875 -0.041875001 0.43412501
0.177375 -0.041125 0.430875
0.17837501 -0.041875001 0.42587501
0.177375 -0.043875001 0.42712501
0.177625 -0.042874999 0.42712501
0.17812499 -0.042125002 0.42712501
0.17812499 -0.049125001 0.42087501
0.17837501 -0.048124999 0.42087501
0.17812499 -0.048374999 0.421875
0.17837501 -0.047125001 0.42212501
0.178625 -0.046124998 0.42212501
0.178875 -0.045125 0.42212501
0.177875 -0.048124999 0.423125
0.17812499 -0.047125001 0.423125
0.17837501 -0.046124998 0.423125
0.177625 -0.047125001 0.423875
0.178625 -0.047125001 0.42087501
0.178875 -0.046124998 0.42087501
0.178875 -0.045375001 0.42087501
0.177375 -0.047125001 0.425125
0.177625 -0.046124998 0.425125
0.177875 -0.045125 0.42487499
0.177375 -0.046124998 0.42587501
0.177625 -0.045125 0.42587501
0.177875 -0.043875001 0.42587501
0.17812499 -0.043125 0.42587501
0.176875 -0.046124998 0.426875
0.17712501 -0.045125 0.42712501
0.180875 -0.032125 0.44687501
0.181375 -0.032125 0.446125
0.18062501 -0.033124998 0.44687501
0.18162499 -0.034875002 0.44112501
0.181375 -0.035875 0.44187501
0.18162499 -0.034875002 0.44187501
0.18162499 -0.033875 0.44187501
0.181125 -0.035875 0.44312501
0.180875 -0.036874998 0.44312501
0.18062501 -0.036874998 0.44387501
0.18037499 -0.036874998 0.444875
0.18062501 -0.035875 0.444875
0.180125 -0.037124999 0.44587499
0.180125 -0.035875 0.446125
0.18037499 -0.034875002 0.446125
0.180125 -0.035124999 0.44687501
0.18037499 -0.033875 0.44687501
0.181375 -0.034875002 0.44312501
0.18162499 -0.033875 0.44312501
0.18187501 -0.033124998 0.44312501
0.180875 -0.035875 0.443625
0.180875 -0.035124999 0.44387501
0.181375 -0.033875 0.44387501
0.181375 -0.033124998 0.44387501
0.180875 -0.034875002 0.444875
0.180875 -0.033875 0.444875
0.180875 -0.033124998 0.444875
0.18062501 -0.033875 0.446125
0.180875 -0.033124998 0.44587499
0.18162499 -0.031125 0.446125
0.181125 -0.031125 0.44687501
0.182125 -0.030125 0.44587499
0.182375 -0.028875001 0.446125
0.18162499 -0.029874999 0.44687501
0.18162499 -0.032125 0.444875
0.18187501 -0.033875 0.44112501
0.18187501 -0.033124998 0.44112501
0.18187501 -0.033124998 0.44187501
0.18062501 -0.036874998 0.43687499
0.18062501 -0.038125001 0.437875
0.180875 -0.036874998 0.437875
0.180875 -0.038125001 0.439125
0.180875 -0.037124999 0.43887499
0.180875 -0.036125001 0.43762499
0.181125 -0.035875 0.439125
0.181125 -0.036874998 0.43987501
0.181375 -0.035875 0.43987501
0.181125 -0.036874998 0.44112501
0.181375 -0.035875 0.44112501
0.180875 -0.037124999 0.44187501
0.18062501 -0.039124999 0.44112501
0.180875 -0.038125001 0.44112501
0.180875 -0.038125001 0.44187501
0.18037499 -0.039124999 0.439125
0.18062501 -0.039124999 0.43987501
0.180875 -0.038125001 0.43987501
0.179625 -0.038125001 0.43412501
0.179875 -0.037124999 0.43387499
0.179625 -0.039124999 0.43487501
0.179875 -0.038125001 0.43487501
0.180125 -0.036874998 0.43487501
0.180125 -0.038125001 0.43612501
0.18037499 -0.036874998 0.43612501
0.17812499 -0.039375 0.43062499
0.178625 -0.039124999 0.432125
0.178875 -0.038125001 0.432125
0.178625 -0.040125001 0.43287501
0.178875 -0.039124999 0.43287501
0.17937499 -0.038125001 0.43287501
0.179625 -0.036874998 0.43287501
0.178875 -0.040125001 0.43387499
0.17937499 -0.039124999 0.43412501
0.17937499 -0.040125001 0.43487501
0.179625 -0.039124999 0.423875
0.179875 -0.038125001 0.42362499
0.178875 -0.040375002 0.425125
0.17937499 -0.039124999 0.425125
0.178625 -0.040125001 0.42587501
0.178875 -0.039124999 0.42587501
0.17837501 -0.040125001 0.42712501
0.178625 -0.039124999 0.42712501
0.17812499 -0.039124999 0.42787501
0.178625 -0.041125 0.42587501
0.17812499 -0.041125 0.42712501
0.177875 -0.041375 0.427625
0.17812499 -0.040125001 0.42787501
0.177625 -0.041875001 0.42787501
0.177375 -0.041875001 0.42912501
0.177375 -0.041125 0.42912501
0.177625 -0.040125001 0.42912501
0.176875 -0.041875001 0.42987499
0.178875 -0.044124998 0.421875
0.178625 -0.045125 0.423125
0.178625 -0.043875001 0.423125
0.178875 -0.043125 0.42287499
0.177875 -0.046124998 0.423875
0.17812499 -0.045125 0.423875
0.17837501 -0.043875001 0.423875
0.178625 -0.042874999 0.423875
0.178875 -0.041875001 0.42362499
0.17812499 -0.043875001 0.425125
0.17837501 -0.042874999 0.425125
0.178625 -0.041875001 0.425125
0.17937499 -0.043875001 0.42087501
0.176875 -0.041375 0.42987499
0.177625 -0.040125001 0.430125
0.180875 -0.026125001 0.42987499
0.180875 -0.026125001 0.42787501
0.180875 -0.026125001 0.42912501
0.182625 -0.027875001 0.446125
0.18287501 -0.026875 0.44587499
0.182625 -0.026875 0.44687501
0.18287501 -0.026125001 0.44687501
0.182125 -0.029124999 0.44687501
0.182375 -0.027875001 0.44687501
0.182125 -0.032125 0.44112501
0.182125 -0.032125 0.44187501
0.18187501 -0.032125 0.44312501
0.18187501 -0.032125 0.44387501
0.182375 -0.029874999 0.44387501
0.182375 -0.029874999 0.444875
0.182625 -0.028875001 0.444875
0.182375 -0.031125 0.44112501
0.182375 -0.031125 0.44187501
0.182125 -0.031374998 0.44312501
0.182625 -0.029874999 0.44312501
0.182125 -0.031125 0.44387501
0.18187501 -0.031125 0.444875
0.183125 -0.028875001 0.44112501
0.18287501 -0.029124999 0.44187501
0.183375 -0.027875001 0.44187501
0.183625 -0.026875 0.44187501
0.18287501 -0.029874999 0.44112501
0.18287501 -0.029874999 0.44187501
0.182375 -0.026875 0.43487501
0.182375 -0.026125001 0.43487501
0.182125 -0.028875001 0.43612501
0.182375 -0.027875001 0.43612501
0.182625 -0.026875 0.43612501
0.182625 -0.027875001 0.43687499
0.18287501 -0.026875 0.43687499
0.180875 -0.027124999 0.43062499
0.180875 -0.029124999 0.43187499
0.181125 -0.027875001 0.432125
0.181375 -0.028875001 0.43287501
0.18162499 -0.027875001 0.43287501
0.18162499 -0.028875001 0.43412501
0.181375 -0.026875 0.432125
0.18162499 -0.026125001 0.432125
0.18162499 -0.026875 0.43287501
0.18187501 -0.026125001 0.43287501
0.18187501 -0.027875001 0.43412501
0.18187501 -0.027124999 0.43387499
0.182125 -0.026125001 0.43412501
0.18187501 -0.028875001 0.43487501
0.182125 -0.027875001 0.434625
0.18037499 -0.029874999 0.430125
0.18062501 -0.028875001 0.430125
0.18062501 -0.027875001 0.430125
0.18062501 -0.028875001 0.430875
0.180875 -0.027875001 0.430875
0.18062501 -0.031125 0.430875
0.18062501 -0.029874999 0.430875
0.180875 -0.031125 0.432125
0.180875 -0.029874999 0.432125
0.18037499 -0.031125 0.430125
0.18037499 -0.032125 0.430875
0.18062501 -0.032125 0.432125
0.180875 -0.032125 0.43287501
0.180875 -0.035875 0.43687499
0.181125 -0.034875002 0.43687499
0.181375 -0.033875 0.43687499
0.181375 -0.034875002 0.437875
0.18162499 -0.033875 0.437875
0.181375 -0.034875002 0.439125
0.18162499 -0.034875002 0.43987501
0.179875 -0.033875 0.430875
0.18037499 -0.033875 0.432125
0.18062501 -0.033875 0.43287501
0.179625 -0.034875002 0.430875
0.180125 -0.035124999 0.43187499
0.180125 -0.036125001 0.43287501
0.18037499 -0.034875002 0.43287501
0.180875 -0.034875002 0.43487501
0.180875 -0.034125 0.434625
0.180875 -0.035124999 0.435875
0.181375 -0.033875 0.43612501
0.18037499 -0.035875 0.43412501
0.18062501 -0.034875002 0.43412501
0.18062501 -0.035875 0.43487501
0.180875 -0.035875 0.43612501
0.180875 -0.029874999 0.432625
0.181125 -0.031125 0.43412501
0.181375 -0.029874999 0.43412501
0.18162499 -0.031125 0.43487501
0.18162499 -0.029874999 0.43487501
0.18162499 -0.032125 0.43612501
0.18187501 -0.031125 0.43612501
0.182125 -0.030125 0.435875
0.18187501 -0.032125 0.43687499
0.182125 -0.031374998 0.436625
0.18187501 -0.032125 0.437875
0.182125 -0.031125 0.437875
0.182125 -0.032375 0.439125
0.182625 -0.028875001 0.43687499
0.182625 -0.028875001 0.437875
0.18287501 -0.027875001 0.437875
0.18287501 -0.028875001 0.439125
0.182125 -0.029874999 0.43687499
0.182375 -0.029874999 0.437875
0.182375 -0.031125 0.439125
0.182625 -0.029874999 0.439125
0.182625 -0.031125 0.43987501
0.18287501 -0.029874999 0.43987501
0.18162499 -0.033124998 0.43687499
0.18187501 -0.033124998 0.437875
0.18162499 -0.033875 0.439125
0.18187501 -0.033124998 0.439125
0.18187501 -0.033875 0.43987501
0.18187501 -0.033124998 0.43987501
0.182125 -0.032125 0.43987501
0.180875 -0.031125 0.43287501
0.181125 -0.032125 0.43412501
0.181375 -0.032125 0.43487501
0.180875 -0.033875 0.43412501
0.180875 -0.033374999 0.43387499
0.181375 -0.033124998 0.43487501
0.18162499 -0.033124998 0.43612501
0.18037499 -0.033124998 0.432125
0.180875 -0.033124998 0.43287501
0.18287501 -0.026125001 0.43612501
0.18287501 -0.026125001 0.43687499
0.183375 -0.026125001 0.437875
0.183625 -0.026125001 0.439125
0.183375 -0.026125001 0.444875
0.18287501 -0.026125001 0.446125
0.183625 -0.026125001 0.44312501
0.183375 -0.026875 0.44387501
0.183625 -0.026125001 0.44387501
0.18287501 -0.027875001 0.44462499
0.183125 -0.026875 0.444875
0.18287501 -0.029124999 0.44312501
0.183375 -0.027875001 0.44312501
0.183625 -0.026875 0.44312501
0.18287501 -0.028875001 0.44387501
0.18287501 -0.028124999 0.44387501
0.183625 -0.026125001 0.43987501
0.18387499 -0.026125001 0.44112501
0.18387499 -0.026125001 0.44187501
0.183125 -0.028875001 0.43987501
0.183375 -0.027875001 0.43987501
0.183625 -0.026875 0.43987501
0.183375 -0.027875001 0.44112501
0.183625 -0.026875 0.44112501
0.183125 -0.026875 0.437875
0.183125 -0.027875001 0.439125
0.183375 -0.026875 0.439125
0.181375 -0.026125001 0.430875
0.18037499 -0.028875001 0.42787501
0.18037499 -0.027875001 0.42787501
0.18037499 -0.029874999 0.42912501
0.18037499 -0.029874999 0.42712501
0.18037499 -0.028875001 0.42712501
0.181375 -0.029874999 0.423125
0.18162499 -0.028875001 0.423125
0.181125 -0.029874999 0.423875
0.181375 -0.028875001 0.423875
0.181375 -0.027875001 0.423875
0.180875 -0.029874999 0.42487499
0.180875 -0.029124999 0.425125
0.181125 -0.027875001 0.425125
0.18062501 -0.029874999 0.42587501
0.18062501 -0.028875001 0.42587501
0.180875 -0.027875001 0.425625
0.18062501 -0.027875001 0.42712501
0.18062501 -0.026875 0.42712501
0.180875 -0.027124999 0.42587501
0.18162499 -0.032125 0.42087501
0.18187501 -0.031125 0.42087501
0.18187501 -0.029874999 0.42087501
0.180875 -0.026125001 0.426875
0.181375 -0.026875 0.425125
0.181375 -0.026125001 0.425125
0.181125 -0.026125001 0.42587501
0.182125 -0.026125001 0.423125
0.18162499 -0.026875 0.423875
0.18187501 -0.026125001 0.423875
0.182375 -0.027875001 0.42087501
0.182625 -0.026875 0.42087501
0.18287501 -0.026125001 0.42087501
0.18187501 -0.028875001 0.421875
0.182125 -0.028124999 0.42212501
0.182375 -0.026875 0.42212501
0.182375 -0.026125001 0.42212501
0.18187501 -0.027875001 0.423125
0.18187501 -0.027124999 0.42287499
0.182125 -0.028875001 0.42087501
0.179625 -0.033875 0.42912501
0.179875 -0.033875 0.430125
0.179875 -0.033124998 0.42912501
0.180125 -0.032125 0.42912501
0.180125 -0.033374999 0.42987499
0.180125 -0.032125 0.430125
0.180125 -0.033124998 0.430875
0.179875 -0.033124998 0.42787501
0.18037499 -0.032125 0.42587501
0.179625 -0.034875002 0.42712501
0.179875 -0.033875 0.42712501
0.179875 -0.033124998 0.426875
0.17937499 -0.034875002 0.42787501
0.179625 -0.033875 0.42787501
0.180125 -0.034875002 0.425125
0.18037499 -0.033875 0.425125
0.179875 -0.035124999 0.425625
0.179875 -0.033875 0.42587501
0.180125 -0.033124998 0.42587501
0.18037499 -0.031125 0.42587501
0.180125 -0.032125 0.42712501
0.18037499 -0.031125 0.42712501
0.180125 -0.032125 0.42787501
0.18062501 -0.026875 0.42787501
0.18037499 -0.028875001 0.42912501
0.18062501 -0.027875001 0.42912501
0.18062501 -0.026875 0.42912501
0.180875 -0.026875 0.430125
0.180125 -0.031125 0.42787501
0.18037499 -0.029874999 0.42787501
0.18037499 -0.031125 0.42912501
0.181375 -0.033124998 0.42212501
0.181375 -0.032125 0.42212501
0.18162499 -0.031125 0.42212501
0.18162499 -0.029874999 0.42212501
0.180875 -0.033124998 0.423125
0.181125 -0.032125 0.423125
0.181375 -0.031125 0.423125
0.180875 -0.032125 0.42362499
0.180875 -0.031125 0.423875
0.18062501 -0.031125 0.425125
0.181125 -0.033875 0.42212501
0.180875 -0.033875 0.42287499
0.18062501 -0.034875002 0.423875
0.18062501 -0.033875 0.423875
0.18062501 -0.033124998 0.423875
0.18037499 -0.033124998 0.425125
0.18062501 -0.032125 0.425125
0.178625 -0.038125001 0.430875
0.178875 -0.037124999 0.430875
0.17937499 -0.035875 0.430875
0.17937499 -0.036874998 0.432125
0.179625 -0.035875 0.432125
0.17937499 -0.034875002 0.42912501
0.17812499 -0.038125001 0.430125
0.178625 -0.036874998 0.430125
0.178875 -0.036125001 0.42987499
0.17937499 -0.034875002 0.430125
0.17937499 -0.035875 0.42712501
0.178875 -0.036874998 0.42787501
0.178875 -0.036125001 0.42787501
0.177875 -0.039124999 0.428875
0.17812499 -0.038125001 0.42912501
0.178625 -0.036874998 0.42912501
0.178875 -0.036125001 0.428875
0.177875 -0.039124999 0.42987499
0.180125 -0.037124999 0.423875
0.17937499 -0.038125001 0.425125
0.179625 -0.036874998 0.425125
0.178875 -0.038125001 0.42587501
0.17937499 -0.036874998 0.42587501
0.179625 -0.035875 0.42587501
0.178875 -0.038125001 0.42712501
0.178875 -0.037124999 0.42712501
0.17837501 -0.038125001 0.42787501
0.18037499 -0.035875 0.423875
0.179875 -0.035875 0.42487499
0.180875 -0.035124999 0.421875
0.18037499 -0.036874998 0.423125
0.18062501 -0.035875 0.423125
0.180875 -0.034875002 0.423125
0.181375 -0.034875002 0.42087501
0.180875 -0.036874998 0.42087501
0.180875 -0.036125001 0.42087501
0.18062501 -0.036874998 0.42212501
0.180875 -0.035875 0.42212501
0.181375 -0.033875 0.42087501
0.18162499 -0.033124998 0.42087501
0.17937499 -0.042874999 0.42212501
0.179625 -0.041875001 0.42212501
0.179875 -0.041125 0.42212501
0.179125 -0.041875001 0.423125
0.17937499 -0.041125 0.423125
0.179625 -0.040125001 0.423125
0.179875 -0.039124999 0.42287499
0.180125 -0.038125001 0.423125
0.179125 -0.041125 0.423875
0.17937499 -0.040125001 0.423875
0.178875 -0.041375 0.42487499
0.179875 -0.041875001 0.42087501
0.179875 -0.041125 0.42087501
0.180125 -0.040125001 0.42087501
0.18037499 -0.039124999 0.42087501
0.18062501 -0.038125001 0.42087501
0.179875 -0.040125001 0.421875
0.180125 -0.039124999 0.42212501
0.18037499 -0.038125001 0.42212501
0.179625 -0.042874999 0.42087501
0.180125 -0.0058749998 0.42787501
0.179875 -0.0051250001 0.42787501
0.179625 -0.004125 0.42787501
0.178875 -0.004375 0.42712501
0.178875 -0.004375 0.42587501
0.177625 -0.0033750001 0.425125
0.17837501 -0.004125 0.425125
0.178625 -0.004375 0.425125
0.179625 -0.0051250001 0.42712501
0.17937499 -0.0051250001 0.425125
0.18062501 -0.0058749998 0.42912501
0.180125 -0.0058749998 0.42587501
0.17937499 -0.0051250001 0.42587501
0.180125 -0.0058749998 0.42712501
0.180125 -0.0048750001 0.42212501
0.180125 -0.0048750001 0.423125
0.179625 -0.0051250001 0.423875
0.179625 -0.004375 0.42087501
0.180125 -0.0058749998 0.425125
0.180875 -0.0058749998 0.421875
0.180875 -0.0061249998 0.42287499
0.18062501 -0.0058749998 0.423875
0.181125 -0.006875 0.423875
0.180125 0.0038749999 0.43062499
0.180125 0.0038749999 0.43187499
0.18062501 0.0036249999 0.432125
0.18062501 0.0036249999 0.43287501
0.18062501 0.0036249999 0.430875
0.179875 0.002875 0.430125
0.178875 0.0038749999 0.42987499
0.18162499 0.002875 0.43112499
0.18187501 0.001875 0.430875
0.183125 0.0021250001 0.43187499
0.18062501 0.002875 0.43062499
0.182125 0.0033750001 0.43287501
0.182125 0.0033750001 0.43412501
0.18287501 0.003125 0.43412501
0.18287501 0.003125 0.43487501
0.18287501 0.002875 0.432125
0.18287501 0.003125 0.43287501
0.18387499 0.002625 0.43287501
0.182125 0.0033750001 0.432125
0.18387499 0.0021250001 0.43237501
0.18387499 0.002875 0.43612501
0.18387499 0.002625 0.43412501
0.18512499 0.0021250001 0.43387499
0.18387499 0.002875 0.43487501
0.184875 0.0023749999 0.43487501
0.184875 0.0023749999 0.43612501
0.184625 0.0021250001 0.43287501
0.184875 0.001125 0.43287501
0.185625 0.001125 0.43412501
0.184875 -0.0048750001 0.43412501
0.185625 -0.0051250001 0.43487501
0.185625 -0.004125 0.43512499
0.18162499 -0.0051250001 0.430125
0.182125 -0.0051250001 0.43062499
0.182125 -0.004125 0.43062499
0.182125 -0.003125 0.43062499
0.183125 -0.0051250001 0.43187499
0.183125 -0.004125 0.43187499
0.183125 -0.003125 0.43187499
0.18162499 -0.007125 0.430125
0.18162499 -0.0058749998 0.430125
0.182625 -0.0081249997 0.430875
0.182625 -0.007125 0.430875
0.182125 -0.0058749998 0.43062499
0.183125 -0.0058749998 0.43187499
0.183125 -0.007125 0.43187499
0.18387499 -0.0048750001 0.43287501
0.18537501 -0.0058749998 0.43487501
0.185625 -0.0048750001 0.435875
0.18537501 -0.0091249999 0.43612501
0.185875 -0.0081249997 0.43687499
0.185625 -0.006875 0.43687499
0.185875 -0.0083750002 0.437875
0.185875 -0.0058749998 0.436625
0.186125 -0.006875 0.437875
0.186125 -0.0058749998 0.437875
0.18637501 -0.007125 0.439125
0.18637501 -0.0058749998 0.439125
0.18637501 -0.007125 0.43987501
0.186625 -0.0058749998 0.43987501
0.186625 -0.0058749998 0.44112501
0.18637501 -0.0051250001 0.437875
0.186625 -0.0051250001 0.439125
0.186625 -0.004125 0.439125
0.186625 -0.0051250001 0.43987501
0.18387499 -0.0091249999 0.43287501
0.18387499 -0.0081249997 0.43287501
0.18387499 -0.006875 0.43287501
0.18387499 -0.0058749998 0.43287501
0.184625 -0.007125 0.43412501
0.184875 -0.0058749998 0.43412501
0.182625 -0.0091249999 0.430875
0.18287501 -0.010375 0.43187499
0.183125 -0.0091249999 0.43187499
0.183125 -0.0081249997 0.43187499
0.18387499 -0.010375 0.43287501
0.184375 -0.010375 0.43412501
0.184375 -0.0091249999 0.43412501
0.184625 -0.0081249997 0.43412501
0.184875 -0.0091249999 0.43487501
0.184875 -0.0083750002 0.43487501
0.18512499 -0.006875 0.434625
0.18537501 -0.0081249997 0.43612501
0.185625 -0.007125 0.43612501
0.185875 -0.0058749998 0.43612501
0.180875 -0.007125 0.42912501
0.18187501 -0.0081249997 0.430125
0.18062501 -0.007125 0.42712501
0.180875 -0.0081249997 0.42787501
0.18062501 -0.007125 0.42787501
0.181375 -0.0091249999 0.42712501
0.180875 -0.0081249997 0.42712501
0.181375 -0.0091249999 0.42787501
0.18162499 -0.0091249999 0.42912501
0.181375 -0.0081249997 0.42912501
0.182125 -0.012875 0.42787501
0.18187501 -0.011875 0.42787501
0.18187501 -0.011125 0.42787501
0.18162499 -0.010375 0.42787501
0.182125 -0.006875 0.42087501
0.18187501 -0.007125 0.421875
0.182125 -0.0081249997 0.423125
0.18162499 -0.007125 0.423125
0.18187501 -0.0081249997 0.42362499
0.180875 -0.007125 0.42487499
0.18162499 -0.0081249997 0.425125
0.18162499 -0.0091249999 0.42587501
0.180875 -0.0081249997 0.42587501
0.18062501 -0.007125 0.42587501
0.182125 -0.0091249999 0.425125
0.183375 -0.010375 0.42087501
0.183125 -0.010125 0.42212501
0.18287501 -0.0093750004 0.421875
0.182625 -0.0091249999 0.423125
0.18287501 -0.010375 0.42287499
0.182625 -0.010375 0.423875
0.182375 -0.0091249999 0.423875
0.182375 -0.010375 0.425125
0.18287501 -0.011125 0.423125
0.182625 -0.011375 0.423875
0.182625 -0.011875 0.425125
0.182375 -0.011375 0.425125
0.182125 -0.011875 0.42587501
0.182125 -0.011125 0.42587501
0.18187501 -0.010125 0.42587501
0.18162499 -0.010375 0.42912501
0.182125 -0.011875 0.430125
0.182125 -0.011125 0.42987499
0.182125 -0.010375 0.42987499
0.182125 -0.0091249999 0.42987499
0.182125 -0.012875 0.42912501
0.182125 -0.011875 0.428875
0.18187501 -0.011125 0.42912501
0.182375 -0.013875 0.430125
0.182375 -0.012875 0.430125
0.18287501 -0.013875 0.430875
0.182625 -0.012875 0.43112499
0.182625 -0.011875 0.430875
0.182625 -0.011375 0.430875
0.182625 -0.010375 0.430875
0.18287501 -0.011125 0.43187499
0.183125 -0.011875 0.43187499
0.182125 -0.016124999 0.42912501
0.182375 -0.014875 0.42912501
0.182375 -0.013875 0.42912501
0.182625 -0.014875 0.430125
0.182375 -0.012875 0.42587501
0.182125 -0.012875 0.42712501
0.182125 -0.011875 0.42712501
0.18187501 -0.011125 0.42712501
0.18162499 -0.010375 0.42712501
0.18287501 -0.011875 0.423125
0.18287501 -0.016124999 0.423875
0.18287501 -0.014875 0.423875
0.18287501 -0.013875 0.423875
0.18287501 -0.012875 0.42362499
0.18287501 -0.011875 0.423875
0.182625 -0.013875 0.425125
0.182625 -0.012875 0.425125
0.18412501 -0.004125 0.432625
0.18412501 -0.003125 0.432625
0.184875 -0.0021250001 0.43312499
0.184875 -0.001125 0.43312499
0.184875 0.00012500001 0.43287501
0.185625 -0.001125 0.43412501
0.185625 0.00012500001 0.43412501
0.18512499 -0.003125 0.43387499
0.18537501 -0.0021250001 0.43412501
0.185875 0.001875 0.43487501
0.18637501 0.00087500003 0.43487501
0.185875 -0.0023749999 0.43487501
0.185875 -0.001125 0.434625
0.18637501 0.00012500001 0.43487501
0.18637501 -0.0021250001 0.43612501
0.18637501 -0.003125 0.43612501
0.185875 -0.003125 0.43487501
0.18512499 -0.004375 0.43387499
0.186625 -0.001125 0.43612501
0.186625 0.00012500001 0.43612501
0.186875 -0.001125 0.43687499
0.186875 0.00012500001 0.43687499
0.183625 -0.0021250001 0.432125
0.183625 -0.001125 0.432125
0.18387499 0.00012500001 0.432125
0.18287501 -0.0021250001 0.431375
0.186625 -0.003125 0.43687499
0.186125 -0.004125 0.43612501
0.186125 -0.0048750001 0.43687499
0.18637501 -0.004125 0.43687499
0.186625 -0.004125 0.437875
0.186625 -0.0021250001 0.43687499
0.186625 -0.003125 0.437875
0.186875 -0.0021250001 0.437875
0.187125 -0.001375 0.437875
0.18062501 -0.0051250001 0.42087501
0.181375 -0.0058749998 0.42087501
0.183625 -0.011375 0.42087501
0.18287501 -0.0091249999 0.42087501
0.182625 -0.0081249997 0.42087501
0.182375 -0.0081249997 0.42212501
0.183625 -0.014875 0.42212501
0.183375 -0.013875 0.42212501
0.183375 -0.012875 0.42212501
0.183375 -0.016375 0.423125
0.183375 -0.014875 0.423125
0.183125 -0.013875 0.423125
0.183125 -0.012875 0.423125
0.183625 -0.013875 0.42087501
0.183625 -0.012875 0.42087501
0.183625 -0.011875 0.42087501
0.183375 -0.011875 0.42212501
0.183375 -0.011375 0.42212501
0.18537501 -0.011875 0.437875
0.18537501 -0.012875 0.439125
0.185625 -0.011875 0.439125
0.185625 -0.012875 0.43987501
0.185625 -0.011875 0.43987501
0.185625 -0.013875 0.44112501
0.185625 -0.012875 0.44112501
0.185875 -0.011875 0.44112501
0.183625 -0.011375 0.43287501
0.18387499 -0.012875 0.43412501
0.18387499 -0.011875 0.43387499
0.184375 -0.013875 0.43487501
0.184375 -0.012875 0.43487501
0.184375 -0.011875 0.43487501
0.184875 -0.012875 0.43612501
0.184875 -0.011875 0.43612501
0.18387499 -0.011125 0.43387499
0.184625 -0.011375 0.43487501
0.184875 -0.010125 0.43487501
0.184875 -0.011125 0.435875
0.183625 -0.023125 0.44687501
0.18387499 -0.021875 0.44662499
0.18412501 -0.020874999 0.44687501
0.18512499 -0.010375 0.435875
0.166875 0.0066249999 0.430875
0.166875 0.0046250001 0.42812499
0.166875 0.0058749998 0.42912501
0.166875 0.0021250001 0.423875
0.166875 0.003125 0.42587501
0.168125 0.002875 0.42587501
0.166875 0.0038749999 0.42712501
0.168125 0.0036249999 0.42712501
0.16912501 0.0033750001 0.42712501
0.168125 0.0038749999 0.427625
0.166875 0.002625 0.425125
0.169875 0.001875 0.42587501
0.168125 0.0023749999 0.425125
0.16887499 0.001875 0.425125
0.16912501 0.002875 0.42612499
0.17112499 0.001125 0.425625
0.166875 0.0021250001 0.423125
0.166875 0.001875 0.42212501
0.184625 -0.013875 0.43612501
0.184875 -0.013875 0.43687499
0.184875 -0.013125 0.43687499
0.18512499 -0.011875 0.43687499
0.185875 -0.0091249999 0.43887499
0.186125 -0.0081249997 0.439125
0.185625 -0.010125 0.43987501
0.186125 -0.0091249999 0.43987501
0.18637501 -0.0081249997 0.43987501
0.185875 -0.011125 0.44112501
0.186125 -0.010125 0.44112501
0.18637501 -0.0091249999 0.44112501
0.18637501 -0.0081249997 0.44112501
0.186625 -0.007125 0.44112501
0.186875 -0.0058749998 0.44187501
0.185625 -0.011375 0.437875
0.185625 -0.010375 0.437875
0.185875 -0.0091249999 0.437875
0.185625 -0.011375 0.439125
0.185875 -0.010125 0.439125
0.185875 -0.011125 0.43987501
0.18537501 -0.011375 0.43687499
0.185625 -0.010375 0.43687499
0.185625 -0.0091249999 0.43687499
0.18512499 -0.013875 0.437875
0.18537501 -0.012875 0.437875
0.18537501 -0.013875 0.439125
0.18537501 -0.013875 0.43987501
0.18537501 -0.017124999 0.44312501
0.185625 -0.016375 0.44312501
0.18537501 -0.017124999 0.44387501
0.185625 -0.016375 0.44387501
0.184375 -0.016375 0.43612501
0.184375 -0.014875 0.43612501
0.184375 -0.017124999 0.43687499
0.184625 -0.016375 0.43687499
0.184625 -0.014875 0.43687499
0.184625 -0.017124999 0.437875
0.184875 -0.016124999 0.437875
0.18512499 -0.015125 0.437875
0.184875 -0.016124999 0.439125
0.18512499 -0.014875 0.439125
0.18512499 -0.016124999 0.43987501
0.18537501 -0.014875 0.43987501
0.18537501 -0.014875 0.44112501
0.18287501 -0.014875 0.430875
0.183125 -0.013875 0.432125
0.183125 -0.012875 0.432125
0.183625 -0.013875 0.43287501
0.183625 -0.012875 0.43287501
0.183625 -0.011875 0.43287501
0.18387499 -0.013875 0.43412501
0.170875 0.0036249999 0.44587499
0.17112499 0.0038749999 0.44687501
0.169875 0.0036249999 0.44687501
0.16912501 0.004375 0.446125
0.169875 0.004125 0.446125
0.16912501 0.004125 0.44687501
0.169875 0.004375 0.44312501
0.169875 0.004375 0.44387501
0.16912501 0.004375 0.444875
0.169875 0.004125 0.444875
0.168125 0.001625 0.42087501
0.16912501 0.001375 0.42087501
0.168125 0.001625 0.42212501
0.16912501 0.001125 0.42212501
0.16912501 0.001125 0.423125
0.169625 0.00087500003 0.423875
0.18387499 -0.023125 0.446125
0.18387499 -0.022125 0.44587499
0.18537501 -0.018124999 0.44387501
0.16787501 0.001875 0.423875
0.16912501 0.001375 0.423875
0.175125 0.004375 0.43412501
0.176125 0.004125 0.43412501
0.176875 0.004125 0.43412501
0.173875 0.004375 0.43487501
0.175125 0.004375 0.43487501
0.176125 0.004125 0.43487501
0.173875 0.004375 0.43612501
0.175125 0.004125 0.43612501
0.176125 0.004125 0.43612501
0.175125 0.004125 0.43687499
0.176125 0.0038749999 0.43687499
0.175125 0.004125 0.437875
0.169875 0.001375 0.425125
0.168125 0.0046250001 0.44687501
0.185625 -0.014875 0.44687501
0.185625 -0.013875 0.44687501
0.186125 -0.012875 0.44687501
0.185625 -0.013875 0.44187501
0.185875 -0.012875 0.44187501
0.185875 -0.011875 0.44187501
0.185875 -0.013875 0.44312501
0.185625 -0.012875 0.44312501
0.185875 -0.013875 0.44387501
0.186125 -0.012875 0.44387501
0.185875 -0.012125 0.442875
0.186125 -0.011125 0.44312501
0.186125 -0.011875 0.44387501
0.18637501 -0.011375 0.44387501
0.186125 -0.012875 0.444875
0.18637501 -0.011875 0.444875
0.186625 -0.011375 0.444875
0.185625 -0.014875 0.44187501
0.185625 -0.014875 0.44312501
0.185875 -0.014875 0.44387501
0.185625 -0.016375 0.444875
0.185875 -0.014875 0.444875
0.185875 -0.014125 0.444875
0.186875 -0.0091249999 0.446125
0.186875 -0.0091249999 0.44687501
0.186875 -0.0081249997 0.44687501
0.186625 -0.010375 0.446125
0.186625 -0.010375 0.44687501
0.18762501 -0.004125 0.446125
0.18762501 -0.004125 0.44687501
0.185625 -0.016375 0.446125
0.185875 -0.014875 0.446125
0.185875 -0.014125 0.446125
0.18537501 -0.016375 0.44687501
0.187875 -0.001125 0.446125
0.187875 -0.0021250001 0.44687501
0.187875 -0.001125 0.44687501
0.18287501 0.001875 0.442875
0.18187501 0.001875 0.44387501
0.182125 0.0023749999 0.44187501
0.182125 0.0021250001 0.44312501
0.18287501 0.001625 0.44387501
0.182125 0.001625 0.444875
0.18287501 0.001375 0.444875
0.185875 0.00087500003 0.44387501
0.18512499 0.001125 0.44387501
0.185875 0.00087500003 0.444875
0.182125 0.002625 0.44112501
0.18287501 0.0021250001 0.44187501
0.183625 0.001875 0.441625
0.18387499 0.001625 0.44312501
0.184875 0.001375 0.44312501
0.185875 0.001125 0.44312501
0.18387499 0.001375 0.44387501
0.18387499 0.0021250001 0.44112501
0.18387499 0.0021250001 0.43987501
0.184875 0.001875 0.43987501
0.185875 0.001625 0.43987501
0.18287501 0.0023749999 0.44112501
0.18512499 0.001875 0.44112501
0.185875 0.001375 0.44112501
0.184875 0.001625 0.44187501
0.185875 0.001375 0.44187501
0.186875 0.00062499999 0.44387501
0.18287501 0.002625 0.439125
0.182125 0.002875 0.43987501
0.18287501 0.0023749999 0.43987501
0.184875 0.001875 0.43887499
0.18512499 0.0021250001 0.437875
0.185875 0.001875 0.43687499
0.184875 0.0023749999 0.43687499
0.185625 0.001875 0.437875
0.185875 0.001625 0.439125
0.185875 0.0021250001 0.43612501
0.186875 0.00062499999 0.44312501
0.186875 0.00087500003 0.44112501
0.186875 0.00087500003 0.44187501
0.186875 0.00087500003 0.437875
0.186875 0.00087500003 0.439125
0.186875 0.00087500003 0.43987501
0.186875 0.001125 0.43612501
0.186875 0.00087500003 0.43687499
0.186875 0.00062499999 0.444875
0.187125 0.00012500001 0.44687501
0.186875 0.000375 0.446125
0.18762501 0.00012500001 0.44312501
0.18762501 0.00012500001 0.44387501
0.18762501 0.00012500001 0.444875
0.187875 -0.003125 0.446125
0.187875 -0.0021250001 0.446125
0.187875 -0.003125 0.44687501
0.18737499 -0.003125 0.44387501
0.18762501 -0.003125 0.444875
0.18762501 -0.0021250001 0.444875
0.18762501 0.00012500001 0.446125
0.18737499 -0.0021250001 0.44112501
0.18737499 -0.0021250001 0.44187501
0.18737499 -0.003125 0.44312501
0.18737499 -0.0021250001 0.44312501
0.18762501 -0.0021250001 0.44387501
0.18762501 -0.001125 0.44387501
0.187875 -0.001125 0.444875
0.186875 -0.003125 0.439125
0.187125 -0.0023749999 0.43887499
0.187125 -0.001125 0.439125
0.187125 -0.0021250001 0.43987501
0.18737499 -0.001125 0.44112501
0.18762501 -0.001125 0.44187501
0.18762501 -0.001125 0.44312501
0.18737499 0.00012500001 0.44112501
0.18762501 0.00012500001 0.44187501
0.187125 0.00012500001 0.437875
0.18737499 0.00012500001 0.439125
0.18737499 -0.001125 0.43987501
0.18737499 0.00012500001 0.43987501
0.186875 -0.004125 0.43987501
0.186875 -0.0048750001 0.44112501
0.186875 -0.004125 0.44112501
0.186875 -0.0048750001 0.44187501
0.187125 -0.004125 0.44187501
0.187125 -0.004125 0.44312501
0.187125 -0.0033750001 0.43987501
0.187125 -0.003125 0.44112501
0.18737499 -0.003125 0.44187501
0.18737499 -0.004125 0.44387501
0.18737499 -0.0051250001 0.444875
0.18737499 -0.004125 0.444875
0.18737499 -0.0058749998 0.446125
0.18737499 -0.0051250001 0.446125
0.187125 -0.006875 0.44687501
0.18737499 -0.0058749998 0.44687501
0.18762501 -0.0051250001 0.44687501
0.16662499 0.001875 0.42087501
0.186875 -0.0058749998 0.44312501
0.187125 -0.0048750001 0.44312501
0.187125 -0.0061249998 0.44387501
0.187125 -0.0048750001 0.44387501
0.187125 -0.006875 0.444875
0.187125 -0.0058749998 0.444875
0.187125 -0.006875 0.446125
0.186625 -0.0091249999 0.44312501
0.186875 -0.0081249997 0.44312501
0.185875 -0.011375 0.44187501
0.18637501 -0.010375 0.44312501
0.186625 -0.010375 0.44387501
0.186875 -0.006875 0.44312501
0.186625 -0.010375 0.444875
0.186875 -0.0091249999 0.444875
0.186875 -0.0091249999 0.44387501
0.186875 -0.0081249997 0.44387501
0.18637501 -0.010375 0.44187501
0.18637501 -0.0091249999 0.44187501
0.186625 -0.0081249997 0.44187501
0.186875 -0.006875 0.44387501
0.18512499 -0.018124999 0.44112501
0.18512499 -0.017124999 0.44112501
0.18512499 -0.018124999 0.44187501
0.18537501 -0.017124999 0.44187501
0.18537501 -0.016375 0.44187501
0.18537501 -0.018124999 0.44312501
0.184625 -0.018124999 0.437875
0.184625 -0.018124999 0.439125
0.184875 -0.017124999 0.439125
0.184875 -0.018124999 0.43987501
0.18512499 -0.017124999 0.43987501
0.18537501 -0.016375 0.44112501
0.183625 -0.018874999 0.43487501
0.183625 -0.018124999 0.43487501
0.18387499 -0.017124999 0.43487501
0.18387499 -0.016124999 0.43487501
0.18387499 -0.014875 0.434625
0.18387499 -0.018874999 0.43612501
0.18387499 -0.018124999 0.435875
0.18412501 -0.017124999 0.43612501
0.184375 -0.018124999 0.43687499
0.18287501 -0.021875 0.434625
0.183375 -0.020874999 0.43487501
0.183375 -0.019874999 0.43487501
0.183375 -0.021875 0.43612501
0.183625 -0.020874999 0.43612501
0.18387499 -0.020874999 0.43687499
0.183625 -0.019874999 0.43612501
0.18387499 -0.020125 0.43687499
0.18412501 -0.018874999 0.43687499
0.18412501 -0.020874999 0.437875
0.184375 -0.019874999 0.437875
0.182375 -0.013875 0.42587501
0.182125 -0.018124999 0.42712501
0.182125 -0.017124999 0.42712501
0.182125 -0.016124999 0.42712501
0.182125 -0.014875 0.42712501
0.182125 -0.013875 0.42712501
0.182125 -0.017124999 0.42787501
0.182125 -0.016124999 0.42787501
0.182125 -0.014875 0.42787501
0.182125 -0.013875 0.42787501
0.18287501 -0.017124999 0.423875
0.182625 -0.017124999 0.425125
0.182625 -0.016375 0.425125
0.182625 -0.014875 0.425125
0.182375 -0.017124999 0.42587501
0.182375 -0.016375 0.42587501
0.182375 -0.014875 0.42587501
0.183625 -0.018874999 0.42087501
0.183625 -0.018124999 0.42087501
0.183625 -0.017124999 0.42087501
0.183625 -0.016375 0.42087501
0.18387499 -0.014875 0.42087501
0.183375 -0.018124999 0.42212501
0.183375 -0.017124999 0.42212501
0.183625 -0.016375 0.42212501
0.183375 -0.017124999 0.423125
0.184375 -0.018874999 0.437875
0.184625 -0.019874999 0.439125
0.184625 -0.018874999 0.439125
0.18162499 -0.021875 0.42787501
0.18162499 -0.020874999 0.42787501
0.18187501 -0.019874999 0.42787501
0.18162499 -0.021875 0.42912501
0.18187501 -0.020874999 0.42912501
0.182375 -0.017124999 0.430125
0.182375 -0.016375 0.430125
0.182125 -0.019874999 0.430875
0.182375 -0.018874999 0.430875
0.182625 -0.018874999 0.432125
0.182625 -0.018124999 0.432125
0.18287501 -0.017124999 0.432125
0.18287501 -0.016124999 0.43187499
0.18287501 -0.014875 0.43187499
0.18287501 -0.019874999 0.43287501
0.18287501 -0.018874999 0.43287501
0.18287501 -0.018124999 0.43287501
0.186875 -0.0081249997 0.444875
0.187125 -0.0081249997 0.446125
0.18637501 -0.011875 0.446125
0.18637501 -0.011375 0.446125
0.168125 0.001625 0.423125
0.186625 -0.007125 0.44187501
0.166875 0.0066249999 0.430125
0.168125 0.0066249999 0.430125
0.168125 0.0058749998 0.428875
0.16912501 0.0058749998 0.428875
0.184875 -0.018874999 0.444875
0.18637501 -0.012875 0.446125
0.18537501 -0.018124999 0.444875
0.185625 -0.017124999 0.444875
0.18637501 -0.011875 0.44687501
0.18637501 -0.011375 0.44687501
0.16912501 0.0063749999 0.430125
0.166875 0.0058749998 0.43187499
0.168125 0.0056250002 0.432125
0.171875 0.0048750001 0.43187499
0.16912501 0.0048750001 0.43187499
0.168125 0.0058749998 0.430875
0.184625 -0.019874999 0.446125
0.16912501 0.0056250002 0.43062499
0.169875 0.0058749998 0.430125
0.169875 0.0048750001 0.430875
0.184875 -0.018874999 0.44587499
0.169875 0.0046250001 0.432125
0.18512499 -0.018124999 0.446125
0.18537501 -0.017124999 0.446125
0.184625 -0.018874999 0.44687501
0.184875 -0.018124999 0.44687501
0.18512499 -0.017124999 0.44687501
0.184375 -0.019874999 0.44687501
0.173125 0.0048750001 0.430875
0.184625 -0.020874999 0.44387501
0.184875 -0.019874999 0.44387501
0.18512499 -0.019125 0.44387501
0.184625 -0.020874999 0.444875
0.184625 -0.019874999 0.444875
0.17112499 0.0048750001 0.430875
0.169875 0.0056250002 0.42912501
0.17112499 0.0056250002 0.42912501
0.171875 0.0058749998 0.42912501
0.17112499 0.0056250002 0.42987499
0.171875 0.0056250002 0.430125
0.16912501 0.0046250001 0.42812499
0.16912501 0.0038749999 0.427625
0.168125 0.0046250001 0.42787501
0.169875 0.0046250001 0.42812499
0.169625 0.00087500003 0.42087501
0.169625 0.00087500003 0.421875
0.169875 0.00062499999 0.423125
0.169875 0.0038749999 0.427625
0.183375 -0.024125 0.44687501
0.17112499 0.0048750001 0.42837501
0.171875 0.0048750001 0.42837501
0.17112499 0.0048750001 0.432125
0.171875 0.0051250001 0.430875
0.183125 -0.017124999 0.43287501
0.183375 -0.016375 0.43287501
0.183375 -0.014875 0.43287501
0.183625 -0.017124999 0.43412501
0.183625 -0.016375 0.43412501
0.18387499 -0.014875 0.43412501
0.182375 -0.018124999 0.430875
0.182625 -0.017124999 0.430875
0.182625 -0.016375 0.430875
0.182375 -0.019874999 0.432125
0.182125 -0.018124999 0.42787501
0.182125 -0.018124999 0.42912501
0.182125 -0.017124999 0.42912501
0.182125 -0.018124999 0.430125
0.182125 -0.019125 0.42912501
0.182125 -0.019125 0.42987499
0.18187501 -0.018874999 0.42787501
0.18187501 -0.019874999 0.42912501
0.18187501 -0.020874999 0.430125
0.18187501 -0.019874999 0.430125
0.182125 -0.024125 0.432625
0.182375 -0.025125001 0.43412501
0.182375 -0.024125 0.43412501
0.18287501 -0.025125001 0.44687501
0.18187501 -0.024125 0.432125
0.182375 -0.023125 0.43287501
0.182375 -0.021875 0.43287501
0.182625 -0.023125 0.43412501
0.181375 -0.023125 0.42787501
0.181375 -0.023125 0.42912501
0.181375 -0.024125 0.430125
0.181375 -0.023125 0.430125
0.181375 -0.024125 0.42912501
0.181125 -0.025125001 0.430125
0.180875 -0.025125001 0.427625
0.181125 -0.024125 0.42787501
0.181125 -0.025125001 0.42912501
0.182125 -0.020874999 0.430875
0.182375 -0.020874999 0.432125
0.18162499 -0.021875 0.430125
0.18187501 -0.023125 0.430875
0.18187501 -0.021875 0.430875
0.182125 -0.023125 0.43187499
0.182125 -0.021875 0.432125
0.18162499 -0.024125 0.430875
0.181375 -0.025125001 0.430875
0.18287501 -0.021875 0.43412501
0.18287501 -0.020874999 0.43387499
0.182625 -0.020874999 0.43287501
0.18287501 -0.019874999 0.43387499
0.183375 -0.018874999 0.43412501
0.183375 -0.018124999 0.43412501
0.166875 0.0048750001 0.44687501
0.166875 0.0048750001 0.446125
0.166875 0.0056250002 0.44112501
0.166875 0.0056250002 0.44187501
0.166875 0.0053750002 0.44312501
0.166875 0.0053750002 0.44387501
0.166875 0.0048750001 0.444875
0.168125 0.0046250001 0.446125
0.168125 0.0048750001 0.444875
0.16787501 0.0048750001 0.44387501
0.168125 0.0048750001 0.44312501
0.168125 0.0048750001 0.44187501
0.16912501 0.0046250001 0.44312501
0.16912501 0.0046250001 0.44387501
0.169875 0.004375 0.44112501
0.169875 0.004375 0.44187501
0.166875 0.0056250002 0.43987501
0.16662499 0.0056250002 0.43687499
0.166875 0.0058749998 0.437875
0.166875 0.0058749998 0.439125
0.166875 0.0058749998 0.43612501
0.166875 0.0058749998 0.43487501
0.168125 0.0056250002 0.43487501
0.168125 0.0056250002 0.43612501
0.16912501 0.0053750002 0.43612501
0.169875 0.0048750001 0.43612501
0.169875 0.0046250001 0.43487501
0.16887499 0.0048750001 0.43287501
0.16662499 0.0056250002 0.43412501
0.168125 0.0053750002 0.43412501
0.16912501 0.0048750001 0.43387499
0.16912501 0.0053750002 0.43487501
0.16662499 0.0056250002 0.43287501
0.168125 0.0053750002 0.43287501
0.168125 0.0053750002 0.44112501
0.16887499 0.0048750001 0.44112501
0.16912501 0.0046250001 0.44187501
0.168125 0.0056250002 0.43687499
0.16912501 0.0053750002 0.43687499
0.169875 0.0048750001 0.43687499
0.168125 0.0056250002 0.437875
0.16912501 0.0053750002 0.437875
0.168125 0.0056250002 0.439125
0.168125 0.0053750002 0.43987501
0.17112499 0.004125 0.44112501
0.17112499 0.0048750001 0.43687499
0.17112499 0.0046250001 0.437875
0.17112499 0.004375 0.439125
0.17112499 0.004375 0.43987501
0.169625 0.0048750001 0.43762499
0.16887499 0.0046250001 0.43987501
0.16912501 0.0048750001 0.439125
0.169875 0.0046250001 0.439125
0.169875 0.004375 0.43987501
0.171875 0.0046250001 0.437875
0.171875 0.004375 0.439125
0.169875 0.0046250001 0.43287501
0.17112499 0.0046250001 0.43287501
0.169875 0.0048750001 0.43412501
0.17112499 0.0048750001 0.43412501
0.17112499 0.0048750001 0.43487501
0.17112499 0.0048750001 0.43612501
0.171875 0.0046250001 0.43687499
0.173125 0.004375 0.437875
0.171875 0.0046250001 0.43412501
0.171875 0.0046250001 0.43487501
0.173125 0.004375 0.43487501
0.171875 0.0046250001 0.43612501
0.173125 0.004375 0.43612501
0.173125 0.004375 0.43687499
0.173875 0.004375 0.43687499
0.173875 0.004375 0.437875
0.171875 0.0046250001 0.43287501
0.173125 0.0046250001 0.43412501
0.173875 0.004375 0.43412501
0.17587499 -0.00012500001 0.42712501
0.176625 0.00012500001 0.427625
0.176125 0.00087500003 0.427625
0.176625 0.004375 0.432125
0.183625 -0.023125 0.444875
0.184375 -0.021875 0.444875
0.184375 -0.020874999 0.446125
0.18412501 -0.023125 0.44312501
0.18387499 -0.023375001 0.44387501
0.184375 -0.021875 0.44387501
0.18412501 -0.023125 0.44112501
0.184375 -0.021875 0.44112501
0.18412501 -0.023125 0.44187501
0.17812499 0.004375 0.430875
0.17812499 0.004125 0.432125
0.178625 0.004375 0.430875
0.178875 0.0038749999 0.432125
0.18387499 -0.025125001 0.439125
0.18387499 -0.024125 0.439125
0.18387499 -0.023375001 0.439125
0.182625 -0.025125001 0.43487501
0.18287501 -0.025125001 0.435875
0.18287501 -0.024125 0.435875
0.183125 -0.025125001 0.43687499
0.183375 -0.024125 0.43687499
0.183625 -0.023125 0.43687499
0.183625 -0.025125001 0.437875
0.183625 -0.024125 0.437875
0.18387499 -0.023125 0.437875
0.18387499 -0.022125 0.437875
0.184375 -0.020874999 0.439125
0.184625 -0.019874999 0.43987501
0.184875 -0.018874999 0.43987501
0.184625 -0.019874999 0.44112501
0.184875 -0.019874999 0.44187501
0.184875 -0.019874999 0.44312501
0.18512499 -0.019125 0.44312501
0.184875 -0.018874999 0.44112501
0.184875 -0.018874999 0.44187501
0.184375 -0.021875 0.44187501
0.184625 -0.020874999 0.44187501
0.184375 -0.021875 0.44312501
0.184625 -0.020874999 0.44312501
0.18412501 -0.021875 0.439125
0.18412501 -0.023125 0.43987501
0.184375 -0.021875 0.43987501
0.184375 -0.020874999 0.43987501
0.184625 -0.020874999 0.44112501
0.17812499 0.004125 0.43287501
0.183375 -0.025125001 0.444875
0.178875 0.0038749999 0.43287501
0.183375 -0.025125001 0.446125
0.17812499 0.0038749999 0.43412501
0.18387499 -0.025125001 0.44312501
0.183625 -0.025125001 0.44387501
0.180125 0.0038749999 0.43287501
0.178875 0.0038749999 0.43412501
0.180125 0.0038749999 0.43412501
0.18062501 0.0036249999 0.43412501
0.180125 0.00012500001 0.429625
0.17812499 0.00087500003 0.42837501
0.178625 0.001125 0.42912501
0.178625 0.0021250001 0.42937499
0.178625 0.002875 0.42937499
0.176875 -0.001375 0.42712501
0.178875 -0.003125 0.42787501
0.183625 -0.024125 0.444875
0.183625 -0.024125 0.446125
0.18387499 -0.024125 0.44312501
0.18387499 -0.024125 0.44387501
0.18412501 -0.024125 0.44112501
0.18387499 -0.025125001 0.44187501
0.18387499 -0.024125 0.44187501
0.178625 -0.0021250001 0.42812499
0.18387499 -0.025125001 0.43987501
0.18387499 -0.024374999 0.43962499
0.17812499 -0.001125 0.42787501
0.18387499 -0.025125001 0.44112501
0.177625 0.00012500001 0.42812499
0.17812499 -0.0021250001 0.427625
0.18287501 -0.024125 0.43487501
0.18287501 -0.023125 0.43487501
0.183375 -0.023125 0.43612501
0.183625 -0.021875 0.43687499
0.180125 0.00087500003 0.42987499
0.18162499 -0.025125001 0.432125
0.182125 -0.025125001 0.43287501
0.180125 0.0021250001 0.42987499
0.180875 0.00012500001 0.430125
0.18387499 0.001125 0.43187499
0.18062501 0.00087500003 0.43037501
0.182125 0.001125 0.430875
0.18287501 0.00087500003 0.431375
0.18062501 0.0021250001 0.43037501
0.179625 -0.001125 0.42912501
0.178875 0.00012500001 0.428875
0.178625 -0.001125 0.42837501
0.180125 -0.003125 0.42862499
0.180125 -0.0021250001 0.428875
0.180875 -0.0021250001 0.42987499
0.180875 -0.001125 0.430125
0.181125 -0.003125 0.42987499
0.18187501 -0.023125 0.42587501
0.18187501 -0.021875 0.425625
0.18162499 -0.023125 0.42712501
0.18287501 -0.018124999 0.423875
0.182375 -0.019874999 0.425125
0.182625 -0.018874999 0.425125
0.182625 -0.018124999 0.425125
0.182375 -0.018874999 0.42587501
0.182375 -0.018124999 0.42587501
0.183375 -0.018874999 0.42212501
0.18287501 -0.019874999 0.42287499
0.18287501 -0.018874999 0.423125
0.183125 -0.018124999 0.423125
0.182625 -0.019874999 0.423875
0.18287501 -0.018874999 0.423875
0.182375 -0.020874999 0.425125
0.182125 -0.020874999 0.42587501
0.182125 -0.019874999 0.42587501
0.18187501 -0.021875 0.42712501
0.18187501 -0.020874999 0.42712501
0.18187501 -0.019874999 0.426875
0.182125 -0.018874999 0.42712501
0.183125 -0.019874999 0.42212501
0.18287501 -0.020874999 0.423125
0.182375 -0.021875 0.423875
0.182625 -0.020874999 0.423875
0.18187501 -0.023125 0.42487499
0.182125 -0.021875 0.425125
0.183375 -0.020874999 0.42087501
0.183375 -0.019874999 0.42087501
0.18287501 -0.021875 0.421875
0.18287501 -0.020874999 0.42212501
0.182625 -0.021875 0.423125
0.182125 -0.023125 0.423875
0.18287501 -0.024125 0.42087501
0.183125 -0.023125 0.42087501
0.183375 -0.021875 0.42087501
0.18287501 -0.024125 0.42212501
0.18287501 -0.023125 0.421875
0.182375 -0.024125 0.423125
0.182625 -0.023125 0.423125
0.182125 -0.024125 0.423875
0.18162499 -0.024125 0.42587501
0.182125 -0.0023749999 0.430875
0.181125 -0.025125001 0.42712501
0.181375 -0.024125 0.42712501
0.18162499 -0.025125001 0.425125
0.181375 -0.025125001 0.42587501
0.182125 -0.001125 0.430875
0.18287501 -0.001125 0.431375
0.182625 -0.025125001 0.42212501
0.182375 -0.025125001 0.423125
0.182125 0.00012500001 0.430875
0.18287501 0.00012500001 0.431375
0.18187501 -0.025125001 0.423875
0.18187501 -0.024125 0.425125
0.18037499 -0.0051250001 0.42912501
0.180125 -0.004125 0.42862499
0.181125 -0.004125 0.42987499
0.18287501 -0.025125001 0.42087501
0.18062501 -0.0051250001 0.42937499
0.175125 -0.00062499999 0.42587501
0.175125 0.00012500001 0.426875
0.17587499 -0.001375 0.42587501
0.176125 -0.0021250001 0.42487499
0.17487501 -0.001125 0.425125
0.175125 -0.001375 0.423875
0.17587499 -0.0021250001 0.423875
0.176875 -0.003125 0.423875
0.17812499 -0.003125 0.42712501
0.177625 -0.0021250001 0.42712501
0.176875 -0.0021250001 0.42587501
0.177875 -0.003125 0.42587501
0.176625 -0.002625 0.425125
0.17587499 -0.0021250001 0.42212501
0.176625 -0.002625 0.42087501
0.176625 -0.002625 0.42212501
0.17587499 -0.0023749999 0.423125
0.176875 -0.003125 0.423125
0.176125 -0.0021250001 0.42087501
0.177625 -0.0033750001 0.42212501
0.171875 0.0036249999 0.44687501
0.17112499 0.004125 0.44312501
0.17112499 0.004125 0.44387501
0.171875 0.004125 0.44387501
0.17112499 0.004125 0.444875
0.171875 0.004125 0.444875
0.173125 0.0038749999 0.444875
0.173875 0.0038749999 0.444875
0.171875 0.0038749999 0.446125
0.173125 0.0038749999 0.446125
0.173875 0.0036249999 0.446125
0.173125 0.0036249999 0.44687501
0.175125 0.0036249999 0.446125
0.173875 0.0033750001 0.44687501
0.175125 0.0033750001 0.44687501
0.176125 0.003125 0.44687501
0.176875 0.002875 0.44587499
0.175125 0.0036249999 0.444875
0.176125 0.0033750001 0.444875
0.176875 0.003125 0.444875
0.17812499 0.002875 0.444875
0.176125 0.0033750001 0.446125
0.176875 0.002875 0.44687501
0.17812499 0.002625 0.446125
0.178625 0.0023749999 0.446125
0.17812499 0.002625 0.44687501
0.178625 0.0023749999 0.44687501
0.17112499 0.004125 0.44187501
0.171875 0.004125 0.44187501
0.171875 0.004125 0.44312501
0.173125 0.004125 0.44387501
0.171875 0.004125 0.44112501
0.173125 0.004125 0.44312501
0.173125 0.004375 0.439125
0.171875 0.004375 0.43987501
0.173125 0.004375 0.43987501
0.173125 0.004125 0.44112501
0.173125 0.004125 0.44187501
0.173875 0.0038749999 0.44387501
0.175125 0.0038749999 0.43987501
0.175125 0.0038749999 0.44112501
0.17487501 0.0038749999 0.44187501
0.173875 0.004125 0.439125
0.175125 0.004125 0.439125
0.173875 0.004125 0.43987501
0.173875 0.004125 0.44112501
0.173875 0.004125 0.44187501
0.173875 0.004125 0.44312501
0.178875 0.003125 0.44187501
0.176625 0.0036249999 0.43987501
0.17812499 0.0036249999 0.43987501
0.176625 0.0033750001 0.44112501
0.17812499 0.0033750001 0.44112501
0.178875 0.003125 0.44112501
0.180125 0.003125 0.44112501
0.180875 0.002875 0.44112501
0.17812499 0.003125 0.44187501
0.180125 0.002875 0.44187501
0.177875 0.002875 0.442875
0.178875 0.002875 0.44312501
0.180125 0.002625 0.44312501
0.178625 0.002625 0.44387501
0.176125 0.0038749999 0.43987501
0.176125 0.0036249999 0.44112501
0.176125 0.0036249999 0.44187501
0.176625 0.0033750001 0.44187501
0.17487501 0.0038749999 0.44312501
0.176125 0.0036249999 0.44312501
0.176875 0.003125 0.44312501
0.175125 0.0038749999 0.44387501
0.176125 0.0033750001 0.44387501
0.176875 0.003125 0.44387501
0.177875 0.002875 0.44387501
0.176875 0.0038749999 0.43612501
0.17587499 0.0038749999 0.437875
0.176875 0.0038749999 0.43487501
0.17812499 0.0038749999 0.43612501
0.176875 0.0038749999 0.43687499
0.17812499 0.0038749999 0.43687499
0.178625 0.0036249999 0.43687499
0.176875 0.0038749999 0.437875
0.17812499 0.0036249999 0.437875
0.178625 0.0036249999 0.437875
0.176125 0.0038749999 0.439125
0.176875 0.0038749999 0.439125
0.17812499 0.0036249999 0.439125
0.178625 0.0033750001 0.439125
0.180125 0.0033750001 0.439125
0.178625 0.0033750001 0.43987501
0.180125 0.003125 0.43987501
0.180875 0.003125 0.43987501
0.180875 0.001875 0.444875
0.18062501 0.002625 0.44187501
0.18062501 0.0023749999 0.44312501
0.180125 0.0023749999 0.44387501
0.180875 0.0021250001 0.44387501
0.180125 0.0021250001 0.444875
0.180875 0.003125 0.439125
0.17812499 0.0038749999 0.43487501
0.178625 0.0036249999 0.43612501
0.180125 0.0033750001 0.43687499
0.180125 0.0033750001 0.437875
0.180875 0.003125 0.437875
0.182125 0.002875 0.439125
0.178625 0.0036249999 0.43487501
0.180125 0.0036249999 0.43487501
0.18062501 0.0033750001 0.43487501
0.180125 0.0033750001 0.43612501
0.18062501 0.0033750001 0.43612501
0.182125 0.0033750001 0.43487501
0.182125 0.003125 0.43612501
0.180875 0.003125 0.43687499
0.182125 0.002875 0.43687499
0.182125 0.002875 0.437875
0.18387499 0.0023749999 0.437875
0.18387499 0.0023749999 0.439125
0.18287501 0.002875 0.43612501
0.18287501 0.002875 0.43687499
0.18387499 0.002625 0.43687499
0.18287501 0.002875 0.437875
0.178625 0.0023749999 0.444875
0.180125 0.0021250001 0.44587499
0.180875 0.001875 0.446125
0.180125 0.0021250001 0.44687501
0.18062501 0.001625 0.44687501
0.182125 0.001375 0.44687501
0.18387499 0.001375 0.444875
0.182125 0.001625 0.446125
0.18287501 0.001375 0.446125
0.183625 0.00087500003 0.44687501
0.18387499 0.001125 0.44587499
0.18287501 0.001125 0.44687501
0.184875 0.00062499999 0.44687501
0.18512499 0.001125 0.444875
0.18512499 0.00087500003 0.446125
0.185875 0.00062499999 0.446125
0.185875 0.00062499999 0.44687501
0.17812499 -0.0038749999 0.423875
0.17812499 -0.0033750001 0.423125
0.178625 -0.004375 0.423875
0.178875 -0.004125 0.42212501
0.178625 -0.0036249999 0.42087501
0.178625 -0.004125 0.423125
0.173875 0.0048750001 0.43062499
0.173125 0.003125 0.42787501
0.17112499 0.0038749999 0.42787501
0.173125 0.0021250001 0.427625
0.17112499 0.002875 0.42737499
0.171875 0.002875 0.427625
0.171875 0.0036249999 0.42787501
0.173125 0.0038749999 0.42837501
0.169875 0.002875 0.42712501
0.17112499 0.0021250001 0.426875
0.171875 0.001875 0.42712501
0.173125 0.00087500003 0.426875
0.173875 0.00087500003 0.42712501
0.171875 0.00087500003 0.42662501
0.17587499 0.001875 0.42787501
0.175125 0.0021250001 0.42787501
0.176125 0.002875 0.42837501
0.175125 0.00087500003 0.42737499
0.173125 0.0048750001 0.428875
0.173125 0.0053750002 0.430125
0.173875 0.0051250001 0.430125
0.17487501 0.0046250001 0.42987499
0.175125 0.0046250001 0.430875
0.173125 0.0046250001 0.432125
0.173875 0.0046250001 0.432125
0.175125 0.0046250001 0.432125
0.173125 0.0046250001 0.43287501
0.173875 0.004375 0.43287501
0.175125 0.004375 0.43287501
0.176125 0.004375 0.43287501
0.176125 0.004375 0.432125
0.176875 0.004125 0.43287501
0.176125 0.0046250001 0.430875
0.176625 0.004375 0.430875
0.176125 0.0046250001 0.430125
0.176625 0.0046250001 0.430125
0.173875 0.0048750001 0.428875
0.173875 0.002875 0.42787501
0.173875 0.0038749999 0.42837501
0.17487501 0.0048750001 0.42912501
0.173875 0.0021250001 0.427625
0.175125 0.003125 0.42812499
0.175125 0.0038749999 0.42837501
0.176125 0.0038749999 0.42837501
0.176625 0.00087500003 0.42787501
0.176625 0.0021250001 0.42837501
0.17812499 0.0046250001 0.430125
0.176125 0.0046250001 0.42912501
0.176875 0.0038749999 0.428875
0.17812499 0.0038749999 0.42912501
0.177875 0.002875 0.42912501
0.17812499 0.0021250001 0.428875
0.176625 0.002875 0.42837501
0.17112499 0.000375 0.42087501
0.17112499 0.000375 0.423875
0.170875 0.00087500003 0.425125
0.171875 0.000375 0.425125
0.172875 -0.00012500001 0.425125
0.171875 0.00062499999 0.42587501
0.173875 -0.001125 0.42212501
0.171875 -0.00012500001 0.423875
0.173125 -0.00062499999 0.42212501
0.171625 -0.00012500001 0.423125
0.173125 -0.00062499999 0.423125
0.173125 -0.000375 0.423875
0.173875 -0.00012500001 0.42587501
0.173875 -0.00062499999 0.425125
0.173125 0.00012500001 0.425625
0.173875 -0.001125 0.423125
0.173875 -0.001125 0.423875
0.175125 -0.001625 0.423125
0.171875 -0.00012500001 0.420625
0.173125 -0.00062499999 0.42087501
0.17112499 0.000375 0.42212501
0.171625 -0.00012500001 0.421875
0.17112499 0.00012500001 0.423125
0.173875 -0.001375 0.42087501
0.175125 -0.001625 0.42212501
0.175125 -0.001375 0.42087501
0.177875 -0.003125 0.420625
0.17112499 -0.045125 0.45037499
0.17112499 -0.044124998 0.45087501
0.166875 -0.036874998 0.456375
0.178875 -0.035875 0.448625
0.178875 -0.037124999 0.448125
0.180875 -0.028875001 0.449875
0.181375 -0.026875 0.45012501
0.18062501 -0.026875 0.450625
0.180875 -0.026125001 0.45087501
0.166875 -0.035875 0.45662501
0.168125 -0.035875 0.456375
0.17112499 -0.030125 0.45712501
0.171875 -0.029874999 0.45662501
0.17112499 -0.028875001 0.45737499
0.171875 -0.032125 0.45587501
0.17112499 -0.032125 0.456375
0.171875 -0.031125 0.456375
0.172875 -0.028124999 0.45712501
0.173875 -0.026374999 0.45712501
0.166875 -0.043125 0.45387501
0.166875 -0.041875001 0.45487499
0.166875 -0.038125001 0.45587501
0.168125 -0.038125001 0.45587501
0.168125 -0.036874998 0.45612499
0.16912501 -0.037124999 0.45587501
0.16912501 -0.038125001 0.45587501
0.169875 -0.036874998 0.45587501
0.17112499 -0.036874998 0.455625
0.166875 -0.039124999 0.45587501
0.168125 -0.039124999 0.45587501
0.166875 -0.040125001 0.455625
0.166875 -0.041125 0.45537499
0.168125 -0.040125001 0.45537499
0.16912501 -0.040125001 0.455125
0.16912501 -0.039124999 0.455625
0.168125 -0.041125 0.455125
0.16912501 -0.040874999 0.45487499
0.168125 -0.041875001 0.454375
0.16887499 -0.032125 0.456875
0.169875 -0.039124999 0.45537499
0.169875 -0.038125001 0.455625
0.170875 -0.039124999 0.45487499
0.171875 -0.038125001 0.45487499
0.166875 -0.032125 0.45737499
0.169875 -0.032125 0.45662501
0.168125 -0.031125 0.457625
0.16912501 -0.031125 0.45737499
0.169875 -0.031125 0.45712501
0.17112499 -0.026374999 0.45787501
0.16912501 -0.029874999 0.457625
0.169875 -0.029874999 0.45737499
0.169875 -0.028875001 0.457625
0.168125 -0.033124998 0.45712501
0.169875 -0.033875 0.45662501
0.16912501 -0.033124998 0.456875
0.169875 -0.033124998 0.45662501
0.17112499 -0.031125 0.45662501
0.17112499 -0.046624999 0.44887501
0.173125 -0.026875 0.45737499
0.17362501 -0.027124999 0.456875
0.166875 -0.033875 0.456875
0.171875 -0.029124999 0.45712501
0.17112499 -0.027875001 0.457625
0.173125 -0.028875001 0.45662501
0.173125 -0.029874999 0.45612499
0.173875 -0.029874999 0.455625
0.173875 -0.029124999 0.45587501
0.17112499 -0.033124998 0.456375
0.171625 -0.033124998 0.45587501
0.172875 -0.031125 0.45587501
0.173125 -0.032125 0.455625
0.173875 -0.031125 0.455125
0.173875 -0.032125 0.45487499
0.175125 -0.032125 0.45412499
0.17587499 -0.031125 0.45387501
0.176125 -0.032125 0.45362499
0.175125 -0.031125 0.45462501
0.175125 -0.030125 0.455125
0.17937499 -0.035875 0.448125
0.179625 -0.034875002 0.448125
0.179875 -0.033875 0.44787499
0.178875 -0.035124999 0.44887501
0.17937499 -0.033875 0.44887501
0.175125 -0.026125001 0.45662501
0.17587499 -0.026125001 0.45587501
0.176875 -0.041375 0.44887501
0.176375 -0.041125 0.45012501
0.176875 -0.040125001 0.449875
0.176125 -0.040375002 0.45087501
0.17487501 -0.043125 0.449875
0.175125 -0.028875001 0.455625
0.176125 -0.029874999 0.454375
0.171875 -0.039124999 0.45462501
0.173125 -0.039375 0.45387501
0.17112499 -0.038125001 0.45537499
0.16787501 -0.045125 0.451875
0.169625 -0.043875001 0.45162499
0.16912501 -0.044374999 0.45212501
0.16787501 -0.043875001 0.45287499
0.16912501 -0.043125 0.453125
0.168125 -0.042874999 0.45387501
0.169875 -0.042874999 0.45287499
0.16912501 -0.042125002 0.45387501
0.169875 -0.040125001 0.45487499
0.169875 -0.041375 0.45412499
0.169875 -0.041875001 0.45362499
0.170875 -0.041125 0.45362499
0.17112499 -0.043125 0.451875
0.17112499 -0.042125002 0.453125
0.171875 -0.040125001 0.45387501
0.171875 -0.041375 0.453125
0.17112499 -0.040125001 0.454375
0.171875 -0.042874999 0.45162499
0.173125 -0.044374999 0.45012501
0.171875 -0.041875001 0.45237499
0.173125 -0.043125 0.45087501
0.173125 -0.042125002 0.451875
0.172875 -0.041125 0.45287499
0.173125 -0.040125001 0.45362499
0.17112499 -0.035124999 0.45587501
0.171875 -0.035875 0.455625
0.171875 -0.034875002 0.455625
0.173125 -0.035124999 0.455125
0.16912501 -0.035875 0.45612499
0.169875 -0.036125001 0.45587501
0.170875 -0.035875 0.45587501
0.169875 -0.034875002 0.456375
0.17112499 -0.033875 0.45587501
0.171875 -0.033875 0.45587501
0.173125 -0.033875 0.45537499
0.172875 -0.036874998 0.45487499
0.172875 -0.035875 0.45487499
0.173125 -0.038125001 0.454375
0.171875 -0.036874998 0.45537499
0.173875 -0.036874998 0.45387501
0.173875 -0.035875 0.454375
0.173875 -0.038125001 0.45387501
0.175125 -0.038375001 0.453125
0.175125 -0.036874998 0.45337501
0.175125 -0.033124998 0.45387501
0.17362501 -0.033875 0.45487499
0.173125 -0.033124998 0.45537499
0.17362501 -0.033124998 0.45487499
0.176125 -0.033124998 0.453125
0.17712501 -0.033124998 0.45212501
0.176625 -0.032125 0.45287499
0.17487501 -0.035875 0.45362499
0.17487501 -0.034875002 0.45387501
0.175125 -0.033875 0.45387501
0.173875 -0.034875002 0.45462501
0.176125 -0.033875 0.453125
0.177875 -0.032125 0.45162499
0.17812499 -0.034125 0.45087501
0.17812499 -0.033124998 0.451125
0.178625 -0.032125 0.450625
0.17587499 -0.035875 0.45287499
0.17587499 -0.035124999 0.45287499
0.176875 -0.033875 0.451875
0.175625 -0.036874998 0.45287499
0.177875 -0.037124999 0.449875
0.17812499 -0.035875 0.45012501
0.178625 -0.034875002 0.45012501
0.17712501 -0.036874998 0.451125
0.177625 -0.035875 0.45087501
0.177875 -0.034875002 0.45087501
0.176875 -0.035875 0.451875
0.176875 -0.035124999 0.451875
0.173875 -0.040125001 0.45287499
0.173875 -0.041875001 0.45162499
0.173875 -0.041375 0.451875
0.17487501 -0.039124999 0.45287499
0.173875 -0.039124999 0.45362499
0.175125 -0.040125001 0.451875
0.175125 -0.041125 0.45162499
0.175625 -0.041125 0.450625
0.17587499 -0.039124999 0.45162499
0.176125 -0.038375001 0.451875
0.176625 -0.036874998 0.451875
0.176875 -0.038125001 0.45087501
0.176625 -0.029874999 0.45362499
0.176875 -0.031374998 0.453125
0.177875 -0.029874999 0.45287499
0.17812499 -0.031374998 0.451875
0.178875 -0.033875 0.449875
0.178875 -0.033124998 0.45012501
0.17937499 -0.032125 0.45012501
0.179625 -0.033124998 0.44887501
0.180125 -0.032125 0.44887501
0.178875 -0.031125 0.45087501
0.179625 -0.029874999 0.450625
0.178875 -0.029874999 0.451875
0.179875 -0.031125 0.449875
0.18037499 -0.031125 0.44887501
0.180875 -0.029874999 0.44887501
0.18037499 -0.029874999 0.45012501
0.171875 -0.027875001 0.45737499
0.171875 -0.026875 0.457625
0.171875 -0.026125001 0.45787501
0.173125 -0.026125001 0.457625
0.173875 -0.042874999 0.450625
0.17487501 -0.041875001 0.45087501
0.17587499 -0.041875001 0.449875
0.17487501 -0.043875001 0.44887501
0.17587499 -0.043125 0.44887501
0.176625 -0.041875001 0.448625
0.176625 -0.042874999 0.448125
0.17712501 -0.042125002 0.448125
0.177875 -0.041375 0.44787499
0.168125 -0.033875 0.456875
0.174125 -0.045375001 0.448125
0.175625 -0.043875001 0.448125
0.16912501 -0.033875 0.45662501
0.175125 -0.044624999 0.448125
0.180125 -0.033124998 0.448125
0.18037499 -0.032125 0.448125
0.17712501 -0.026125001 0.455125
0.166875 -0.033124998 0.45712501
0.17587499 -0.029124999 0.45487499
0.176625 -0.027875001 0.45487499
0.17487501 -0.027875001 0.45587501
0.171875 -0.045125 0.449875
0.175125 -0.026875 0.45612499
0.176125 -0.027875001 0.45537499
0.17712501 -0.028875001 0.45412499
0.171625 -0.043875001 0.45087501
0.173125 -0.045375001 0.44912499
0.171875 -0.046124998 0.44887501
0.171875 -0.046875 0.44787499
0.173125 -0.046124998 0.448125
0.166875 -0.034875002 0.456875
0.17362501 -0.043875001 0.449875
0.168125 -0.034875002 0.45662501
0.16912501 -0.034875002 0.456375
0.166875 -0.026875 0.45862499
0.168125 -0.026875 0.45837501
0.16912501 -0.026875 0.45837501
0.173875 -0.027875001 0.45662501
0.176125 -0.026875 0.455625
0.178625 -0.036874998 0.44887501
0.169875 -0.026875 0.458125
0.166875 -0.026125001 0.458875
0.168125 -0.026125001 0.45862499
0.16912501 -0.026125001 0.45837501
0.17812499 -0.028875001 0.45362499
0.166875 -0.031125 0.457625
0.17837501 -0.039124999 0.448125
0.178625 -0.038125001 0.44787499
0.166875 -0.029874999 0.45787501
0.177875 -0.039124999 0.44887501
0.17812499 -0.038125001 0.44887501
0.168125 -0.029874999 0.45787501
0.177625 -0.040125001 0.44887501
0.176875 -0.039124999 0.45012501
0.166875 -0.028875001 0.458125
0.177625 -0.038125001 0.45012501
0.17362501 -0.045125 0.448625
0.176625 -0.039124999 0.45087501
0.178625 -0.028875001 0.45287499
0.180875 -0.031125 0.44787499
0.181375 -0.029874999 0.448125
0.178875 -0.027875001 0.45287499
0.178875 -0.026875 0.453125
0.17812499 -0.040375002 0.448125
0.177875 -0.027875001 0.45387501
0.17812499 -0.027124999 0.45387501
0.176875 -0.027124999 0.45487499
0.180125 -0.029124999 0.45087501
0.168125 -0.029124999 0.45787501
0.17937499 -0.028875001 0.451875
0.179875 -0.027875001 0.45162499
0.180125 -0.027124999 0.451875
0.179625 -0.026125001 0.45287499
0.17812499 -0.026125001 0.45412499
0.178625 -0.026125001 0.45337501
0.18037499 -0.026125001 0.451875
0.16912501 -0.028875001 0.45787501
0.180875 -0.028124999 0.45012501
0.18037499 -0.027875001 0.45087501
0.181375 -0.028875001 0.44887501
0.182375 -0.026125001 0.448125
0.182375 -0.026875 0.448125
0.18187501 -0.027124999 0.448625
0.182125 -0.026125001 0.44887501
0.18162499 -0.026125001 0.45012501
0.182125 -0.028124999 0.448125
0.18162499 -0.027875001 0.44887501
0.166875 -0.027875001 0.45837501
0.168125 -0.027875001 0.458125
0.16912501 -0.028124999 0.45787501
0.169625 -0.027875001 0.45787501
0.168125 -0.032125 0.45712501
0.170875 -0.027124999 0.45787501
0.169875 -0.026125001 0.45837501
0.18187501 -0.028875001 0.448125
0.169875 -0.046124998 0.45012501
0.16912501 -0.046875 0.449875
0.171625 -0.011875 0.45987499
0.173125 -0.011125 0.45987499
0.168125 -0.017124999 0.460125
0.168125 -0.018124999 0.45987499
0.168125 -0.016124999 0.460125
0.17112499 -0.018874999 0.45937499
0.169875 -0.018124999 0.45962501
0.17112499 -0.018124999 0.45937499
0.169875 -0.017124999 0.45987499
0.17112499 -0.017124999 0.45962501
0.17112499 -0.016375 0.45962501
0.173875 -0.014125 0.45912501
0.171875 -0.014875 0.45962501
0.173125 -0.014875 0.45912501
0.171875 -0.013875 0.45962501
0.173125 -0.013875 0.45937499
0.175125 -0.013875 0.45862499
0.176125 -0.013875 0.45837501
0.173125 -0.012875 0.45937499
0.173875 -0.012875 0.45912501
0.17487501 -0.012875 0.458875
0.173125 -0.011875 0.45962501
0.173875 -0.011875 0.45937499
0.173125 -0.0091249999 0.460125
0.171875 -0.0081249997 0.46037501
0.173125 -0.0081249997 0.460125
0.17112499 -0.006875 0.460875
0.171875 -0.007125 0.46062499
0.173125 -0.006875 0.460125
0.171875 -0.0058749998 0.46062499
0.173125 -0.0058749998 0.46037501
0.173125 -0.0051250001 0.46037501
0.177875 -0.011875 0.45787501
0.176125 -0.0091249999 0.45912501
0.176625 -0.011875 0.45837501
0.175125 -0.011125 0.45912501
0.176125 -0.011125 0.458875
0.176625 -0.011375 0.45837501
0.17812499 -0.011125 0.45787501
0.175125 -0.010125 0.45912501
0.17587499 -0.010375 0.458875
0.176625 -0.010375 0.45862499
0.17812499 -0.010125 0.458125
0.176625 -0.0091249999 0.45862499
0.17812499 -0.0091249999 0.45837501
0.17812499 -0.0081249997 0.45837501
0.176875 -0.006875 0.458875
0.173875 -0.0061249998 0.460125
0.187125 -0.0033750001 0.453125
0.18762501 -0.004125 0.45087501
0.18737499 -0.004125 0.451875
0.187125 -0.0061249998 0.45087501
0.18637501 -0.007125 0.451875
0.18762501 -0.0051250001 0.45012501
0.187875 -0.004125 0.45012501
0.18737499 -0.0051250001 0.45087501
0.18387499 -0.006875 0.45587501
0.182625 -0.007125 0.45662501
0.182125 -0.0091249999 0.456875
0.183125 -0.0081249997 0.45612499
0.182625 -0.010375 0.455625
0.18287501 -0.0091249999 0.45587501
0.182125 -0.010375 0.456375
0.183625 -0.0091249999 0.45487499
0.18412501 -0.0081249997 0.455125
0.184625 -0.0091249999 0.45387501
0.18512499 -0.0083750002 0.45387501
0.18512499 -0.0091249999 0.453125
0.18387499 -0.010375 0.45387501
0.183625 -0.010375 0.455125
0.187875 -0.004125 0.44887501
0.187875 -0.004125 0.448125
0.168125 -0.021875 0.45937499
0.187875 -0.0048750001 0.44887501
0.166875 -0.020874999 0.45962501
0.184875 -0.016124999 0.44887501
0.18537501 -0.014875 0.44887501
0.184875 -0.014875 0.449875
0.18512499 -0.013875 0.45012501
0.166875 -0.019874999 0.45962501
0.186625 -0.0091249999 0.44887501
0.185625 -0.011125 0.45012501
0.171875 0.002875 0.45587501
0.166875 -0.025125001 0.458875
0.166875 -0.024125 0.45912501
0.186875 -0.0081249997 0.448125
0.186875 -0.0081249997 0.44887501
0.166875 -0.023125 0.45912501
0.180125 -0.011875 0.45712501
0.18062501 -0.011125 0.456875
0.16912501 -0.021875 0.45912501
0.166875 -0.021875 0.45937499
0.18537501 -0.010375 0.451875
0.185875 -0.0091249999 0.45162499
0.179875 -0.012875 0.456875
0.184875 -0.010125 0.45287499
0.183625 -0.011875 0.45387501
0.18387499 -0.011125 0.45387501
0.186625 -0.0091249999 0.448125
0.168125 -0.020874999 0.45937499
0.166875 -0.011375 0.46062499
0.16912501 -0.018124999 0.45987499
0.18637501 -0.0021250001 0.45387501
0.16912501 0.0038749999 0.45012501
0.16912501 -0.020874999 0.45937499
0.166875 -0.010375 0.46062499
0.169875 0.0038749999 0.45012501
0.185875 -0.001125 0.45387501
0.185625 0.00012500001 0.45387501
0.184625 -0.011375 0.453125
0.18412501 -0.011875 0.453125
0.184875 -0.011875 0.451875
0.185625 -0.011375 0.45087501
0.18512499 -0.011125 0.451875
0.185625 -0.011875 0.45012501
0.18537501 -0.011875 0.45087501
0.184875 -0.007125 0.45487499
0.184875 -0.0058749998 0.45487499
0.187125 -0.0021250001 0.453125
0.18737499 -0.001125 0.45087501
0.18512499 -0.0048750001 0.455125
0.185625 -0.0081249997 0.453125
0.185625 -0.006875 0.45287499
0.18537501 -0.007125 0.45387501
0.185625 -0.0058749998 0.45387501
0.187125 -0.001125 0.451875
0.168125 -0.0091249999 0.460875
0.166875 -0.006875 0.460875
0.169875 -0.020874999 0.45912501
0.182125 -0.0083750002 0.45712501
0.178875 -0.0081249997 0.45787501
0.18762501 -0.0023749999 0.45087501
0.16912501 0.0038749999 0.45087501
0.18762501 -0.0021250001 0.451875
0.186625 -0.001125 0.453125
0.180875 -0.0091249999 0.45712501
0.180125 -0.0081249997 0.457625
0.18062501 -0.0081249997 0.45737499
0.18062501 -0.007125 0.457625
0.182125 -0.006875 0.45712501
0.18062501 -0.011875 0.45662501
0.18162499 -0.012875 0.45587501
0.173875 -0.025125001 0.45737499
0.16662499 -0.0058749998 0.460875
0.168125 -0.0058749998 0.46112499
0.168125 -0.019874999 0.45962501
0.16912501 -0.019874999 0.45937499
0.169875 -0.019874999 0.45912501
0.17112499 -0.019874999 0.45912501
0.168125 -0.018874999 0.45962501
0.18187501 -0.011875 0.45587501
0.182125 -0.011125 0.45587501
0.187875 -0.003125 0.448125
0.187875 -0.0021250001 0.448125
0.187125 0.00012500001 0.448125
0.17112499 0.003125 0.460125
0.169875 0.0036249999 0.45912501
0.17112499 0.0033750001 0.45912501
0.183375 -0.018874999 0.45087501
0.183625 -0.018124999 0.45087501
0.18287501 -0.018124999 0.451875
0.169875 0.0038749999 0.45087501
0.183375 -0.017124999 0.451875
0.182375 -0.018124999 0.453125
0.18412501 -0.016375 0.451125
0.18387499 -0.018874999 0.44887501
0.184375 -0.018124999 0.44887501
0.183625 -0.019874999 0.45012501
0.18387499 -0.018874999 0.45012501
0.184625 -0.017124999 0.44887501
0.18387499 -0.018124999 0.45012501
0.184375 -0.017124999 0.45012501
0.184625 -0.016375 0.45012501
0.183625 -0.017124999 0.45087501
0.171875 0.003125 0.45912501
0.182125 -0.014125 0.455125
0.166875 0.004375 0.45587501
0.166875 0.0038749999 0.45987499
0.166875 0.0046250001 0.45387501
0.187875 -0.001125 0.44887501
0.16912501 0.0038749999 0.451875
0.178875 -0.016124999 0.456875
0.168125 0.0038749999 0.45587501
0.186125 -0.011125 0.448125
0.166875 0.004125 0.45912501
0.166875 0.002875 0.460875
0.168125 -0.0051250001 0.461375
0.16912501 -0.0051250001 0.461375
0.185875 -0.011375 0.44887501
0.166875 0.0021250001 0.46112499
0.168125 0.0021250001 0.461375
0.169875 -0.004125 0.461375
0.168125 0.003125 0.460875
0.16787501 -0.0081249997 0.460875
0.168125 0.0038749999 0.460125
0.16912501 0.003125 0.460875
0.16912501 0.0021250001 0.461375
0.166875 0.0048750001 0.453125
0.16912501 -0.0081249997 0.460875
0.182125 -0.012875 0.455125
0.17112499 0.003125 0.45712501
0.169875 -0.025125001 0.45837501
0.169875 0.0038749999 0.448125
0.178875 -0.014875 0.456875
0.17112499 0.0038749999 0.448125
0.169875 0.0036249999 0.44887501
0.16787501 0.0038749999 0.45912501
0.178875 -0.013875 0.45712501
0.178625 -0.012875 0.45737499
0.16912501 0.0036249999 0.457625
0.17112499 -0.025125001 0.458125
0.183125 -0.012875 0.45412499
0.18287501 -0.011875 0.45487499
0.18287501 -0.011375 0.455125
0.173875 -0.010375 0.45962501
0.173875 -0.0091249999 0.45962501
0.175125 -0.0091249999 0.45937499
0.173875 -0.0081249997 0.45987499
0.166875 0.00012500001 0.460875
0.172875 -0.024125 0.45787501
0.16912501 0.0036249999 0.45912501
0.180125 -0.014875 0.456375
0.175125 -0.0081249997 0.45937499
0.176125 -0.0081249997 0.45912501
0.166875 -0.0081249997 0.460875
0.180125 -0.013875 0.45662501
0.168125 0.00012500001 0.461375
0.16912501 0.0038749999 0.455625
0.18062501 -0.012875 0.456375
0.178875 -0.022125 0.455125
0.18737499 -0.007125 0.448125
0.17812499 -0.021125 0.45587501
0.179125 -0.020874999 0.455125
0.178625 -0.019874999 0.455625
0.18287501 -0.020125 0.45087501
0.180875 -0.010125 0.456875
0.180125 -0.018874999 0.455125
0.178875 -0.0091249999 0.45787501
0.171625 0.002875 0.45712501
0.16662499 0.001125 0.460875
0.179625 -0.023125 0.45362499
0.183625 -0.021875 0.448125
0.177875 -0.012875 0.45787501
0.17112499 0.0033750001 0.457625
0.17487501 -0.011875 0.458875
0.176125 -0.011875 0.45862499
0.173125 0.002625 0.457625
0.173875 -0.011375 0.45937499
0.16912501 -0.018874999 0.45962501
0.16912501 0.0036249999 0.45712501
0.171875 0.003125 0.45787501
0.173125 0.002625 0.45712501
0.169875 -0.018874999 0.45937499
0.16912501 0.0038749999 0.455125
0.169875 0.0038749999 0.455125
0.171875 0.003125 0.455125
0.173125 0.002625 0.45587501
0.173875 0.0023749999 0.45387501
0.173125 0.002625 0.455125
0.173875 0.0023749999 0.45712501
0.173875 0.0023749999 0.45912501
0.173875 0.002625 0.457625
0.175125 0.0023749999 0.45712501
0.175125 0.0023749999 0.457625
0.175125 0.0021250001 0.45912501
0.17587499 0.001875 0.458875
0.176125 0.0021250001 0.45787501
0.176875 0.001125 0.458875
0.176875 0.001875 0.45787501
0.17812499 0.00087500003 0.45862499
0.173875 0.0023749999 0.455125
0.173875 0.0023749999 0.45587501
0.175125 0.0021250001 0.45387501
0.175125 0.0021250001 0.455125
0.176125 0.0021250001 0.453125
0.176125 0.001875 0.45387501
0.176875 0.001875 0.45587501
0.176125 0.0021250001 0.45712501
0.17587499 0.001875 0.45587501
0.176125 0.001875 0.455125
0.176625 0.001625 0.455125
0.17812499 0.001625 0.455125
0.175125 0.0021250001 0.45587501
0.176625 0.001625 0.45387501
0.176875 0.0021250001 0.456875
0.17812499 0.001625 0.45587501
0.17812499 0.001875 0.45712501
0.17812499 0.001625 0.457625
0.178625 0.001625 0.45587501
0.17812499 0.001625 0.45387501
0.176125 0.00012500001 0.45937499
0.176875 0.00012500001 0.45912501
0.176125 0.00087500003 0.45937499
0.176125 -0.001125 0.45962501
0.176875 -0.001125 0.45912501
0.176625 -0.0021250001 0.45937499
0.17812499 -0.0021250001 0.45912501
0.17812499 0.00012500001 0.45862499
0.178625 0.001625 0.45712501
0.178875 0.001125 0.45787501
0.178625 0.00012500001 0.45837501
0.179875 0.00012500001 0.45787501
0.18062501 0.00012500001 0.457625
0.17812499 -0.004125 0.45912501
0.17812499 -0.003125 0.45912501
0.178625 -0.004125 0.45862499
0.178625 -0.003125 0.45862499
0.17812499 -0.001125 0.458875
0.178625 -0.001125 0.45837501
0.178625 -0.0021250001 0.45862499
0.180125 -0.001125 0.45787501
0.180125 -0.0023749999 0.45787501
0.18062501 -0.001125 0.457625
0.180125 0.001375 0.45712501
0.18062501 0.001375 0.45587501
0.180125 0.00087500003 0.457625
0.180875 0.00087500003 0.45712501
0.180125 0.001375 0.45587501
0.180875 0.001125 0.45387501
0.178625 0.001375 0.455125
0.180125 0.001375 0.455125
0.180875 0.001125 0.455125
0.182125 0.001125 0.45587501
0.182125 0.001125 0.455125
0.18187501 0.00087500003 0.45387501
0.18287501 0.00087500003 0.455125
0.182125 0.00087500003 0.45662501
0.182125 -0.001125 0.45712501
0.18287501 -0.001125 0.45662501
0.182625 0.00087500003 0.45587501
0.18387499 0.00062499999 0.455125
0.183625 -0.00012500001 0.45587501
0.182125 0.00012500001 0.45712501
0.18287501 0.00012500001 0.45662501
0.186625 -0.0081249997 0.45012501
0.171875 0.0036249999 0.448125
0.173125 0.0033750001 0.448125
0.17112499 0.0036249999 0.44887501
0.171875 0.0033750001 0.44887501
0.173125 0.0033750001 0.44887501
0.17112499 0.0036249999 0.45012501
0.186875 -0.006875 0.449875
0.18737499 -0.0058749998 0.45012501
0.18637501 -0.0081249997 0.45087501
0.186625 -0.007125 0.45087501
0.186125 -0.010125 0.45012501
0.18637501 -0.0091249999 0.45012501
0.171875 -0.018874999 0.458875
0.185875 -0.010125 0.450625
0.186125 -0.0091249999 0.45087501
0.171875 0.003125 0.451875
0.17112499 0.0033750001 0.45087501
0.171875 0.003125 0.453125
0.173125 0.002625 0.453125
0.171875 0.003125 0.45387501
0.173125 0.002875 0.45387501
0.172875 0.002875 0.45087501
0.171875 0.0033750001 0.45012501
0.173125 0.003125 0.45012501
0.171875 0.003125 0.45087501
0.173875 0.002625 0.45087501
0.173125 0.002875 0.451875
0.173875 0.002625 0.451875
0.173875 0.0023749999 0.453125
0.173875 0.003125 0.44887501
0.17362501 0.002875 0.45012501
0.175125 0.002625 0.45012501
0.176125 0.0023749999 0.45012501
0.175125 0.0023749999 0.45087501
0.175125 0.0023749999 0.451875
0.176125 0.0021250001 0.45087501
0.176125 0.0021250001 0.451875
0.175125 0.0021250001 0.453125
0.175125 0.003125 0.448125
0.176125 0.002875 0.448125
0.175125 0.002875 0.44887501
0.176125 0.002625 0.44887501
0.176875 0.0021250001 0.45087501
0.176625 0.0023749999 0.44887501
0.176875 0.0021250001 0.45012501
0.185875 -0.0081249997 0.451875
0.173875 0.003125 0.448125
0.176625 0.002625 0.448125
0.17812499 0.0023749999 0.44887501
0.171875 -0.019874999 0.458875
0.17112499 0.0033750001 0.455125
0.173125 -0.019874999 0.45862499
0.18387499 -0.012875 0.45287499
0.173125 -0.021875 0.458125
0.173125 -0.020874999 0.45837501
0.17112499 -0.024125 0.45837501
0.173875 -0.019874999 0.45787501
0.171875 -0.024125 0.458125
0.17812499 0.002625 0.448125
0.178625 0.0023749999 0.448125
0.169875 0.0036249999 0.45587501
0.17112499 0.0033750001 0.45587501
0.171875 -0.025125001 0.45787501
0.173125 -0.023125 0.45787501
0.169875 0.0036249999 0.45712501
0.173125 -0.025125001 0.457625
0.180125 -0.022125 0.45387501
0.178625 -0.007125 0.45837501
0.178625 -0.0058749998 0.45837501
0.180125 -0.0058749998 0.458125
0.180125 -0.0051250001 0.45837501
0.187125 -0.006875 0.44887501
0.18762501 -0.0058749998 0.44887501
0.169875 0.0036249999 0.457625
0.16912501 0.0036249999 0.460125
0.18637501 -0.010375 0.448125
0.18637501 -0.010375 0.44887501
0.169875 0.0033750001 0.460125
0.180875 -0.003125 0.45787501
0.175125 -0.024125 0.45712501
0.180125 -0.003125 0.45837501
0.168125 -0.023125 0.45912501
0.17112499 0.0033750001 0.451875
0.176125 -0.025125001 0.45587501
0.18062501 -0.0021250001 0.457625
0.176125 -0.024125 0.456375
0.180875 -0.0048750001 0.45787501
0.169875 0.0038749999 0.453125
0.17112499 0.0033750001 0.453125
0.173875 -0.024125 0.45737499
0.176125 -0.023125 0.45662501
0.177875 -0.025125001 0.45487499
0.17812499 -0.024374999 0.455125
0.176875 -0.023125 0.45587501
0.169875 0.0038749999 0.45387501
0.17112499 0.0033750001 0.45387501
0.173125 -0.018874999 0.45862499
0.171875 -0.018124999 0.45912501
0.176875 -0.0081249997 0.458875
0.18737499 -0.0058749998 0.448125
0.175125 -0.019874999 0.45787501
0.176125 -0.019874999 0.45737499
0.176625 -0.025125001 0.455625
0.176625 -0.024125 0.45587501
0.176875 -0.019874999 0.456875
0.176875 -0.018874999 0.45712501
0.18762501 -0.0051250001 0.448125
0.171875 -0.017124999 0.45937499
0.173875 -0.020874999 0.45787501
0.17362501 -0.021875 0.45787501
0.180875 -0.004125 0.45787501
0.172875 -0.017124999 0.458875
0.18287501 -0.013875 0.45387501
0.185875 -0.011875 0.448125
0.175125 -0.021875 0.45737499
0.180125 -0.020874999 0.45412499
0.16787501 0.0038749999 0.45712501
0.166875 0.0048750001 0.451875
0.16912501 0.00012500001 0.46162501
0.166875 0.0046250001 0.455125
0.168125 0.004375 0.45387501
0.168125 0.004125 0.455125
0.17812499 -0.023125 0.455125
0.168125 0.00087500003 0.461375
0.16912501 0.00087500003 0.46162501
0.169875 0.0021250001 0.461375
0.173125 -0.016124999 0.45912501
0.179875 -0.019874999 0.45487499
0.180125 -0.004125 0.45837501
0.181375 -0.025125001 0.45087501
0.182125 -0.004125 0.457625
0.18287501 -0.004125 0.45737499
0.179875 -0.006875 0.45787501
0.178625 -0.011875 0.457625
0.173875 -0.023125 0.457625
0.178625 -0.011375 0.457625
0.180125 -0.011375 0.45737499
0.178625 -0.010375 0.45787501
0.180125 -0.010375 0.45737499
0.18062501 -0.0058749998 0.45787501
0.182125 -0.0058749998 0.45737499
0.182125 -0.0051250001 0.457625
0.18512499 -0.017124999 0.448125
0.18287501 -0.0048750001 0.45712501
0.176875 0.0021250001 0.451875
0.176875 0.001875 0.453125
0.17812499 0.001625 0.453125
0.178625 0.001375 0.453125
0.17812499 0.0021250001 0.45087501
0.17812499 0.0021250001 0.45012501
0.17812499 0.001875 0.451875
0.178875 0.001875 0.45087501
0.178625 0.001625 0.451875
0.178875 0.0021250001 0.45012501
0.178875 0.0021250001 0.44887501
0.180125 0.001375 0.45087501
0.179875 0.001875 0.44887501
0.18062501 0.001375 0.44887501
0.180125 0.001625 0.45012501
0.180875 0.001125 0.45012501
0.178625 0.001375 0.45387501
0.180125 0.001125 0.45387501
0.180125 0.001375 0.451875
0.180125 0.001125 0.453125
0.180875 0.001125 0.453125
0.18187501 0.00087500003 0.45087501
0.18187501 0.00087500003 0.45012501
0.180875 0.001125 0.45087501
0.18287501 0.00087500003 0.451875
0.183625 -0.004125 0.45662501
0.18387499 -0.020874999 0.44787499
0.18412501 -0.019874999 0.448125
0.184375 -0.018874999 0.448125
0.18287501 -0.0058749998 0.456875
0.184875 -0.018124999 0.448125
0.183625 -0.020874999 0.44887501
0.179875 0.001875 0.44787499
0.182125 0.00087500003 0.44887501
0.18062501 0.001625 0.448125
0.182125 0.001375 0.448125
0.182125 0.001125 0.451875
0.18187501 0.00087500003 0.453125
0.180875 0.001125 0.451875
0.18287501 0.00087500003 0.453125
0.18287501 0.00087500003 0.45387501
0.18287501 0.00062499999 0.45087501
0.18387499 0.00062499999 0.451875
0.18387499 0.00062499999 0.453125
0.184875 0.000375 0.453125
0.18387499 0.00062499999 0.45387501
0.18387499 -0.019874999 0.448625
0.18287501 0.00062499999 0.45012501
0.18387499 0.000375 0.45012501
0.18387499 0.00062499999 0.45087501
0.184875 0.000375 0.45087501
0.184875 0.000375 0.451875
0.184875 0.000375 0.45387501
0.185875 -0.00012500001 0.453125
0.185875 0.00012500001 0.45087501
0.185875 -0.00012500001 0.451875
0.186875 -0.000375 0.45087501
0.18287501 0.00087500003 0.44887501
0.18387499 0.00062499999 0.44887501
0.18512499 0.00012500001 0.45012501
0.18287501 0.001125 0.448125
0.18387499 0.00087500003 0.448125
0.184875 0.00062499999 0.448125
0.184875 0.000375 0.44887501
0.185875 0.00012500001 0.45012501
0.182125 -0.003125 0.45737499
0.182125 -0.0023749999 0.45712501
0.18287501 -0.0021250001 0.456875
0.182125 -0.021125 0.451875
0.180875 -0.022125 0.453125
0.185875 0.000375 0.448125
0.185875 0.00012500001 0.44887501
0.181125 -0.020874999 0.453125
0.18187501 -0.019874999 0.45287499
0.186875 -0.00012500001 0.448625
0.187125 -0.00012500001 0.45012501
0.182125 -0.019125 0.453125
0.168125 -0.024125 0.45912501
0.18287501 -0.003125 0.45712501
0.183625 -0.003125 0.456875
0.18287501 -0.021875 0.449875
0.182125 -0.023125 0.45087501
0.18387499 -0.001125 0.45587501
0.184875 -0.0021250001 0.455625
0.18387499 -0.0021250001 0.456375
0.175125 -0.023125 0.45712501
0.180125 -0.0091249999 0.457625
0.168125 -0.025125001 0.458875
0.16912501 -0.025125001 0.45862499
0.17487501 -0.025125001 0.456875
0.16912501 -0.024125 0.458875
0.18762501 -0.001125 0.45012501
0.187875 -0.003125 0.450625
0.18762501 -0.003125 0.451875
0.182375 -0.021875 0.45087501
0.187875 -0.001125 0.448125
0.187875 -0.003125 0.448625
0.169875 -0.024125 0.45862499
0.18387499 -0.0058749998 0.45587501
0.18412501 -0.0051250001 0.45612499
0.184875 -0.00012500001 0.45487499
0.18512499 -0.001125 0.455125
0.185625 -0.0021250001 0.45487499
0.184875 -0.003125 0.45587501
0.184875 -0.004125 0.455625
0.186625 -0.0058749998 0.451875
0.185875 -0.0058749998 0.453125
0.185625 -0.0048750001 0.45362499
0.17812499 -0.018874999 0.45662501
0.17487501 -0.018874999 0.45787501
0.176125 -0.016375 0.45787501
0.176125 -0.018874999 0.457625
0.176125 -0.018124999 0.457625
0.170875 0.001875 0.460875
0.166875 -0.017124999 0.45987499
0.176625 -0.018124999 0.45737499
0.18537501 -0.004125 0.455125
0.166875 -0.018124999 0.45987499
0.185625 -0.003125 0.45487499
0.18287501 -0.024125 0.44787499
0.186875 -0.0048750001 0.451875
0.187875 -0.0021250001 0.44887501
0.166875 -0.018874999 0.45962501
0.18637501 -0.0051250001 0.453125
0.183375 -0.023125 0.448125
0.187875 -0.0021250001 0.45012501
0.186875 -0.004125 0.45287499
0.185875 -0.004375 0.45387501
0.173875 -0.018874999 0.45837501
0.173125 -0.018124999 0.458875
0.173875 -0.018124999 0.45837501
0.188125 -0.003125 0.45012501
0.166875 -0.016124999 0.460125
0.18637501 -0.003125 0.45387501
0.178875 -0.025125001 0.45387501
0.179125 -0.024125 0.45412499
0.166875 -0.014875 0.460125
0.166875 -0.013875 0.46037501
0.166875 -0.012875 0.46037501
0.166875 -0.011875 0.46062499
0.175125 -0.018124999 0.45787501
0.168125 -0.011875 0.46062499
0.168125 -0.011125 0.460875
0.168125 -0.010125 0.460875
0.179875 -0.025125001 0.45287499
0.180125 -0.024125 0.453125
0.168125 -0.014875 0.46037501
0.18062501 -0.025125001 0.45162499
0.180875 -0.024125 0.451875
0.168125 -0.013875 0.46037501
0.16912501 -0.013875 0.46037501
0.168125 -0.012875 0.46062499
0.16912501 -0.003125 0.46162501
0.16912501 -0.0021250001 0.46162501
0.17112499 -0.0021250001 0.46112499
0.169875 -0.001125 0.46162501
0.17112499 -0.001125 0.46112499
0.169875 0.00012500001 0.461375
0.17112499 0.00012500001 0.46112499
0.169875 0.00087500003 0.461375
0.171875 -0.0021250001 0.460875
0.18162499 -0.024125 0.45087501
0.181125 -0.023125 0.45212501
0.18162499 -0.021875 0.45162499
0.17112499 -0.003125 0.461375
0.171625 -0.001125 0.460875
0.16912501 -0.012875 0.46037501
0.182625 -0.024125 0.44887501
0.18287501 -0.023125 0.44887501
0.171625 0.00012500001 0.460875
0.17112499 0.001125 0.460875
0.183375 -0.021875 0.44887501
0.182125 -0.024374999 0.45012501
0.182625 -0.023125 0.45012501
0.171875 0.0021250001 0.46062499
0.173125 0.002875 0.45912501
0.171875 0.002875 0.45987499
0.173125 0.0021250001 0.45987499
0.173875 0.0021250001 0.45962501
0.171875 0.001125 0.460875
0.173125 0.00087500003 0.46037501
0.173875 0.001125 0.460125
0.173125 0.00012500001 0.46062499
0.173875 0.00012500001 0.460125
0.175125 0.00012500001 0.45987499
0.175125 0.00087500003 0.45962501
0.16912501 -0.004125 0.461375
0.16912501 -0.006875 0.460875
0.169875 -0.012875 0.46037501
0.16912501 -0.011875 0.46062499
0.16912501 -0.011375 0.46062499
0.177875 -0.018124999 0.456875
0.17587499 -0.017124999 0.45787501
0.176625 -0.017124999 0.45737499
0.168125 -0.006875 0.46112499
0.169875 -0.006875 0.460875
0.176625 -0.016375 0.457625
0.16912501 -0.0058749998 0.46112499
0.16912501 -0.017124999 0.45987499
0.17587499 -0.021875 0.456875
0.169875 -0.0061249998 0.460875
0.169875 -0.0051250001 0.461375
0.171875 -0.003125 0.460875
0.182625 -0.025125001 0.448125
0.182375 -0.025125001 0.44887501
0.173125 -0.003125 0.46062499
0.173125 -0.0021250001 0.46062499
0.170875 -0.0058749998 0.46062499
0.17112499 -0.0048750001 0.460875
0.175125 -0.020874999 0.457625
0.176125 -0.020874999 0.45712501
0.176625 -0.020874999 0.45662501
0.171875 -0.0048750001 0.460875
0.17112499 -0.004125 0.46112499
0.171625 -0.004125 0.460875
0.177625 -0.021875 0.455625
0.173125 -0.004125 0.46062499
0.173875 -0.003125 0.46037501
0.178625 -0.023125 0.45462501
0.173875 -0.0021250001 0.46037501
0.173125 -0.001125 0.46062499
0.173875 -0.001125 0.46037501
0.176125 -0.0021250001 0.45987499
0.17487501 -0.001375 0.45987499
0.175125 -0.003125 0.460125
0.175125 -0.0023749999 0.460125
0.17487501 -0.004125 0.45987499
0.173875 -0.004125 0.46037501
0.17362501 -0.006875 0.45987499
0.175125 -0.007125 0.45962501
0.176125 -0.007125 0.45937499
0.176125 -0.004125 0.45962501
0.176125 -0.003125 0.45987499
0.175125 -0.0058749998 0.45962501
0.176625 -0.004125 0.45937499
0.176125 -0.0058749998 0.45937499
0.176625 -0.003125 0.45937499
0.173875 -0.0048750001 0.460125
0.16912501 -0.016124999 0.460125
0.169875 -0.016124999 0.45987499
0.169875 -0.015125 0.460125
0.16912501 -0.014875 0.460125
0.18187501 -0.025125001 0.449875
0.169875 -0.013875 0.460125
0.169875 -0.011875 0.46037501
0.169875 -0.011375 0.46062499
0.16912501 -0.010125 0.460875
0.169875 -0.010375 0.46062499
0.16912501 -0.0091249999 0.460875
0.179125 -0.018124999 0.45612499
0.178625 -0.017124999 0.45662501
0.179875 -0.017124999 0.45587501
0.180125 -0.016375 0.45587501
0.180875 -0.014125 0.45587501
0.180125 -0.018124999 0.455625
0.180875 -0.017124999 0.455125
0.181125 -0.016375 0.455125
0.18187501 -0.014875 0.45487499
0.18062501 -0.014875 0.45587501
0.18162499 -0.018124999 0.45362499
0.182125 -0.017124999 0.45387501
0.18062501 -0.018124999 0.45487499
0.168125 0.0046250001 0.44887501
0.16912501 0.0038749999 0.44887501
0.182125 -0.016375 0.45412499
0.178875 -0.019125 0.45587501
0.168125 0.0046250001 0.45012501
0.168125 0.0046250001 0.45087501
0.168125 0.0046250001 0.451875
0.16662499 0.0048750001 0.44887501
0.17812499 -0.019874999 0.456375
0.166875 0.0048750001 0.45012501
0.18062501 -0.023125 0.453125
0.166875 0.0048750001 0.45087501
0.168125 0.0046250001 0.448125
0.16912501 0.0038749999 0.448125
0.180875 -0.019874999 0.45387501
0.175125 -0.0048750001 0.45987499
0.169875 -0.0091249999 0.46062499
0.169875 -0.0081249997 0.460875
0.171875 -0.011375 0.460125
0.16912501 -0.023125 0.45912501
0.173875 -0.017124999 0.45862499
0.175125 -0.017124999 0.45837501
0.169875 -0.021875 0.458875
0.171875 -0.016375 0.45937499
0.169875 -0.023125 0.458875
0.17112499 -0.011875 0.460125
0.17112499 -0.023125 0.45862499
0.17112499 -0.011375 0.46037501
0.17812499 -0.007125 0.45862499
0.171875 -0.023125 0.45837501
0.17112499 -0.021875 0.45862499
0.169875 -0.0021250001 0.46162501
0.176875 -0.0061249998 0.45912501
0.173875 -0.016375 0.45862499
0.171875 -0.021875 0.45837501
0.170875 -0.020874999 0.458875
0.16912501 -0.001125 0.46162501
0.171875 -0.020874999 0.45862499
0.17112499 -0.010375 0.46037501
0.171875 -0.010125 0.460125
0.176125 -0.0051250001 0.45962501
0.176625 -0.0051250001 0.45937499
0.180875 -0.018874999 0.45387501
0.177875 -0.0048750001 0.458875
0.172875 -0.010375 0.45987499
0.17112499 -0.0091249999 0.46062499
0.184625 -0.012875 0.451875
0.18287501 -0.016124999 0.453125
0.169875 0.0038749999 0.451875
0.166875 -0.004125 0.46112499
0.168125 0.0046250001 0.453125
0.16912501 0.0038749999 0.453125
0.184625 -0.014875 0.45087501
0.184875 -0.013875 0.450625
0.18512499 -0.013125 0.45087501
0.16912501 0.0038749999 0.45387501
0.18537501 -0.016375 0.448125
0.166875 0.004375 0.45712501
0.175125 -0.016375 0.45837501
0.166875 -0.0021250001 0.46112499
0.17362501 -0.014875 0.458875
0.18537501 -0.014875 0.448125
0.185625 -0.013875 0.448125
0.185625 -0.013875 0.44887501
0.185625 -0.012875 0.44887501
0.166875 -0.003125 0.46112499
0.175125 -0.014875 0.45862499
0.176125 -0.014875 0.458125
0.185875 -0.012875 0.44787499
0.168125 -0.003125 0.46162501
0.17812499 -0.0058749998 0.458875
0.171875 -0.0091249999 0.46037501
0.178625 -0.0051250001 0.45862499
0.183125 -0.014875 0.453125
0.183625 -0.013875 0.453125
0.166875 0.0048750001 0.448125
0.182625 -0.014875 0.45387501
0.185875 -0.011875 0.44887501
0.168125 -0.0021250001 0.461375
0.18412501 -0.013875 0.45212501
0.183625 -0.016375 0.451875
0.176125 -0.012875 0.45862499
0.176625 -0.021875 0.456375
0.17812499 -0.017375 0.45712501
0.176875 -0.012875 0.458125
0.16662499 -0.001125 0.460875
0.166875 -0.0048750001 0.46112499
0.168125 -0.004125 0.461375
0.166875 0.004375 0.457625
0.169875 0.002875 0.46062499
0.168125 -0.001125 0.461375
0.18537501 -0.012875 0.45012501
0.166875 -0.0091249999 0.460875
0.169875 -0.003125 0.46162501
0.17812499 -0.016124999 0.45712501
0.176625 -0.014875 0.45787501
0.176875 -0.014125 0.45787501
0.17112499 -0.0081249997 0.46062499
0.17812499 -0.014875 0.45737499
0.170875 -0.013875 0.45987499
0.183625 -0.014875 0.451875
0.17112499 -0.014875 0.45987499
0.18287501 -0.017124999 0.45287499
0.17112499 -0.012875 0.460125
0.182375 -0.019874999 0.451875
0.17812499 -0.013875 0.457625
0.16787501 0.0038749999 0.45787501
0.18287501 -0.018874999 0.45162499
0.171875 -0.012875 0.45987499
0.18287501 -0.020874999 0.45012501
0.182625 -0.020874999 0.45087501
