# .PCD v0.7 - Point Cloud Data file format
VERSION 0.7
FIELDS x y z
SIZE 4 4 4
TYPE F F F
COUNT 1 1 1
WIDTH 3620
HEIGHT 1
VIEWPOINT 0 0 0 1 0 0 0
POINTS 3620
DATA ascii
0.139375 -0.028875001 0.47387499
0.13887499 -0.029874999 0.474875
0.13887499 -0.028875001 0.474875
0.138125 -0.031125 0.476125
0.138375 -0.029874999 0.47587499
0.138375 -0.028875001 0.47587499
0.14112499 -0.028875001 0.47112501
0.138375 -0.027875001 0.47587499
0.13762499 -0.031125 0.47687501
0.106125 -0.028875001 0.47687501
0.104125 -0.027875001 0.47687501
0.104875 -0.027875001 0.47687501
0.106125 -0.027875001 0.47687501
0.104125 -0.026875 0.47687501
0.104875 -0.026875 0.47687501
0.106125 -0.026875 0.47687501
0.102875 -0.026125001 0.476625
0.104125 -0.026125001 0.47687501
0.104875 -0.026125001 0.47687501
0.106875 -0.027875001 0.47687501
0.106875 -0.026875 0.47687501
0.108125 -0.026875 0.47687501
0.106125 -0.026125001 0.47687501
0.106875 -0.026125001 0.47687501
0.108125 -0.026125001 0.47687501
0.108625 -0.027124999 0.47687501
0.108875 -0.026125001 0.47712499
0.13787501 -0.029874999 0.476625
0.13787501 -0.028875001 0.476625
0.14012501 -0.026125001 0.47312501
0.139375 -0.027875001 0.47387499
0.139375 -0.026875 0.47387499
0.13887499 -0.027875001 0.474875
0.13887499 -0.026875 0.474875
0.140625 -0.027875001 0.47187501
0.13987499 -0.028875001 0.47312501
0.143875 -0.026125001 0.469125
0.13987499 -0.027875001 0.47312501
0.13987499 -0.027124999 0.47312501
0.139375 -0.031125 0.47387499
0.139375 -0.029874999 0.47387499
0.13887499 -0.031125 0.47462499
0.138625 -0.032125 0.474875
0.138125 -0.032375 0.476125
0.13762499 -0.032125 0.47687501
0.141875 -0.027875001 0.46987501
0.14112499 -0.027875001 0.47112501
0.139375 -0.032125 0.47312501
0.111875 -0.026125001 0.479875
0.113875 -0.027124999 0.48087499
0.113125 -0.026125001 0.480625
0.114125 -0.027875001 0.480625
0.112625 -0.026875 0.48012501
0.114125 -0.026125001 0.48162499
0.115875 -0.028124999 0.481875
0.115125 -0.026875 0.481875
0.115125 -0.027875001 0.48137501
0.106875 -0.028875001 0.47712499
0.108125 -0.029874999 0.47712499
0.108125 -0.028875001 0.47712499
0.108125 -0.027875001 0.47687501
0.108875 -0.027875001 0.477375
0.108875 -0.029874999 0.477375
0.108875 -0.028875001 0.477375
0.108875 -0.031125 0.477375
0.109875 -0.028875001 0.47787499
0.111125 -0.029874999 0.478625
0.109875 -0.027875001 0.47787499
0.109875 -0.031125 0.47787499
0.109875 -0.029874999 0.47787499
0.111125 -0.026125001 0.478625
0.111125 -0.026875 0.478625
0.109875 -0.026125001 0.47812501
0.109875 -0.026875 0.47787499
0.113125 -0.027875001 0.479875
0.111625 -0.026875 0.479375
0.111875 -0.027875001 0.47887501
0.113125 -0.031125 0.479875
0.113125 -0.029874999 0.479875
0.113125 -0.028875001 0.479875
0.111625 -0.029874999 0.47887501
0.111125 -0.028875001 0.478625
0.111625 -0.028875001 0.47887501
0.113625 -0.028875001 0.480625
0.111125 -0.027875001 0.47837499
0.111625 -0.031125 0.47912499
0.113125 -0.032125 0.479875
0.111125 -0.032125 0.47837499
0.111625 -0.032125 0.47887501
0.111125 -0.031125 0.478625
0.111875 -0.033124998 0.47887501
0.113125 -0.033124998 0.479875
0.108875 -0.032125 0.477375
0.109875 -0.032125 0.47787499
0.112125 -0.033875 0.478625
0.113125 -0.033875 0.479375
0.111125 -0.033124998 0.47837499
0.113625 -0.031125 0.480625
0.113625 -0.029874999 0.480625
0.114875 -0.029874999 0.48087499
0.114875 -0.028875001 0.48087499
0.114875 -0.031125 0.48087499
0.115875 -0.031125 0.481875
0.115875 -0.029874999 0.481875
0.115875 -0.028875001 0.481875
0.114625 -0.034875002 0.48012501
0.112875 -0.035124999 0.47887501
0.113875 -0.034125 0.48012501
0.113625 -0.034875002 0.47962499
0.113625 -0.033124998 0.48037499
0.113625 -0.032125 0.480625
0.114875 -0.032125 0.48087499
0.117125 -0.029874999 0.48212501
0.117125 -0.031125 0.482375
0.115125 -0.033124998 0.48087499
0.115875 -0.032125 0.481875
0.116875 -0.032125 0.481875
0.117125 -0.033124998 0.481875
0.117125 -0.034875002 0.48137501
0.115125 -0.033875 0.480625
0.115625 -0.033875 0.48087499
0.117125 -0.033875 0.48162499
0.115625 -0.033124998 0.48137501
0.120875 -0.032125 0.48287499
0.120125 -0.033875 0.48262501
0.118875 -0.033124998 0.48262501
0.120125 -0.033124998 0.48262501
0.118875 -0.032125 0.48287499
0.120125 -0.032125 0.48287499
0.118125 -0.034875002 0.481875
0.118625 -0.035124999 0.481875
0.120125 -0.034875002 0.482375
0.117875 -0.034125 0.481875
0.118875 -0.033875 0.482375
0.118125 -0.033124998 0.482375
0.118875 -0.035875 0.481875
0.120125 -0.035875 0.481875
0.116875 -0.027124999 0.483125
0.115875 -0.026125001 0.48287499
0.115625 -0.026875 0.482375
0.115125 -0.026125001 0.482375
0.117125 -0.027875001 0.48262501
0.117125 -0.026125001 0.48362499
0.117875 -0.026125001 0.48387501
0.118125 -0.026875 0.48387501
0.118875 -0.026125001 0.48487499
0.122125 -0.026125001 0.48537499
0.117125 -0.028875001 0.48212501
0.118125 -0.028875001 0.48262501
0.117875 -0.028124999 0.483125
0.118875 -0.029124999 0.483125
0.120125 -0.026875 0.484375
0.120875 -0.026875 0.48487499
0.118875 -0.026875 0.484375
0.118875 -0.027875001 0.48362499
0.119875 -0.028124999 0.48387501
0.120125 -0.028875001 0.48337501
0.120875 -0.028375 0.48412499
0.120875 -0.028875001 0.48337501
0.122125 -0.027875001 0.484375
0.120125 -0.026125001 0.48487499
0.120875 -0.026125001 0.48512501
0.121875 -0.027124999 0.48487499
0.122875 -0.026125001 0.48537499
0.124125 -0.026125001 0.48537499
0.122875 -0.027124999 0.48512501
0.124125 -0.027124999 0.48512501
0.122125 -0.028875001 0.48362499
0.122875 -0.028875001 0.48387501
0.122875 -0.027875001 0.484375
0.124125 -0.027875001 0.484375
0.124125 -0.028875001 0.48387501
0.12512501 -0.028875001 0.48387501
0.124875 -0.027875001 0.484375
0.125875 -0.028375 0.48412499
0.125875 -0.028875001 0.48362499
0.118125 -0.032125 0.48262501
0.118125 -0.031125 0.48262501
0.118125 -0.029874999 0.48262501
0.118875 -0.029874999 0.48287499
0.120125 -0.031125 0.48287499
0.118875 -0.031125 0.48287499
0.120875 -0.031125 0.483125
0.120125 -0.029874999 0.483125
0.120875 -0.029874999 0.48337501
0.122875 -0.033124998 0.48287499
0.120875 -0.033875 0.48262501
0.120875 -0.033124998 0.48287499
0.122125 -0.033124998 0.48287499
0.122125 -0.032375 0.483125
0.122125 -0.029874999 0.48337501
0.122125 -0.031125 0.48337501
0.122875 -0.031125 0.48337501
0.122875 -0.029874999 0.48362499
0.122875 -0.032125 0.483125
0.122125 -0.035875 0.482375
0.120875 -0.034875002 0.48262501
0.122125 -0.034875002 0.48262501
0.122875 -0.034875002 0.48287499
0.122125 -0.033875 0.48262501
0.122875 -0.033875 0.48287499
0.124125 -0.033124998 0.483125
0.124125 -0.032125 0.48337501
0.124125 -0.033875 0.48287499
0.124125 -0.031125 0.48337501
0.124875 -0.031125 0.48337501
0.124125 -0.029874999 0.48362499
0.124875 -0.029874999 0.48362499
0.125875 -0.029874999 0.48337501
0.12512501 -0.033374999 0.483125
0.12512501 -0.032125 0.483125
0.125875 -0.031125 0.48337501
0.125625 -0.033124998 0.48287499
0.126875 -0.033124998 0.48262501
0.125875 -0.032125 0.483125
0.126875 -0.032125 0.48287499
0.127875 -0.031125 0.48287499
0.126875 -0.029874999 0.48337501
0.127875 -0.032125 0.48262501
0.12712499 -0.031374998 0.483125
0.124875 -0.026125001 0.48537499
0.125875 -0.026125001 0.48512501
0.12512501 -0.027124999 0.48487499
0.12712499 -0.026125001 0.48512501
0.125625 -0.026875 0.48487499
0.126875 -0.026875 0.484375
0.127875 -0.026875 0.484375
0.127625 -0.027875001 0.48387501
0.12712499 -0.028124999 0.48387501
0.128875 -0.027875001 0.48362499
0.128875 -0.027124999 0.48387501
0.129875 -0.026875 0.48362499
0.127875 -0.026125001 0.48487499
0.128875 -0.026125001 0.484375
0.12962499 -0.026125001 0.48387501
0.13087501 -0.026125001 0.48337501
0.127625 -0.029874999 0.48287499
0.128875 -0.031125 0.482375
0.128875 -0.029874999 0.48262501
0.128875 -0.028875001 0.48287499
0.126875 -0.028875001 0.48337501
0.127875 -0.028875001 0.483125
0.129875 -0.028124999 0.483125
0.129875 -0.028875001 0.48262501
0.13087501 -0.029124999 0.481875
0.13087501 -0.027875001 0.48262501
0.131125 -0.027124999 0.483125
0.13187499 -0.026125001 0.48287499
0.132875 -0.026125001 0.481875
0.13412499 -0.026125001 0.48162499
0.13212501 -0.028124999 0.481875
0.13212501 -0.026875 0.482375
0.132625 -0.026875 0.481875
0.133875 -0.027875001 0.480625
0.132875 -0.027875001 0.48137501
0.13412499 -0.027124999 0.48087499
0.134875 -0.027875001 0.479875
0.135125 -0.026875 0.48012501
0.135875 -0.026125001 0.479875
0.134875 -0.026125001 0.48087499
0.136125 -0.026875 0.47912499
0.136875 -0.027124999 0.47787499
0.136125 -0.028124999 0.47887501
0.13662501 -0.026125001 0.478625
0.13787501 -0.027124999 0.476625
0.13762499 -0.026125001 0.47787499
0.139375 -0.026125001 0.47387499
0.13887499 -0.026125001 0.474875
0.138375 -0.026875 0.47587499
0.138625 -0.026125001 0.47587499
0.138125 -0.026125001 0.47687501
0.124125 -0.034875002 0.48262501
0.124875 -0.034875002 0.48262501
0.125875 -0.034875002 0.48262501
0.12512501 -0.033875 0.48287499
0.125625 -0.036874998 0.481875
0.124125 -0.035875 0.482375
0.124875 -0.035875 0.482375
0.125875 -0.035875 0.48212501
0.122875 -0.036874998 0.481875
0.124125 -0.036874998 0.481875
0.122875 -0.035875 0.482375
0.125875 -0.033875 0.48262501
0.126875 -0.033875 0.48262501
0.128875 -0.033875 0.48162499
0.128875 -0.033124998 0.481875
0.129125 -0.032125 0.481875
0.129875 -0.033875 0.48087499
0.13087501 -0.033875 0.480625
0.129875 -0.033124998 0.48137501
0.127875 -0.034125 0.481875
0.127625 -0.035124999 0.481875
0.128875 -0.034875002 0.48137501
0.127875 -0.033124998 0.482375
0.127875 -0.035875 0.48162499
0.126875 -0.034875002 0.482375
0.128875 -0.036874998 0.48087499
0.129875 -0.035875 0.480625
0.129875 -0.031374998 0.481875
0.13087501 -0.031125 0.48162499
0.129875 -0.029874999 0.48212501
0.13087501 -0.033124998 0.48087499
0.13187499 -0.032125 0.48087499
0.129875 -0.032125 0.48162499
0.13087501 -0.032125 0.48137501
0.13087501 -0.029874999 0.481875
0.13212501 -0.029874999 0.48137501
0.13212501 -0.028875001 0.48162499
0.132875 -0.029874999 0.48087499
0.13212501 -0.031125 0.48087499
0.132875 -0.031125 0.480625
0.13412499 -0.031125 0.48037499
0.13087501 -0.034875002 0.48037499
0.13187499 -0.035124999 0.479875
0.132875 -0.035124999 0.47887501
0.13212501 -0.034125 0.48012501
0.132875 -0.033875 0.47962499
0.13212501 -0.033124998 0.48037499
0.13412499 -0.034125 0.47887501
0.132625 -0.033124998 0.479875
0.133875 -0.032125 0.479875
0.13412499 -0.033124998 0.47962499
0.132875 -0.032125 0.48037499
0.134625 -0.031125 0.479875
0.13412499 -0.029874999 0.48037499
0.132875 -0.028875001 0.48087499
0.13412499 -0.028875001 0.48037499
0.134625 -0.029874999 0.479875
0.134625 -0.028875001 0.479875
0.135875 -0.029874999 0.47887501
0.135875 -0.028875001 0.47887501
0.134875 -0.033124998 0.478625
0.134875 -0.033875 0.47837499
0.135875 -0.033875 0.47787499
0.135875 -0.032125 0.478625
0.136125 -0.033124998 0.47787499
0.134875 -0.032125 0.479375
0.13662501 -0.032125 0.47787499
0.136875 -0.031125 0.47787499
0.135875 -0.031125 0.47887501
0.13787501 -0.027875001 0.476625
0.136875 -0.029874999 0.47787499
0.136875 -0.028875001 0.47787499
0.136875 -0.027875001 0.47787499
0.141625 -0.026125001 0.47087499
0.140875 -0.026125001 0.47187501
0.141625 -0.026875 0.47112501
0.140875 -0.027124999 0.471625
0.142875 -0.026125001 0.46987501
0.132875 -0.035875 0.47887501
0.13412499 -0.034875002 0.478625
0.136125 -0.034875002 0.47712499
0.137375 -0.033875 0.47587499
0.13787501 -0.033124998 0.47587499
0.136875 -0.033875 0.476625
0.136875 -0.033374999 0.47687501
0.093374997 0.0021250001 0.474875
0.092625 0.002875 0.47587499
0.094125003 -0.0021250001 0.474125
0.094125003 -0.001125 0.474125
0.094875 -0.001125 0.47337499
0.094125003 -0.003125 0.474125
0.094875 -0.0021250001 0.473625
0.095875002 -0.0021250001 0.47387499
0.095875002 -0.001125 0.47337499
0.097125001 -0.001125 0.473625
0.101125 -0.003125 0.474875
0.101875 -0.003125 0.474875
0.101875 -0.0051250001 0.475375
0.101875 0.00012500001 0.47312501
0.101625 -0.001125 0.47387499
0.101875 -0.0021250001 0.47462499
0.101875 -0.0083750002 0.47587499
0.101875 -0.006875 0.47587499
0.101125 -0.0058749998 0.47562501
0.101875 -0.0058749998 0.47562501
0.101125 -0.0051250001 0.475375
0.093625002 -0.0051250001 0.474875
0.094125003 -0.004125 0.47437501
0.094125003 -0.0051250001 0.47437501
0.097125001 -0.0021250001 0.47387499
0.097125001 -0.004125 0.47462499
0.092625 0.00012500001 0.47587499
0.091624998 0.00012500001 0.476625
0.095875002 -0.003125 0.474125
0.097125001 -0.003125 0.47437501
0.094875 -0.0051250001 0.47437501
0.095875002 -0.0051250001 0.47462499
0.094875 -0.004125 0.474125
0.095875002 -0.004125 0.47437501
0.094875 -0.0033750001 0.47387499
0.099124998 -0.025125001 0.476125
0.099875003 -0.025125001 0.47637501
0.097874999 -0.024125 0.47587499
0.099124998 -0.024125 0.476125
0.097874999 -0.023125 0.47587499
0.098875001 -0.021875 0.476125
0.099124998 -0.020874999 0.47587499
0.099875003 -0.024125 0.47637501
0.101125 -0.024125 0.47637501
0.098875001 -0.023125 0.476125
0.099875003 -0.023125 0.476125
0.101125 -0.023125 0.47637501
0.101875 -0.023125 0.47637501
0.097874999 -0.021875 0.47587499
0.099875003 -0.021875 0.476125
0.101125 -0.021875 0.47637501
0.101875 -0.021875 0.47637501
0.097874999 -0.020874999 0.47587499
0.091624998 -0.001125 0.476625
0.097125001 0.0021250001 0.47112501
0.097125001 0.004375 0.467125
0.097874999 0.004375 0.467125
0.096874997 0.0038749999 0.467875
0.097125001 0.0036249999 0.469125
0.097874999 0.0036249999 0.469125
0.097125001 0.002875 0.46987501
0.099124998 0.004375 0.467125
0.097874999 0.0038749999 0.467875
0.099124998 0.0038749999 0.467875
0.099124998 0.0036249999 0.469125
0.099875003 0.0038749999 0.467875
0.100875 0.0038749999 0.467875
0.097874999 0.003125 0.46987501
0.099124998 0.003125 0.46987501
0.099875003 0.0036249999 0.469125
0.101125 0.0036249999 0.469125
0.099875003 0.003125 0.46987501
0.101875 0.0036249999 0.469125
0.100875 0.003125 0.46987501
0.095875002 -0.00012500001 0.472875
0.097125001 -0.00012500001 0.472875
0.099124998 0.00087500003 0.472875
0.097874999 0.00012500001 0.47312501
0.099124998 -0.001125 0.47387499
0.097874999 -0.001125 0.473625
0.099124998 0.00012500001 0.47337499
0.099875003 -0.001125 0.474125
0.099875003 -0.0021250001 0.47462499
0.099875003 0.00087500003 0.472875
0.101125 0.00087500003 0.472875
0.101125 -0.001125 0.474125
0.099875003 0.00012500001 0.47337499
0.101125 0.00012500001 0.47337499
0.097874999 0.0021250001 0.47112501
0.099124998 0.0023749999 0.47112501
0.099875003 0.002625 0.47112501
0.099124998 0.001875 0.471625
0.101125 0.002625 0.47112501
0.099875003 0.001875 0.471625
0.101125 0.001875 0.471625
0.101875 0.003125 0.46987501
0.101875 0.001875 0.471625
0.101875 0.00087500003 0.47262499
0.101875 0.0038749999 0.467875
0.092124999 -0.0021250001 0.476625
0.101875 0.0023749999 0.47112501
0.099875003 -0.016124999 0.476125
0.097874999 -0.018124999 0.47587499
0.097874999 -0.017124999 0.47562501
0.099124998 -0.017124999 0.47587499
0.097874999 -0.016375 0.47562501
0.099124998 -0.016124999 0.47587499
0.101125 -0.016124999 0.476125
0.101875 -0.014875 0.47637501
0.099875003 -0.014875 0.47587499
0.097874999 -0.014875 0.47562501
0.099124998 -0.014875 0.47587499
0.101125 -0.014875 0.476125
0.099875003 -0.020874999 0.476125
0.101125 -0.020874999 0.47637501
0.101875 -0.020874999 0.47637501
0.097874999 -0.019874999 0.47587499
0.099124998 -0.019874999 0.47587499
0.099875003 -0.019874999 0.476125
0.101125 -0.019874999 0.47637501
0.101875 -0.019874999 0.47637501
0.097874999 -0.018874999 0.47587499
0.099124998 -0.018874999 0.47587499
0.099875003 -0.018874999 0.476125
0.101125 -0.018874999 0.476125
0.101875 -0.018874999 0.47637501
0.099124998 -0.018124999 0.47587499
0.099624999 -0.018124999 0.476125
0.101125 -0.018124999 0.476125
0.101875 -0.018124999 0.47637501
0.099624999 -0.017124999 0.476125
0.101125 -0.017124999 0.476125
0.101875 -0.017124999 0.47637501
0.101875 -0.016375 0.47637501
0.101875 -0.012875 0.47637501
0.100875 -0.011875 0.476125
0.101875 -0.011875 0.476125
0.100875 -0.011125 0.476125
0.099875003 -0.010125 0.47587499
0.101125 -0.010125 0.47587499
0.099875003 0.0053750002 0.46412501
0.099875003 0.0048750001 0.46487501
0.100875 0.0048750001 0.46487501
0.099875003 0.0046250001 0.465875
0.101125 0.0046250001 0.465875
0.101875 0.0046250001 0.465875
0.093374997 0.00087500003 0.474875
0.092625 0.00087500003 0.47587499
0.091124997 -0.003125 0.47712499
0.092124999 -0.003125 0.476625
0.090875 0.0058749998 0.47762501
0.091875002 0.007125 0.47687501
0.090625003 0.0048750001 0.47787499
0.092124999 0.0048750001 0.47687501
0.091875002 0.0058749998 0.47687501
0.092874996 0.007125 0.474875
0.092874996 -0.0048750001 0.47587499
0.101875 -0.025125001 0.476625
0.101875 -0.024125 0.476625
0.093874998 0.0058749998 0.472875
0.093874998 0.007125 0.472875
0.094374999 0.0048750001 0.47187501
0.094125003 0.0058749998 0.47187501
0.093874998 0.0048750001 0.472875
0.094625004 0.0048750001 0.47112501
0.094374999 0.0058749998 0.47112501
0.094374999 0.007125 0.46987501
0.094374999 0.007125 0.47112501
0.094625004 0.0058749998 0.469125
0.094625004 0.0058749998 0.46987501
0.094875 0.0058749998 0.467875
0.094875 0.0048750001 0.467875
0.094875 0.0046250001 0.46887499
0.095375001 0.0048750001 0.467125
0.095875002 0.004375 0.467125
0.094875 0.0056250002 0.46487501
0.095875002 0.0046250001 0.465875
0.095875002 0.0051250001 0.46487501
0.095875002 0.0053750002 0.46412501
0.097125001 0.0053750002 0.46412501
0.097125001 0.0058749998 0.462125
0.097874999 0.0058749998 0.46287501
0.097874999 0.0048750001 0.46487501
0.099124998 0.0048750001 0.46487501
0.097125001 0.0048750001 0.46612501
0.097874999 0.0048750001 0.46612501
0.099124998 0.0046250001 0.465875
0.097874999 0.0053750002 0.46412501
0.099124998 0.0053750002 0.46412501
0.097125001 0.0048750001 0.46487501
0.097125001 0.0061249998 0.460875
0.097874999 0.0058749998 0.46187499
0.099124998 0.0058749998 0.46287501
0.097874999 0.0061249998 0.460875
0.099124998 0.0061249998 0.460875
0.099124998 0.0058749998 0.46187499
0.097874999 0.0063749999 0.45912501
0.097874999 0.0063749999 0.460125
0.099875003 0.0061249998 0.460875
0.099624999 0.0058749998 0.46187499
0.099124998 0.0063749999 0.45912501
0.099124998 0.0063749999 0.460125
0.099875003 0.0063749999 0.45912501
0.101125 0.0063749999 0.45912501
0.101875 0.0061249998 0.45912501
0.099875003 0.0063749999 0.460125
0.101125 0.0061249998 0.460875
0.100875 0.0056250002 0.46187499
0.101875 0.0056250002 0.46187499
0.099875003 0.0058749998 0.46287501
0.101125 0.0061249998 0.460125
0.101875 0.0061249998 0.460125
0.101875 0.0061249998 0.460875
0.092625 -0.0058749998 0.47587499
0.093874998 -0.007125 0.47462499
0.093874998 -0.0081249997 0.47462499
0.095875002 -0.0081249997 0.474875
0.094875 -0.0091249999 0.47462499
0.094875 -0.0081249997 0.47462499
0.095875002 -0.006875 0.474875
0.094875 -0.0058749998 0.47437501
0.095875002 -0.0058749998 0.47462499
0.097874999 -0.0051250001 0.47462499
0.096874997 -0.006875 0.474875
0.097125001 -0.0058749998 0.47462499
0.097874999 -0.0058749998 0.47512501
0.097125001 -0.0048750001 0.474875
0.099124998 -0.0048750001 0.47512501
0.092874996 0.0048750001 0.474875
0.092874996 0.0058749998 0.474875
0.092625 0.0048750001 0.47587499
0.092625 0.0058749998 0.47587499
0.092625 0.007125 0.47587499
0.093874998 -0.0058749998 0.47462499
0.094875 -0.007125 0.47462499
0.097125001 -0.0081249997 0.47512501
0.097874999 -0.0081249997 0.475375
0.099124998 -0.0081249997 0.47562501
0.097874999 -0.006875 0.47512501
0.099124998 -0.007125 0.475375
0.099124998 -0.0058749998 0.475375
0.099875003 -0.0051250001 0.475375
0.094875 -0.011125 0.47462499
0.094875 -0.010125 0.474875
0.094875 -0.012875 0.474875
0.094875 -0.011875 0.474875
0.095875002 -0.0091249999 0.474875
0.095875002 -0.013875 0.475375
0.095875002 -0.012875 0.47512501
0.095875002 -0.011875 0.47512501
0.095875002 -0.011125 0.47512501
0.095624998 -0.010375 0.474875
0.097125001 -0.012875 0.475375
0.097125001 -0.011875 0.475375
0.097125001 -0.011375 0.475375
0.097125001 -0.010375 0.475375
0.097874999 -0.010375 0.475375
0.097125001 -0.0091249999 0.47512501
0.097874999 -0.0091249999 0.475375
0.097125001 -0.013875 0.475375
0.097874999 -0.013875 0.47562501
0.099124998 -0.013875 0.47587499
0.099875003 -0.013875 0.47587499
0.101125 -0.013875 0.476125
0.101875 -0.013875 0.47637501
0.097874999 -0.012875 0.47562501
0.099124998 -0.012875 0.47587499
0.099875003 -0.012875 0.47587499
0.101125 -0.012875 0.476125
0.097874999 -0.011875 0.47562501
0.099124998 -0.011875 0.47562501
0.099875003 -0.011875 0.47587499
0.097874999 -0.011375 0.47562501
0.099124998 -0.011375 0.47562501
0.099875003 -0.011125 0.47587499
0.099124998 -0.010375 0.47562501
0.099124998 -0.0091249999 0.47562501
0.099875003 -0.0091249999 0.47587499
0.101125 -0.0091249999 0.47587499
0.099875003 -0.0081249997 0.47562501
0.101125 -0.0081249997 0.47587499
0.099875003 -0.007125 0.47562501
0.101125 -0.007125 0.47562501
0.099875003 -0.0058749998 0.475375
0.094125003 0.0038749999 0.47312501
0.093874998 0.003125 0.474125
0.093625002 0.0038749999 0.47387499
0.093625002 0.0048750001 0.47387499
0.093125001 0.002875 0.47512501
0.092874996 0.0038749999 0.474875
0.092625 0.0038749999 0.47587499
0.094125003 0.003125 0.47312501
0.093874998 0.0021250001 0.47387499
0.094625004 0.002875 0.47187501
0.094374999 0.0021250001 0.47312501
0.094875 0.0021250001 0.47187501
0.094625004 0.00087500003 0.472875
0.093874998 0.001125 0.47387499
0.094875 0.00012500001 0.47312501
0.094625004 0.0048750001 0.46987501
0.094625004 0.0038749999 0.47112501
0.094374999 0.0038749999 0.47187501
0.094875 0.0038749999 0.46987501
0.095624998 0.0036249999 0.469125
0.094875 0.003125 0.47112501
0.095875002 0.003125 0.46987501
0.095875002 0.001125 0.47187501
0.095875002 0.0021250001 0.47112501
0.097125001 0.001125 0.47187501
0.097874999 0.001125 0.47187501
0.092625 -0.001125 0.47587499
0.092625 -0.0021250001 0.47587499
0.093374997 -0.003125 0.474875
0.093374997 -0.0021250001 0.474875
0.092874996 -0.004125 0.47587499
0.092874996 -0.003125 0.47587499
0.094125003 0.00012500001 0.474125
0.093374997 0.00012500001 0.474875
0.093374997 -0.001125 0.474875
0.090875 0.0021250001 0.47762501
0.090875 0.002875 0.47762501
0.090625003 0.0038749999 0.47787499
0.101875 0.0048750001 0.46487501
0.101125 0.0056250002 0.462625
0.101875 0.0056250002 0.462625
0.101125 0.0053750002 0.46412501
0.101875 0.0053750002 0.46412501
0.099875003 0.004375 0.467125
0.101125 0.004375 0.467125
0.101875 0.004375 0.467125
0.097874999 -0.003125 0.47462499
0.097874999 -0.0021250001 0.474125
0.099124998 -0.0021250001 0.47437501
0.098875001 -0.004375 0.47462499
0.097874999 -0.004125 0.474875
0.099875003 -0.004125 0.47512501
0.099124998 -0.003125 0.474875
0.099875003 -0.0033750001 0.47462499
0.101125 -0.0021250001 0.47462499
0.101125 -0.004125 0.47512501
0.101875 -0.004125 0.47512501
0.101875 -0.0091249999 0.476125
0.101875 -0.011125 0.476125
0.101875 -0.010125 0.476125
0.095875002 -0.014875 0.47512501
0.092625 -0.007125 0.47587499
0.118875 -0.018124999 0.48662499
0.120125 -0.018124999 0.486875
0.118875 -0.017124999 0.486875
0.119875 -0.017375 0.48712501
0.120125 -0.016375 0.48737499
0.120125 -0.014875 0.487625
0.120625 -0.018124999 0.48712501
0.120875 -0.018874999 0.486875
0.122125 -0.018124999 0.48712501
0.120875 -0.017124999 0.48737499
0.120875 -0.016375 0.487625
0.122125 -0.019125 0.486875
0.120875 -0.019874999 0.48662499
0.122125 -0.019874999 0.48662499
0.122875 -0.018124999 0.48712501
0.124125 -0.018375 0.48712501
0.120875 -0.020874999 0.486375
0.122125 -0.020874999 0.486375
0.122125 -0.021875 0.48612499
0.122875 -0.021875 0.48612499
0.122875 -0.020874999 0.486375
0.124125 -0.021875 0.48612499
0.124125 -0.020874999 0.486375
0.124125 -0.019874999 0.48662499
0.122875 -0.018874999 0.486875
0.122875 -0.019874999 0.48662499
0.124125 -0.018874999 0.486875
0.124875 -0.018874999 0.48662499
0.12512501 -0.018124999 0.486875
0.122875 -0.017124999 0.48737499
0.124125 -0.017124999 0.48737499
0.124875 -0.017124999 0.48737499
0.124125 -0.016375 0.487625
0.124875 -0.016375 0.487625
0.12512501 -0.014875 0.487625
0.125875 -0.017124999 0.48712501
0.125875 -0.016375 0.48737499
0.125875 -0.014875 0.48787501
0.126875 -0.014875 0.487625
0.126875 -0.017124999 0.486875
0.125625 -0.018124999 0.486875
0.126875 -0.018124999 0.48662499
0.126875 -0.016375 0.48737499
0.127625 -0.016124999 0.486875
0.127875 -0.014875 0.48737499
0.127875 -0.018124999 0.486375
0.127875 -0.017124999 0.48662499
0.128875 -0.017124999 0.486375
0.128875 -0.016375 0.48662499
0.109875 0.0056250002 0.48287499
0.109875 0.0063749999 0.481875
0.108875 0.0076250001 0.47787499
0.107375 0.0038749999 0.48012501
0.107375 0.0048750001 0.48012501
0.107875 0.0038749999 0.48087499
0.107875 0.0048750001 0.48087499
0.108625 0.0048750001 0.481875
0.108625 -0.018874999 0.47812501
0.109875 -0.018874999 0.479875
0.109125 -0.018124999 0.478625
0.109625 0.0021250001 0.483125
0.109625 0.00087500003 0.483125
0.108125 0.001125 0.48087499
0.108625 0.00012500001 0.48212501
0.109875 -0.018124999 0.479875
0.111125 -0.012875 0.48287499
0.121875 -0.023125 0.48587501
0.122875 -0.023125 0.48587501
0.122875 -0.025125001 0.485625
0.122125 -0.024125 0.48587501
0.122875 -0.024125 0.48587501
0.136875 0.007125 0.48087499
0.111125 -0.011875 0.48287499
0.120125 -0.025125001 0.48512501
0.120875 -0.025125001 0.48537499
0.120125 -0.024125 0.485625
0.13887499 0.006875 0.479875
0.124125 -0.023125 0.48587501
0.124125 -0.025125001 0.485625
0.124125 -0.024125 0.48587501
0.138125 0.0066249999 0.48087499
0.108125 0.0021250001 0.48087499
0.108625 0.00087500003 0.48212501
0.108875 0.0021250001 0.481875
0.139125 0.007125 0.47887501
0.13887499 0.0078750001 0.47687501
0.13887499 0.0076250001 0.47787499
0.13987499 0.006875 0.47812501
0.106875 -0.001375 0.47812501
0.107375 0.00012500001 0.47887501
0.107625 0.00012500001 0.48012501
0.107625 0.00087500003 0.48012501
0.107375 -0.001125 0.47887501
0.107875 -0.001125 0.48012501
0.13987499 0.0058749998 0.47887501
0.108125 -0.0021250001 0.479875
0.108375 -0.001125 0.48087499
0.139375 0.0058749998 0.48012501
0.13887499 0.0048750001 0.48087499
0.140375 0.0048750001 0.47887501
0.13987499 0.0048750001 0.479875
0.151875 -0.0081249997 0.46487501
0.108125 0.00012500001 0.48087499
0.108625 -0.0021250001 0.48087499
0.109625 0.00012500001 0.483125
0.15162501 -0.007125 0.464625
0.15287501 -0.006875 0.463875
0.13987499 0.0078750001 0.474125
0.109125 0.0048750001 0.48287499
0.108625 0.0038749999 0.48212501
0.109625 0.0038749999 0.483125
0.109625 0.002875 0.483125
0.110125 0.002875 0.48362499
0.110875 0.0038749999 0.48412499
0.109875 0.0048750001 0.48337501
0.111125 0.0063749999 0.481875
0.111125 0.0058749998 0.483125
0.111125 0.0056250002 0.48387501
0.110875 0.0048750001 0.48387501
0.110375 0.0021250001 0.48387501
0.111875 0.0021250001 0.48512501
0.111125 0.0021250001 0.484375
0.113125 0.0048750001 0.48512501
0.111875 0.003125 0.48512501
0.111125 0.002875 0.484375
0.12512501 -0.021875 0.48612499
0.124875 -0.020874999 0.486375
0.125875 -0.020874999 0.486375
0.124875 -0.019874999 0.48662499
0.125875 -0.019874999 0.486375
0.125875 -0.022125 0.48587501
0.124875 -0.025125001 0.485625
0.124875 -0.024125 0.485625
0.12512501 -0.023125 0.48587501
0.125875 -0.023125 0.48587501
0.111875 0.0036249999 0.48487499
0.125875 -0.025125001 0.48537499
0.126875 -0.025125001 0.48537499
0.125875 -0.024125 0.485625
0.129125 -0.023125 0.48512501
0.129125 -0.024125 0.48487499
0.126875 -0.023125 0.485625
0.127875 -0.023125 0.48537499
0.128875 -0.021875 0.48537499
0.127875 -0.025125001 0.48512501
0.126875 -0.024125 0.48537499
0.127875 -0.024125 0.48512501
0.125875 -0.018874999 0.48662499
0.126875 -0.018874999 0.486375
0.126875 -0.019874999 0.486375
0.127875 -0.018874999 0.48612499
0.12712499 -0.021875 0.48587501
0.127875 -0.021875 0.485625
0.12712499 -0.021125 0.48587501
0.127875 -0.020125 0.48587501
0.128875 -0.018375 0.48587501
0.127875 -0.020874999 0.48587501
0.128875 -0.020874999 0.48537499
0.128875 -0.019874999 0.485625
0.128875 -0.018874999 0.48587501
0.12962499 -0.020874999 0.48487499
0.13087501 -0.018874999 0.48462501
0.13187499 -0.019874999 0.48387501
0.129875 -0.019874999 0.48512501
0.13087501 -0.019874999 0.484375
0.129875 -0.018874999 0.48537499
0.131125 -0.024125 0.48387501
0.129875 -0.024125 0.484375
0.129875 -0.023125 0.484375
0.132875 -0.021875 0.483125
0.13087501 -0.020874999 0.484375
0.13187499 -0.020874999 0.48387501
0.113125 0.002875 0.485625
0.113125 0.0038749999 0.48537499
0.111875 0.0048750001 0.48487499
0.108125 0.003125 0.48087499
0.108875 0.003125 0.481875
0.15287501 -0.0091249999 0.46412501
0.139625 0.0078750001 0.474875
0.15287501 -0.0081249997 0.46412501
0.14012501 0.007125 0.47587499
0.13987499 0.007125 0.47687501
0.13987499 0.0078750001 0.472875
0.140625 0.007125 0.474875
0.151875 -0.0091249999 0.46487501
0.128875 -0.025125001 0.484375
0.129875 -0.025125001 0.48387501
0.13087501 -0.025125001 0.48362499
0.131125 -0.023125 0.48387501
0.131125 -0.021875 0.48412499
0.13212501 -0.023125 0.48362499
0.12962499 -0.021875 0.48487499
0.13212501 -0.021875 0.48362499
0.133875 -0.025125001 0.481875
0.132625 -0.024125 0.48287499
0.132625 -0.023125 0.48287499
0.132875 -0.025125001 0.48262501
0.13212501 -0.024125 0.48337501
0.15387499 -0.0058749998 0.46287501
0.153625 -0.0051250001 0.46287501
0.15387499 -0.004125 0.46237499
0.15512501 -0.0058749998 0.462625
0.155875 -0.0051250001 0.46162501
0.154875 -0.004375 0.46187499
0.15512501 -0.001375 0.45912501
0.13212501 -0.025374999 0.483125
0.155875 -0.0021250001 0.45912501
0.154875 -0.003125 0.460875
0.107875 -0.023125 0.47687501
0.108125 -0.024125 0.47687501
0.108875 -0.023125 0.47787499
0.109125 -0.024125 0.47787499
0.154875 -0.0023749999 0.45987499
0.155875 -0.003125 0.460125
0.124125 -0.0091249999 0.488875
0.124125 -0.0081249997 0.48912501
0.124875 -0.0091249999 0.488875
0.125875 -0.0091249999 0.488875
0.12512501 -0.0081249997 0.488875
0.125625 -0.0081249997 0.488875
0.12512501 -0.010125 0.488875
0.125875 -0.010125 0.488875
0.126875 -0.010375 0.48837501
0.126875 -0.0091249999 0.48837501
0.12712499 -0.0081249997 0.488875
0.12512501 -0.006875 0.48912501
0.125875 -0.006875 0.48912501
0.127875 -0.0091249999 0.48837501
0.128875 -0.0081249997 0.48837501
0.127875 -0.010375 0.48837501
0.128875 -0.0091249999 0.48837501
0.127875 -0.0058749998 0.489375
0.129125 -0.0061249998 0.488875
0.129875 -0.0058749998 0.48837501
0.129875 -0.0051250001 0.48837501
0.127875 -0.007125 0.488875
0.127875 -0.0081249997 0.48837501
0.128875 -0.007125 0.48837501
0.129875 -0.007125 0.48837501
0.129875 -0.0083750002 0.48787501
0.129125 -0.010375 0.48787501
0.12962499 -0.0091249999 0.487625
0.129875 -0.010375 0.487625
0.13187499 -0.0081249997 0.486875
0.13087501 -0.007125 0.487625
0.131125 -0.010125 0.48712501
0.131125 -0.0091249999 0.48712501
0.13212501 -0.0091249999 0.48662499
0.132625 -0.0091249999 0.48587501
0.13087501 -0.0081249997 0.48737499
0.125875 -0.014125 0.48787501
0.12712499 -0.013875 0.48787501
0.125875 -0.012875 0.48837501
0.12712499 -0.013125 0.48787501
0.126875 -0.011875 0.48837501
0.126875 -0.011375 0.48837501
0.127875 -0.012125 0.48787501
0.127875 -0.012875 0.48787501
0.127875 -0.011375 0.48837501
0.128875 -0.014875 0.486875
0.127875 -0.013875 0.487625
0.13087501 -0.011875 0.486875
0.129875 -0.011375 0.48737499
0.12962499 -0.012875 0.486875
0.128875 -0.011125 0.48787501
0.129125 -0.013875 0.48712501
0.129875 -0.013875 0.48662499
0.128875 -0.012875 0.48737499
0.13087501 -0.012875 0.48662499
0.128875 -0.011875 0.487625
0.129875 -0.011875 0.48737499
0.13212501 -0.0048750001 0.48712501
0.131125 -0.0048750001 0.48787501
0.132875 -0.0081249997 0.48587501
0.132875 -0.006875 0.48587501
0.132875 -0.0058749998 0.48587501
0.132875 -0.0051250001 0.48612499
0.13187499 -0.006875 0.486875
0.13212501 -0.0058749998 0.48712501
0.13087501 -0.0058749998 0.48787501
0.12962499 -0.017124999 0.485625
0.13187499 -0.016124999 0.48487499
0.129875 -0.014875 0.486375
0.13087501 -0.014875 0.48587501
0.13212501 -0.014875 0.48512501
0.131125 -0.013875 0.48587501
0.129875 -0.016124999 0.48587501
0.13087501 -0.016375 0.48537499
0.132875 -0.014875 0.484375
0.13212501 -0.013875 0.485625
0.13212501 -0.011875 0.48587501
0.13087501 -0.011125 0.486875
0.132875 -0.011875 0.48512501
0.133875 -0.011375 0.48462501
0.13212501 -0.011125 0.48587501
0.13212501 -0.010375 0.48612499
0.132875 -0.011375 0.48537499
0.132875 -0.010375 0.485625
0.133875 -0.014875 0.48387501
0.132875 -0.013875 0.48487499
0.132875 -0.012875 0.48512501
0.13187499 -0.012875 0.48587501
0.135125 -0.012875 0.483125
0.135875 -0.011875 0.48287499
0.13412499 -0.013875 0.48387501
0.13412499 -0.012875 0.48412499
0.134625 -0.011875 0.48362499
0.135875 -0.016124999 0.481875
0.136125 -0.014875 0.481875
0.134875 -0.014875 0.48287499
0.134875 -0.013875 0.483125
0.136125 -0.013875 0.481875
0.136125 -0.012875 0.48212501
0.136875 -0.006875 0.481875
0.136875 -0.0058749998 0.481875
0.136125 -0.006875 0.483125
0.136125 -0.0058749998 0.483125
0.134875 -0.0081249997 0.48387501
0.134875 -0.006875 0.48387501
0.135125 -0.0058749998 0.48412499
0.13412499 -0.0081249997 0.48512501
0.13412499 -0.006875 0.48512501
0.13412499 -0.0058749998 0.48512501
0.13412499 -0.0051250001 0.48512501
0.135125 -0.0051250001 0.48412499
0.136125 -0.0081249997 0.483125
0.13887499 -0.004125 0.48012501
0.139125 -0.003125 0.48012501
0.138125 -0.003125 0.481125
0.138625 -0.0021250001 0.48087499
0.138625 -0.001125 0.480625
0.13787501 -0.0021250001 0.48162499
0.13787501 -0.001125 0.48162499
0.136875 -0.001125 0.48287499
0.139125 -0.0021250001 0.48012501
0.13887499 -0.0048750001 0.48012501
0.138125 -0.0058749998 0.48087499
0.138125 -0.0048750001 0.48087499
0.138125 -0.004125 0.481125
0.137125 -0.004125 0.48212501
0.13762499 -0.003125 0.481875
0.13662501 -0.0021250001 0.48287499
0.137125 -0.0051250001 0.48212501
0.136125 -0.0051250001 0.483125
0.136375 -0.004125 0.483125
0.13662501 -0.003125 0.48287499
0.135875 -0.004125 0.48362499
0.135875 -0.003125 0.48362499
0.135875 -0.0021250001 0.48387501
0.134625 -0.004125 0.48462501
0.139375 -0.0058749998 0.47887501
0.139375 -0.0051250001 0.47887501
0.13987499 -0.004125 0.478625
0.139125 -0.007125 0.47912499
0.13887499 -0.0058749998 0.479875
0.134875 -0.010125 0.48387501
0.134875 -0.0091249999 0.48387501
0.133875 -0.010125 0.48487499
0.133875 -0.0091249999 0.48487499
0.135875 -0.011375 0.48287499
0.135875 -0.010125 0.48287499
0.134625 -0.011375 0.48362499
0.13412499 -0.011875 0.484375
0.13787501 -0.010375 0.480625
0.13662501 -0.011375 0.48162499
0.13662501 -0.010375 0.48162499
0.136875 -0.0091249999 0.481875
0.135875 -0.0091249999 0.48287499
0.138125 -0.012875 0.48012501
0.136875 -0.015125 0.48087499
0.136875 -0.013875 0.48087499
0.137125 -0.012875 0.481125
0.13662501 -0.011875 0.481875
0.137125 -0.011875 0.481125
0.138125 -0.011875 0.48012501
0.138375 -0.011375 0.48012501
0.13787501 -0.011375 0.480625
0.138625 -0.010375 0.48012501
0.13887499 -0.011875 0.47887501
0.139125 -0.010375 0.47912499
0.13787501 -0.0091249999 0.480625
0.13787501 -0.0081249997 0.48087499
0.138125 -0.006875 0.48087499
0.136875 -0.0081249997 0.481875
0.13887499 -0.0081249997 0.47887501
0.138625 -0.0091249999 0.48012501
0.138625 -0.0081249997 0.48012501
0.138625 -0.007125 0.48012501
0.13887499 -0.0091249999 0.47887501
0.141875 -0.0081249997 0.471625
0.14137501 -0.0081249997 0.47312501
0.141875 -0.0091249999 0.47187501
0.140375 -0.012875 0.47587499
0.13987499 -0.012875 0.47687501
0.13987499 -0.011875 0.47687501
0.139375 -0.011875 0.47787499
0.139375 -0.010375 0.47787499
0.13987499 -0.0091249999 0.47812501
0.13987499 -0.0081249997 0.47787499
0.13987499 -0.010125 0.47687501
0.140625 -0.007125 0.47587499
0.140625 -0.0058749998 0.47587499
0.13987499 -0.0091249999 0.47687501
0.14012501 -0.0081249997 0.47687501
0.14012501 -0.006875 0.47687501
0.140875 -0.0081249997 0.474875
0.140875 -0.006875 0.474875
0.140375 -0.010375 0.47587499
0.140375 -0.0091249999 0.47587499
0.140375 -0.0081249997 0.47587499
0.14112499 -0.0081249997 0.474125
0.140625 -0.010375 0.474875
0.140625 -0.0091249999 0.474875
0.13987499 -0.011125 0.47687501
0.139375 -0.011375 0.47787499
0.13887499 -0.011125 0.47887501
0.140625 -0.011375 0.474875
0.140375 -0.011875 0.47587499
0.140375 -0.011375 0.47587499
0.14137501 -0.010375 0.47312501
0.14137501 -0.0091249999 0.47312501
0.14112499 -0.010125 0.474125
0.14112499 -0.0091249999 0.474125
0.141875 -0.011125 0.471625
0.141875 -0.010125 0.47187501
0.14137501 -0.011375 0.47312501
0.14112499 -0.011125 0.474125
0.14237501 -0.010375 0.47112501
0.143125 -0.010375 0.470375
0.14237501 -0.011375 0.47112501
0.140875 -0.013875 0.47387499
0.140625 -0.012875 0.474875
0.140625 -0.011875 0.474875
0.141875 -0.011875 0.471625
0.14137501 -0.012875 0.47312501
0.14137501 -0.011875 0.47312501
0.140875 -0.012875 0.47387499
0.140875 -0.011875 0.47387499
0.141875 -0.016124999 0.471625
0.141875 -0.014875 0.47187501
0.140875 -0.018124999 0.47312501
0.14137501 -0.017124999 0.47312501
0.14137501 -0.016375 0.47312501
0.14137501 -0.014875 0.47312501
0.141875 -0.013875 0.47187501
0.141875 -0.012875 0.471625
0.14137501 -0.013875 0.47312501
0.13087501 -0.018124999 0.48487499
0.129875 -0.018124999 0.485625
0.13212501 -0.018874999 0.48387501
0.13212501 -0.018124999 0.484375
0.131125 -0.017375 0.48512501
0.13212501 -0.017124999 0.484375
0.134625 -0.017124999 0.48287499
0.132875 -0.016375 0.48412499
0.13412499 -0.017124999 0.48337501
0.13412499 -0.016375 0.48362499
0.133875 -0.019874999 0.48287499
0.132875 -0.020874999 0.483125
0.13412499 -0.020874999 0.48262501
0.132875 -0.019874999 0.48337501
0.134875 -0.018874999 0.481875
0.133875 -0.018874999 0.48287499
0.13412499 -0.018375 0.483125
0.132875 -0.017375 0.48387501
0.132875 -0.018874999 0.48362499
0.132625 -0.018124999 0.48387501
0.134875 -0.018124999 0.482375
0.135875 -0.018124999 0.48162499
0.135875 -0.017124999 0.481875
0.134875 -0.016124999 0.48287499
0.138625 -0.016375 0.47887501
0.13787501 -0.016124999 0.479875
0.13787501 -0.014875 0.479875
0.138125 -0.013875 0.48012501
0.136875 -0.016124999 0.48087499
0.13662501 -0.018124999 0.480625
0.137125 -0.018874999 0.48012501
0.136125 -0.020874999 0.48087499
0.136125 -0.019874999 0.481125
0.136125 -0.018874999 0.481125
0.137125 -0.019874999 0.48012501
0.138375 -0.017124999 0.47887501
0.13787501 -0.018124999 0.479875
0.13787501 -0.017124999 0.479875
0.136875 -0.017124999 0.48087499
0.138125 -0.019874999 0.47887501
0.138125 -0.018874999 0.47912499
0.13887499 -0.018874999 0.47787499
0.138375 -0.018124999 0.47887501
0.13412499 -0.024374999 0.481875
0.13412499 -0.023125 0.48212501
0.135125 -0.024125 0.481125
0.134875 -0.023125 0.48162499
0.134875 -0.020874999 0.481875
0.134875 -0.020125 0.481875
0.13412499 -0.021875 0.482375
0.134625 -0.021875 0.481875
0.13787501 -0.021875 0.478625
0.13662501 -0.024125 0.48012501
0.13662501 -0.023125 0.479875
0.136875 -0.021875 0.479875
0.134875 -0.025374999 0.48087499
0.136125 -0.024125 0.480625
0.135875 -0.023125 0.48087499
0.136125 -0.025125001 0.48012501
0.122125 -0.0058749998 0.48962501
0.108875 -0.025125001 0.477375
0.109625 -0.025125001 0.47812501
0.110125 -0.024125 0.478625
0.108125 -0.025125001 0.47687501
0.122875 -0.0058749998 0.48962501
0.122125 -0.0048750001 0.48987499
0.122875 -0.0048750001 0.48987499
0.138125 -0.024374999 0.47812501
0.138125 -0.023125 0.47812501
0.137125 -0.024125 0.47912499
0.13762499 -0.023125 0.47887501
0.122125 -0.004375 0.490125
0.13787501 -0.025125001 0.47787499
0.136875 -0.025374999 0.47887501
0.122875 -0.007125 0.489375
0.124125 -0.007125 0.489375
0.13887499 -0.025125001 0.476125
0.138625 -0.025125001 0.47687501
0.124125 -0.0058749998 0.48962501
0.13787501 -0.020874999 0.478625
0.136875 -0.021125 0.48012501
0.135875 -0.021875 0.48087499
0.13887499 -0.024125 0.476125
0.138625 -0.024125 0.47687501
0.13887499 -0.023125 0.476625
0.138375 -0.021875 0.47787499
0.139375 -0.024125 0.474875
0.139375 -0.023125 0.474875
0.13987499 -0.021875 0.47462499
0.13987499 -0.020874999 0.47462499
0.139375 -0.023125 0.47587499
0.139375 -0.021875 0.47587499
0.13887499 -0.021875 0.47687501
0.148875 -0.007125 0.46662501
0.139375 -0.020874999 0.47587499
0.139375 -0.019874999 0.47587499
0.13887499 -0.021125 0.47687501
0.13887499 -0.019874999 0.47687501
0.138625 -0.020874999 0.47787499
0.13887499 -0.019874999 0.47812501
0.122875 -0.004375 0.490125
0.13987499 -0.025125001 0.47387499
0.139375 -0.025125001 0.474875
0.13987499 -0.013875 0.47687501
0.13887499 -0.014875 0.47812501
0.139375 -0.013875 0.47787499
0.139375 -0.012875 0.47787499
0.13887499 -0.014875 0.47887501
0.13887499 -0.013875 0.47887501
0.13887499 -0.013125 0.47887501
0.13887499 -0.016124999 0.47812501
0.13987499 -0.013875 0.476125
0.139375 -0.017124999 0.47687501
0.139375 -0.016375 0.47687501
0.139375 -0.014875 0.47687501
0.13887499 -0.018124999 0.47787499
0.13887499 -0.017124999 0.47812501
0.140625 -0.014875 0.474875
0.140625 -0.013875 0.474875
0.13987499 -0.017124999 0.47587499
0.13987499 -0.016124999 0.476125
0.13987499 -0.014875 0.476125
0.139375 -0.018124999 0.47687501
0.140875 -0.018874999 0.47312501
0.140625 -0.019874999 0.47387499
0.140875 -0.014875 0.47387499
0.140625 -0.018874999 0.47387499
0.140625 -0.018124999 0.47387499
0.140875 -0.017124999 0.47387499
0.140875 -0.016124999 0.47387499
0.13987499 -0.019874999 0.474875
0.13987499 -0.018874999 0.474875
0.140375 -0.018124999 0.474875
0.140375 -0.017124999 0.474875
0.140375 -0.016375 0.474875
0.13987499 -0.018874999 0.476125
0.13987499 -0.018124999 0.47587499
0.139375 -0.018874999 0.47687501
0.122875 -0.003125 0.49062499
0.124125 -0.0048750001 0.48987499
0.124125 -0.004125 0.490125
0.12512501 -0.0048750001 0.48987499
0.124125 0.0061249998 0.48087499
0.124875 0.0056250002 0.48512501
0.122875 0.0053750002 0.48587501
0.124125 0.0053750002 0.48587501
0.124875 0.0053750002 0.48587501
0.125875 -0.0048750001 0.48987499
0.12512501 0.0051250001 0.48712501
0.125875 0.0056250002 0.48512501
0.125875 0.0053750002 0.48587501
0.125875 0.0051250001 0.48712501
0.126875 0.0056250002 0.48512501
0.126875 0.0053750002 0.48587501
0.12712499 -0.007125 0.488875
0.124875 -0.0058749998 0.48962501
0.127875 0.0053750002 0.48587501
0.12712499 0.0051250001 0.48712501
0.125875 0.0048750001 0.48787501
0.12712499 0.0048750001 0.48787501
0.126875 0.0046250001 0.488875
0.125875 -0.0058749998 0.489375
0.126875 -0.0058749998 0.489375
0.12512501 -0.0021250001 0.49087501
0.127875 0.0048750001 0.48787501
0.12512501 -0.004125 0.490125
0.124125 -0.003125 0.49062499
0.124875 -0.003125 0.49062499
0.125875 -0.003125 0.49037501
0.125875 -0.004375 0.48987499
0.113125 -0.014875 0.48362499
0.12712499 -0.004125 0.48987499
0.125875 0.0061249998 0.481875
0.125875 0.0058749998 0.483125
0.12712499 0.0058749998 0.483125
0.125875 0.0058749998 0.48387501
0.12712499 0.0058749998 0.48387501
0.127875 0.0056250002 0.48512501
0.125875 0.0061249998 0.48087499
0.12712499 0.0058749998 0.481875
0.127875 0.0058749998 0.48387501
0.127875 0.0053750002 0.48712501
0.128875 0.0056250002 0.48587501
0.129875 0.0056250002 0.48587501
0.128875 0.0053750002 0.48712501
0.12712499 -0.0033750001 0.490125
0.128875 0.0056250002 0.48512501
0.129875 0.0056250002 0.48512501
0.131125 0.0058749998 0.48512501
0.12712499 0.0061249998 0.48087499
0.127875 0.0058749998 0.481875
0.125875 -0.0021250001 0.49062499
0.126875 -0.0021250001 0.49062499
0.125875 0.010875 0.458875
0.126875 -0.001125 0.49037501
0.127875 -0.004125 0.48962501
0.126875 -0.0051250001 0.48962501
0.127875 -0.0051250001 0.48962501
0.127625 -0.003125 0.48987499
0.127875 -0.0021250001 0.49037501
0.128875 -0.0023749999 0.48987499
0.129125 -0.0048750001 0.488875
0.129125 -0.004125 0.488875
0.129875 -0.004125 0.488875
0.12512501 0.0038749999 0.49087501
0.156875 -0.0033750001 0.45987499
0.155875 -0.004125 0.460875
0.157625 -0.004375 0.45987499
0.157625 -0.0058749998 0.46062499
0.157125 -0.0058749998 0.461375
0.140625 0.007125 0.47312501
0.140625 0.007125 0.47387499
0.140875 0.0056250002 0.476125
0.140625 0.0058749998 0.47687501
0.140625 0.0058749998 0.47787499
0.140875 0.0058749998 0.474875
0.140875 0.0038749999 0.47687501
0.140875 0.0048750001 0.476625
0.140625 0.0048750001 0.47787499
0.140875 0.0058749998 0.47312501
0.140875 0.0048750001 0.474125
0.125875 0.0038749999 0.49062499
0.140875 0.0058749998 0.474125
0.125875 0.003125 0.49087501
0.14112499 0.0048750001 0.474875
0.140875 0.0038749999 0.474875
0.140875 0.003125 0.474875
0.140875 0.0038749999 0.476125
0.106375 0.0038749999 0.474875
0.126875 0.0038749999 0.49062499
0.143125 -0.011375 0.470375
0.14362501 -0.011125 0.46987501
0.14237501 -0.012875 0.47112501
0.14237501 -0.011875 0.47112501
0.143125 -0.012875 0.470375
0.14362501 -0.012875 0.46987501
0.143125 -0.011875 0.470375
0.14362501 -0.011875 0.46987501
0.145125 -0.011875 0.469125
0.14137501 -0.023125 0.47187501
0.140875 -0.023125 0.472875
0.140875 -0.021875 0.472875
0.14012501 -0.023125 0.474125
0.140375 -0.021875 0.47387499
0.140375 -0.020874999 0.47387499
0.140875 -0.024125 0.47187501
0.140375 -0.025125001 0.47312501
0.140625 -0.024125 0.47312501
0.13987499 -0.024125 0.474125
0.127875 0.0038749999 0.490125
0.141875 -0.025125001 0.47087499
0.106375 0.0048750001 0.474875
0.14112499 -0.025125001 0.47187501
0.126875 0.002875 0.49062499
0.126875 0.004375 0.490125
0.125625 0.0021250001 0.49087501
0.12712499 0.001125 0.49087501
0.126875 0.0021250001 0.49062499
0.141625 -0.018874999 0.47187501
0.142125 -0.018874999 0.47112501
0.14237501 -0.018124999 0.47112501
0.143125 -0.018124999 0.46987501
0.141875 -0.019874999 0.47112501
0.143125 -0.018874999 0.46987501
0.143125 -0.019874999 0.46987501
0.143875 -0.019874999 0.46937501
0.143875 -0.018874999 0.46937501
0.14237501 -0.017124999 0.47112501
0.141875 -0.018124999 0.471625
0.141875 -0.017124999 0.471625
0.142625 -0.016375 0.47112501
0.142875 -0.014875 0.47087499
0.142875 -0.013875 0.47087499
0.143125 -0.017124999 0.46987501
0.143125 -0.016375 0.46987501
0.145125 -0.016124999 0.469125
0.145125 -0.014875 0.469125
0.14362501 -0.014875 0.469625
0.143875 -0.017124999 0.469625
0.143875 -0.016375 0.469625
0.14587501 -0.016375 0.468375
0.14362501 -0.013875 0.46987501
0.14687499 -0.016124999 0.467875
0.14587501 -0.014875 0.46862501
0.145125 -0.013875 0.469125
0.14587501 -0.013875 0.46862501
0.145125 -0.012875 0.469125
0.14587501 -0.012875 0.46862501
0.144875 -0.018124999 0.46887499
0.145125 -0.017375 0.469125
0.144875 -0.018874999 0.46887499
0.143875 -0.018124999 0.469625
0.14587501 -0.017124999 0.468375
0.146125 -0.018874999 0.467875
0.14687499 -0.018874999 0.46762499
0.14587501 -0.018124999 0.468375
0.146625 -0.018124999 0.467875
0.146625 -0.017124999 0.467875
0.141625 -0.021875 0.47187501
0.14112499 -0.020874999 0.47312501
0.14112499 -0.019874999 0.47312501
0.141625 -0.020874999 0.47187501
0.141625 -0.019874999 0.47187501
0.141875 -0.020874999 0.47112501
0.141875 -0.021875 0.47112501
0.143125 -0.021875 0.46987501
0.144875 -0.021875 0.46887499
0.143125 -0.020874999 0.46987501
0.143875 -0.021875 0.46937501
0.144875 -0.020874999 0.46887499
0.144875 -0.019874999 0.46887499
0.143875 -0.020874999 0.46937501
0.142875 -0.025125001 0.469625
0.141875 -0.024125 0.47087499
0.127875 0.0021250001 0.490125
0.143125 -0.024125 0.46987501
0.143125 -0.023125 0.46987501
0.141875 -0.023125 0.47112501
0.144125 -0.023125 0.469125
0.143875 -0.024125 0.469125
0.14587501 -0.024125 0.467875
0.14587501 -0.023125 0.467875
0.143875 -0.025125001 0.469125
0.145125 -0.025125001 0.46862501
0.145125 -0.024125 0.46862501
0.14687499 -0.024125 0.46737501
0.145125 -0.023125 0.46862501
0.14587501 -0.020874999 0.467875
0.14587501 -0.019874999 0.467875
0.14687499 -0.019874999 0.46762499
0.14587501 -0.021875 0.467875
0.14687499 -0.023125 0.46737501
0.14687499 -0.021875 0.46762499
0.14687499 -0.020874999 0.46762499
0.14812499 -0.019874999 0.467125
0.14112499 0.0048750001 0.476125
0.124875 0.0091249999 0.45837501
0.124875 0.010125 0.45862499
0.125875 0.010125 0.45862499
0.125875 0.0091249999 0.45837501
0.126875 0.0091249999 0.45837501
0.127875 0.0091249999 0.45862499
0.113125 -0.013875 0.48387501
0.113875 -0.018124999 0.48387501
0.113875 -0.017124999 0.48387501
0.106375 0.0038749999 0.47587499
0.138125 0.0038749999 0.481875
0.106375 0.0048750001 0.47587499
0.108125 0.0078750001 0.476125
0.13887499 0.003125 0.48087499
0.108125 0.0076250001 0.47687501
0.13887499 0.0038749999 0.48087499
0.107875 0.0081249997 0.474875
0.106625 0.007125 0.47187501
0.106625 0.0048750001 0.46987501
0.106625 0.0058749998 0.47112501
0.106875 0.007125 0.47112501
0.106375 0.0058749998 0.47187501
0.106875 0.0058749998 0.46887499
0.107125 0.007125 0.469125
0.106875 0.0058749998 0.46987501
0.106875 0.006875 0.46987501
0.113625 -0.013875 0.484375
0.113125 -0.012875 0.48387501
0.113625 -0.012875 0.484375
0.112875 -0.011875 0.48387501
0.111125 -0.016124999 0.481875
0.111875 -0.014875 0.48287499
0.111125 -0.017124999 0.48162499
0.111625 -0.016375 0.48262501
0.111625 -0.017124999 0.48212501
0.113125 -0.018874999 0.48287499
0.112875 -0.018124999 0.483125
0.112625 -0.017124999 0.483125
0.106875 0.0048750001 0.46887499
0.112625 -0.016375 0.483125
0.111625 -0.018124999 0.481875
0.106875 0.0046250001 0.467875
0.107375 0.0058749998 0.467875
0.108125 0.0086249998 0.46987501
0.111125 -0.019874999 0.48087499
0.127875 0.003125 0.490125
0.108125 0.0086249998 0.47112501
0.110875 -0.019125 0.48087499
0.127875 0.0048750001 0.488875
0.111875 -0.019874999 0.481875
0.111875 -0.019125 0.481875
0.129875 0.0081249997 0.45837501
0.140875 0.001125 0.47112501
0.140875 -0.004125 0.47387499
0.14112499 -0.003125 0.474125
0.140875 -0.003125 0.474875
0.140875 -0.0021250001 0.474875
0.140875 -0.001125 0.474875
0.14112499 -0.004125 0.47312501
0.14112499 -0.003125 0.47312501
0.14112499 -0.0021250001 0.47312501
0.140875 -0.0023749999 0.474125
0.14137501 -0.004125 0.47187501
0.14112499 -0.003125 0.47187501
0.141625 -0.003125 0.47112501
0.14137501 -0.0021250001 0.47112501
0.14112499 -0.0021250001 0.47187501
0.141625 -0.0021250001 0.46987501
0.141625 -0.001125 0.469125
0.141875 -0.003125 0.46987501
0.141875 -0.0021250001 0.469125
0.140875 0.0021250001 0.47187501
0.140875 0.001125 0.47312501
0.140875 0.0021250001 0.47312501
0.140875 0.001125 0.474125
0.140875 0.0021250001 0.474125
0.14137501 -0.001125 0.46987501
0.140875 0.00012500001 0.46987501
0.14112499 -0.001125 0.47112501
0.141875 -0.001125 0.467875
0.143125 -0.001375 0.46762499
0.143125 -0.003125 0.469125
0.129125 0.0048750001 0.48862499
0.143875 -0.003125 0.46862501
0.143125 -0.0021250001 0.468375
0.14362501 -0.0023749999 0.467875
0.107375 0.0081249997 0.46987501
0.12712499 0.010875 0.45912501
0.126875 0.010125 0.45862499
0.127875 0.010625 0.45912501
0.127625 0.010875 0.460125
0.128875 0.0091249999 0.45862499
0.127875 0.010125 0.458875
0.128875 0.0098750005 0.45912501
0.129125 0.010875 0.460125
0.129875 0.010125 0.45987499
0.127875 0.00087500003 0.49037501
0.128875 0.0038749999 0.48987499
0.128875 0.002875 0.48962501
0.129125 0.0021250001 0.48987499
0.129125 0.00087500003 0.490125
0.129875 0.0021250001 0.48962501
0.13087501 0.001875 0.488875
0.129875 0.0053750002 0.48712501
0.129125 0.0051250001 0.48787501
0.129875 0.0048750001 0.48787501
0.131125 0.0048750001 0.48712501
0.115125 -0.018124999 0.484375
0.113125 -0.019874999 0.48287499
0.13087501 0.0056250002 0.48587501
0.12962499 0.0036249999 0.488875
0.129875 0.003125 0.488875
0.13087501 0.002875 0.48837501
0.131125 0.0038749999 0.48787501
0.13212501 0.0038749999 0.48712501
0.132875 0.002875 0.486875
0.13187499 0.003125 0.487625
0.114625 -0.019874999 0.48412499
0.132875 0.0048750001 0.48587501
0.13187499 0.0048750001 0.486875
0.129875 0.0088750003 0.458875
0.131125 0.010125 0.45987499
0.137125 0.0048750001 0.462125
0.13662501 0.006875 0.46287501
0.137125 0.0058749998 0.462625
0.13212501 0.0081249997 0.45937499
0.13087501 0.0091249999 0.45937499
0.13187499 0.0088750003 0.460125
0.131125 0.0081249997 0.458875
0.13212501 0.007125 0.45862499
0.132625 0.006875 0.45912501
0.14587501 -0.0058749998 0.468375
0.106375 0.0021250001 0.47587499
0.106625 0.00087500003 0.47687501
0.135875 0.0048750001 0.460125
0.136125 0.0046250001 0.45912501
0.13662501 0.0046250001 0.460875
0.106625 0.0021250001 0.47687501
0.106125 -0.00012500001 0.47387499
0.106125 0.001125 0.474125
0.146625 -0.0058749998 0.46762499
0.106375 0.00087500003 0.474875
0.106125 -0.001125 0.474875
0.106125 0.00012500001 0.474875
0.106375 -0.001125 0.47587499
0.106375 0.00012500001 0.47587499
0.106625 0.00087500003 0.47587499
0.106625 -0.001125 0.47687501
0.106875 0.00012500001 0.47687501
0.105875 0.0021250001 0.47187501
0.104875 0.001125 0.47187501
0.105875 0.001125 0.47312501
0.104875 -0.00012500001 0.472875
0.106375 -0.0021250001 0.47587499
0.106625 -0.003125 0.47687501
0.106625 -0.0021250001 0.47687501
0.106875 -0.003125 0.47787499
0.106875 -0.0021250001 0.47787499
0.107625 -0.0021250001 0.47887501
0.106875 -0.004125 0.47787499
0.108875 0.0078750001 0.47687501
0.109875 0.0078750001 0.47687501
0.111125 0.0078750001 0.47687501
0.111875 0.0078750001 0.47687501
0.109875 0.0076250001 0.47787499
0.111125 0.0076250001 0.47787499
0.111625 0.0076250001 0.47787499
0.109875 0.0076250001 0.47887501
0.113125 0.0076250001 0.47787499
0.111125 0.0076250001 0.47887501
0.111625 0.007375 0.47887501
0.111125 0.007375 0.48012501
0.111875 0.007125 0.48012501
0.113125 0.007375 0.47887501
0.113125 0.007125 0.48012501
0.113125 0.006875 0.48087499
0.111875 0.006875 0.48087499
0.111625 0.0066249999 0.481875
0.111875 0.0061249998 0.483125
0.113125 0.0063749999 0.483125
0.111875 0.0056250002 0.48362499
0.113125 0.0058749998 0.48387501
0.113125 0.0066249999 0.481875
0.113875 0.0058749998 0.48387501
0.113875 0.0038749999 0.48587501
0.113875 0.0048750001 0.48587501
0.115125 0.0048750001 0.48612499
0.113625 0.0056250002 0.48512501
0.115125 0.0056250002 0.48512501
0.115125 0.0058749998 0.48387501
0.115875 0.0058749998 0.48387501
0.115625 0.0056250002 0.48512501
0.115625 0.0053750002 0.48587501
0.113625 0.0063749999 0.483125
0.115125 0.0063749999 0.483125
0.113625 0.007375 0.47887501
0.113875 0.007125 0.48012501
0.113875 0.006875 0.48087499
0.115125 0.006875 0.48087499
0.113625 0.0066249999 0.481875
0.115125 0.0066249999 0.481875
0.115625 0.0063749999 0.481875
0.115625 0.0063749999 0.483125
0.113625 0.007375 0.47787499
0.115125 0.007125 0.47887501
0.115125 0.006875 0.479875
0.115875 0.007125 0.48012501
0.115625 0.0066249999 0.48087499
0.117125 0.006875 0.48087499
0.117125 0.0063749999 0.481875
0.117125 0.0061249998 0.483125
0.115125 0.0078750001 0.476625
0.115875 0.0078750001 0.47687501
0.115125 0.0076250001 0.47787499
0.115625 0.0076250001 0.47787499
0.115625 0.007375 0.47887501
0.117125 0.007375 0.47887501
0.117125 0.007125 0.48012501
0.117125 0.0081249997 0.47687501
0.117125 0.0076250001 0.47787499
0.118125 0.0078750001 0.47787499
0.118125 0.0076250001 0.47887501
0.118875 0.0076250001 0.47887501
0.118125 0.007125 0.48012501
0.118125 0.0063749999 0.481875
0.118125 0.0061249998 0.483125
0.118875 0.0058749998 0.483125
0.13412499 0.0048750001 0.48537499
0.133875 0.0038749999 0.48587501
0.14812499 -0.0058749998 0.467125
0.132875 0.0038749999 0.48662499
0.128875 -0.001125 0.48987499
0.128875 0.00012500001 0.48987499
0.127875 0.00012500001 0.490125
0.102875 0.0058749998 0.462125
0.102875 0.0056250002 0.462625
0.108625 0.0091249999 0.469125
0.108625 0.0091249999 0.467875
0.110875 -0.018124999 0.481125
0.115125 -0.018874999 0.484375
0.102875 0.0053750002 0.46412501
0.108875 0.0088750003 0.46687499
0.102875 0.0048750001 0.46487501
0.104125 0.0056250002 0.462625
0.109875 0.0093750004 0.467875
0.108875 0.0086249998 0.47187501
0.109875 0.0086249998 0.47187501
0.104125 0.0053750002 0.46412501
0.111125 -0.020874999 0.480625
0.104875 0.0053750002 0.46412501
0.104125 0.0048750001 0.46487501
0.104875 0.0048750001 0.46487501
0.104875 0.0056250002 0.462625
0.104125 0.0058749998 0.462125
0.104875 0.0058749998 0.462125
0.104875 0.0061249998 0.460125
0.104125 0.0061249998 0.460875
0.104875 0.0058749998 0.460875
0.102875 0.0061249998 0.45912501
0.104125 0.0061249998 0.45912501
0.104875 0.0061249998 0.45912501
0.102875 0.0061249998 0.460125
0.104125 0.0061249998 0.460125
0.13787501 0.003125 0.481875
0.13787501 0.0021250001 0.481875
0.13887499 0.001125 0.480625
0.13887499 0.0021250001 0.48087499
0.13787501 0.001125 0.481875
0.108875 0.0086249998 0.47312501
0.109875 0.0083750002 0.47312501
0.108875 0.0083750002 0.47387499
0.108875 0.0081249997 0.474875
0.111125 0.0083750002 0.47187501
0.111125 0.0083750002 0.47312501
0.109875 0.0081249997 0.474125
0.111125 0.0081249997 0.474125
0.111875 0.0081249997 0.474125
0.109875 0.0081249997 0.474875
0.111125 0.0081249997 0.474875
0.111875 0.0081249997 0.474875
0.108625 0.0081249997 0.476125
0.109875 0.0078750001 0.47587499
0.111125 0.0078750001 0.476125
0.111875 0.0078750001 0.476125
0.113125 0.0076250001 0.47687501
0.113625 0.0086249998 0.47112501
0.115125 0.0083750002 0.47112501
0.111625 0.0083750002 0.47187501
0.113125 0.0083750002 0.47187501
0.113625 0.0083750002 0.47187501
0.115125 0.0083750002 0.47187501
0.111625 0.0083750002 0.47312501
0.113125 0.0083750002 0.47312501
0.113875 0.0081249997 0.47312501
0.115125 0.0081249997 0.47312501
0.113125 0.0081249997 0.474125
0.113875 0.0081249997 0.474125
0.113125 0.0078750001 0.474875
0.113875 0.0078750001 0.474875
0.113125 0.0078750001 0.476125
0.108625 0.0091249999 0.46987501
0.108875 0.0088750003 0.47087499
0.109875 0.0088750003 0.47112501
0.111125 0.0088750003 0.46987501
0.111875 0.0098750005 0.46487501
0.111125 0.0096249999 0.467125
0.111125 0.0093750004 0.467875
0.111125 0.0091249999 0.469125
0.109875 0.0093750004 0.469125
0.109875 0.0091249999 0.46987501
0.111125 0.0086249998 0.47112501
0.113125 0.0098750005 0.46487501
0.111625 0.0096249999 0.465875
0.113125 0.0096249999 0.465875
0.111625 0.0093750004 0.467125
0.113125 0.0093750004 0.467125
0.113625 0.0093750004 0.467125
0.111875 0.0091249999 0.467875
0.113125 0.0091249999 0.467875
0.113875 0.0091249999 0.467875
0.111875 0.0088750003 0.46887499
0.113125 0.0088750003 0.46887499
0.113875 0.0088750003 0.46887499
0.115125 0.0088750003 0.469125
0.111875 0.0088750003 0.46987501
0.113125 0.0086249998 0.46987501
0.113625 0.0086249998 0.46987501
0.115125 0.0086249998 0.46987501
0.111625 0.0086249998 0.47112501
0.113125 0.0086249998 0.47112501
0.113125 0.010125 0.46412501
0.113875 0.0098750005 0.46487501
0.113625 0.0096249999 0.465875
0.115125 0.0096249999 0.465875
0.115125 0.0093750004 0.467125
0.115625 0.0093750004 0.467125
0.115125 0.0091249999 0.467875
0.115875 0.0091249999 0.467875
0.115875 0.0088750003 0.46887499
0.115625 0.0086249998 0.46987501
0.108375 0.0081249997 0.467125
0.108875 0.0081249997 0.46487501
0.108875 0.0081249997 0.46612501
0.109375 0.0091249999 0.465875
0.109875 0.0091249999 0.46487501
0.109875 0.0088750003 0.46412501
0.109625 0.007125 0.46412501
0.109875 0.0081249997 0.46412501
0.108875 0.007125 0.464625
0.111125 0.0096249999 0.46412501
0.109875 0.0096249999 0.465875
0.109875 0.0096249999 0.467125
0.111125 0.0098750005 0.46487501
0.111625 0.010125 0.463875
0.111125 0.0098750005 0.46612501
0.111875 0.0098750005 0.46287501
0.109875 0.007125 0.46287501
0.110125 0.0081249997 0.46312499
0.110625 0.007125 0.462125
0.110875 0.0061249998 0.46062499
0.109875 0.0058749998 0.460875
0.110875 0.0058749998 0.460125
0.111625 0.0091249999 0.46187499
0.110875 0.0088750003 0.46287501
0.111125 0.007125 0.46112499
0.111875 0.0081249997 0.460875
0.112375 0.0091249999 0.46062499
0.111125 0.0078750001 0.462125
0.111875 0.006875 0.460125
0.112875 0.0081249997 0.45987499
0.113125 0.0098750005 0.462125
0.113125 0.0091249999 0.46062499
0.113875 0.0088750003 0.45987499
0.113875 0.0078750001 0.45912501
0.113875 0.010125 0.460875
0.115125 0.010125 0.460875
0.115625 0.010375 0.46062499
0.115625 0.0091249999 0.458875
0.115125 0.0088750003 0.45912501
0.115125 0.0098750005 0.460125
0.115625 0.010125 0.45987499
0.117125 0.010625 0.460125
0.117125 0.0098750005 0.45912501
0.109625 0.0058749998 0.462625
0.109875 0.0058749998 0.46187499
0.113125 0.010125 0.46287501
0.113875 0.010125 0.46287501
0.113875 0.0098750005 0.463875
0.115125 0.0098750005 0.46412501
0.115125 0.0098750005 0.46487501
0.115625 0.0096249999 0.465875
0.113625 0.010375 0.462125
0.115125 0.010375 0.462125
0.115875 0.010125 0.462125
0.115125 0.010125 0.46287501
0.115875 0.010125 0.46287501
0.115875 0.0098750005 0.46412501
0.115625 0.0096249999 0.46487501
0.116875 0.0098750005 0.46287501
0.117125 0.0098750005 0.46412501
0.118125 0.0096249999 0.46412501
0.117125 0.0096249999 0.46487501
0.118125 0.0096249999 0.46487501
0.117125 0.0096249999 0.465875
0.117125 0.010625 0.46062499
0.118125 0.010375 0.46062499
0.117125 0.010125 0.462125
0.118125 0.010125 0.462125
0.118125 0.0098750005 0.462625
0.118125 0.010875 0.460125
0.118875 0.010875 0.460125
0.120125 0.010875 0.460125
0.118875 0.010125 0.462125
0.120125 0.010125 0.462125
0.118875 0.0098750005 0.462625
0.118875 0.0096249999 0.46412501
0.118875 0.010375 0.46062499
0.120125 0.010375 0.46062499
0.120125 0.010625 0.45912501
0.120875 0.010875 0.460125
0.120875 0.010375 0.46062499
0.122125 0.010375 0.46062499
0.122125 0.010875 0.460125
0.122875 0.010625 0.460125
0.124125 0.010625 0.460125
0.12512501 0.010875 0.45987499
0.115625 0.0086249998 0.47112501
0.115625 0.0083750002 0.47187501
0.115625 0.0083750002 0.47312501
0.115125 0.0081249997 0.474125
0.115625 0.0083750002 0.47387499
0.115125 0.0081249997 0.474875
0.115625 0.0083750002 0.474875
0.113875 0.0078750001 0.476125
0.114875 0.0081249997 0.476125
0.115875 0.0081249997 0.476125
0.113875 0.0078750001 0.47687501
0.117125 0.0086249998 0.47187501
0.118125 0.0086249998 0.47187501
0.117125 0.0086249998 0.47312501
0.118125 0.0086249998 0.47312501
0.118875 0.0088750003 0.47312501
0.117125 0.0083750002 0.47387499
0.118125 0.0086249998 0.47387499
0.118875 0.0086249998 0.47387499
0.117125 0.0083750002 0.474875
0.118125 0.0086249998 0.474875
0.117125 0.0091249999 0.467875
0.117125 0.0088750003 0.46887499
0.117125 0.0086249998 0.46987501
0.118125 0.0088750003 0.46987501
0.118125 0.0093750004 0.465875
0.117125 0.0093750004 0.467125
0.118125 0.0093750004 0.467125
0.118125 0.0091249999 0.467875
0.118125 0.0091249999 0.469125
0.117125 0.0086249998 0.47112501
0.118125 0.0088750003 0.47112501
0.118875 0.0088750003 0.47187501
0.120125 0.0088750003 0.47312501
0.120125 0.0088750003 0.474125
0.118875 0.0086249998 0.474875
0.120125 0.0086249998 0.474875
0.117125 0.0083750002 0.47587499
0.118125 0.0083750002 0.47587499
0.118875 0.0083750002 0.47587499
0.120125 0.0083750002 0.47587499
0.118125 0.0081249997 0.47687501
0.118875 0.0081249997 0.47687501
0.120125 0.0081249997 0.47687501
0.118875 0.0078750001 0.47787499
0.120125 0.0088750003 0.46987501
0.120875 0.0088750003 0.46987501
0.122125 0.0088750003 0.46987501
0.118875 0.0088750003 0.47112501
0.120125 0.0088750003 0.47112501
0.120875 0.0088750003 0.47112501
0.120125 0.0088750003 0.47187501
0.120875 0.0088750003 0.47187501
0.118875 0.0093750004 0.46487501
0.118875 0.0093750004 0.465875
0.120125 0.0093750004 0.465875
0.118875 0.0091249999 0.467125
0.120125 0.0091249999 0.467125
0.118875 0.0091249999 0.467875
0.120125 0.0091249999 0.467875
0.120875 0.0091249999 0.467875
0.118875 0.0091249999 0.469125
0.120125 0.0088750003 0.46887499
0.120875 0.0088750003 0.46887499
0.122125 0.0088750003 0.46887499
0.118875 0.0088750003 0.46987501
0.120625 0.0078750001 0.476625
0.119875 0.0078750001 0.47787499
0.120875 0.0083750002 0.474875
0.120875 0.0081249997 0.476125
0.122125 0.0076250001 0.47687501
0.120875 0.0076250001 0.47787499
0.122125 0.007375 0.47787499
0.120875 0.007375 0.47887501
0.122125 0.007125 0.47887501
0.122875 0.006875 0.478625
0.120875 0.0088750003 0.474125
0.122125 0.0083750002 0.474875
0.122875 0.0083750002 0.474875
0.122125 0.0078750001 0.47587499
0.122875 0.0078750001 0.47587499
0.124125 0.0078750001 0.47587499
0.12512501 0.0078750001 0.476125
0.122875 0.0076250001 0.47687501
0.124125 0.007375 0.47687501
0.124875 0.007375 0.47687501
0.125875 0.007375 0.47687501
0.122875 0.007125 0.47812501
0.124125 0.007125 0.47812501
0.12512501 0.007125 0.47812501
0.124125 0.006875 0.47887501
0.122875 0.0088750003 0.46987501
0.124125 0.0088750003 0.46987501
0.122125 0.0088750003 0.47112501
0.122875 0.0088750003 0.47112501
0.124125 0.0086249998 0.47112501
0.124875 0.0086249998 0.47112501
0.125875 0.0083750002 0.47112501
0.122125 0.0088750003 0.47187501
0.122875 0.0088750003 0.47187501
0.124125 0.0086249998 0.47187501
0.124875 0.0086249998 0.47187501
0.120875 0.0088750003 0.47312501
0.122125 0.0088750003 0.47312501
0.125875 0.0083750002 0.47187501
0.12712499 0.0081249997 0.47187501
0.122875 0.0086249998 0.47312501
0.124125 0.0086249998 0.47312501
0.124875 0.0083750002 0.47312501
0.125875 0.0081249997 0.47312501
0.12712499 0.0081249997 0.47312501
0.122125 0.0086249998 0.47387499
0.122875 0.0086249998 0.47387499
0.124125 0.0083750002 0.47387499
0.12512501 0.0081249997 0.474125
0.125875 0.0081249997 0.474125
0.12712499 0.0078750001 0.474125
0.124125 0.0081249997 0.474875
0.12512501 0.0081249997 0.474875
0.125875 0.0078750001 0.474875
0.126875 0.0076250001 0.474875
0.125875 0.0076250001 0.47587499
0.120875 0.010125 0.462125
0.120125 0.0098750005 0.46287501
0.120875 0.0098750005 0.46287501
0.120125 0.0096249999 0.46412501
0.120875 0.0098750005 0.46412501
0.120125 0.0096249999 0.46487501
0.120875 0.0096249999 0.46487501
0.120875 0.0093750004 0.465875
0.120875 0.0091249999 0.467125
0.122125 0.0093750004 0.467125
0.122125 0.0091249999 0.467875
0.122125 0.010125 0.462125
0.122125 0.0098750005 0.46287501
0.122125 0.0098750005 0.46412501
0.122125 0.0096249999 0.46487501
0.122125 0.0093750004 0.465875
0.122875 0.0098750005 0.46287501
0.123875 0.010125 0.46287501
0.12512501 0.010125 0.46287501
0.122875 0.0098750005 0.46412501
0.124125 0.0098750005 0.46412501
0.124875 0.010125 0.46412501
0.125875 0.010125 0.46412501
0.122875 0.0096249999 0.46487501
0.124125 0.0098750005 0.46487501
0.12512501 0.0098750005 0.46487501
0.122875 0.0093750004 0.465875
0.124125 0.0096249999 0.465875
0.12512501 0.0098750005 0.46612501
0.122875 0.0093750004 0.467125
0.124125 0.0093750004 0.467125
0.122875 0.0091249999 0.467875
0.122875 0.010125 0.460875
0.124125 0.010125 0.460875
0.124875 0.010375 0.46062499
0.122625 0.010125 0.462125
0.124125 0.010125 0.462125
0.12512501 0.010125 0.462125
0.125875 0.010375 0.462625
0.125875 0.010375 0.46062499
0.125875 0.010375 0.462125
0.125625 0.0098750005 0.46487501
0.125875 0.0096249999 0.465875
0.124875 0.0093750004 0.467125
0.125875 0.0093750004 0.467125
0.124125 0.0093750004 0.467875
0.12512501 0.0091249999 0.467875
0.125875 0.0091249999 0.467875
0.12712499 0.0091249999 0.467875
0.122625 0.0091249999 0.469125
0.124125 0.0088750003 0.46887499
0.12512501 0.0088750003 0.46887499
0.125875 0.0088750003 0.46887499
0.12712499 0.0088750003 0.46887499
0.124875 0.0086249998 0.46987501
0.125875 0.0086249998 0.46987501
0.126875 0.0086249998 0.46987501
0.126875 0.0083750002 0.47112501
0.12712499 0.010125 0.46412501
0.12712499 0.0098750005 0.46487501
0.127875 0.0098750005 0.46487501
0.129125 0.010125 0.46487501
0.129875 0.010125 0.46487501
0.126875 0.0096249999 0.465875
0.127875 0.0096249999 0.465875
0.129125 0.0098750005 0.46612501
0.129875 0.0098750005 0.46612501
0.131125 0.0098750005 0.46612501
0.13212501 0.0098750005 0.46612501
0.126875 0.0093750004 0.467125
0.127875 0.0093750004 0.467125
0.128875 0.0093750004 0.467125
0.129875 0.0096249999 0.467125
0.13087501 0.0096249999 0.467125
0.127875 0.0091249999 0.467875
0.129125 0.0091249999 0.467875
0.129875 0.0091249999 0.467875
0.127875 0.0088750003 0.46887499
0.129125 0.0088750003 0.46887499
0.127875 0.0086249998 0.46987501
0.110875 -0.0058749998 0.483125
0.109625 -0.007125 0.48212501
0.109625 -0.0058749998 0.48212501
0.109625 -0.003125 0.48212501
0.108875 -0.0023749999 0.48162499
0.108875 -0.001375 0.481875
0.13987499 0.0021250001 0.479875
0.139375 0.00012500001 0.48012501
0.139375 0.00087500003 0.48012501
0.13987499 -0.0021250001 0.47887501
0.13987499 -0.001125 0.47887501
0.13987499 0.00012500001 0.47887501
0.139375 -0.001125 0.48012501
0.140625 -0.0021250001 0.47687501
0.140375 -0.0021250001 0.47787499
0.140375 -0.001125 0.47787499
0.140875 -0.0021250001 0.476125
0.140875 -0.001125 0.476125
0.140625 -0.001125 0.47687501
0.140375 0.00012500001 0.47787499
0.139625 0.0038749999 0.479875
0.14012501 0.003125 0.47887501
0.140625 0.0038749999 0.47787499
0.14012501 0.0038749999 0.47887501
0.13987499 0.003125 0.479875
0.140625 0.002875 0.47787499
0.13987499 0.001125 0.47887501
0.14012501 0.0021250001 0.47887501
0.140875 0.00012500001 0.476125
0.140625 0.00012500001 0.47687501
0.140625 0.00087500003 0.47687501
0.102875 0.0061249998 0.460875
0.106125 0.0061249998 0.45912501
0.106875 0.0061249998 0.45912501
0.106125 0.0061249998 0.460125
0.106125 0.0058749998 0.460875
0.106125 0.0058749998 0.462125
0.106125 0.0056250002 0.462625
0.106875 0.0056250002 0.462625
0.106125 0.0051250001 0.46412501
0.106875 0.0058749998 0.462125
0.108125 0.0056250002 0.462625
0.108125 0.0061249998 0.45912501
0.106875 0.0061249998 0.460125
0.108125 0.0058749998 0.460125
0.108875 0.0058749998 0.460125
0.106875 0.0058749998 0.460875
0.108125 0.0058749998 0.460875
0.108875 0.0058749998 0.460875
0.108125 0.0058749998 0.462125
0.108875 0.0056250002 0.462125
0.108875 0.0058749998 0.45912501
0.104875 0.004375 0.467125
0.106125 0.004125 0.467125
0.104125 0.0046250001 0.465875
0.104875 0.0046250001 0.465875
0.106125 0.0046250001 0.465875
0.106125 0.0038749999 0.467875
0.107125 0.0046250001 0.465875
0.106875 0.004375 0.467125
0.107375 0.0048750001 0.467125
0.106125 0.0048750001 0.46487501
0.106875 0.0048750001 0.46487501
0.106875 0.0051250001 0.46412501
0.107625 0.0058749998 0.467125
0.107875 0.007125 0.46687499
0.107375 0.007125 0.467875
0.108125 0.0058749998 0.46612501
0.108125 0.0053750002 0.465875
0.108125 0.0053750002 0.46487501
0.108125 0.0053750002 0.46412501
0.108625 0.0058749998 0.46487501
0.108375 0.007125 0.465875
0.108875 0.0058749998 0.46412501
0.108875 0.0056250002 0.462625
0.118125 0.0051250001 0.48712501
0.117125 0.0058749998 0.48387501
0.114875 0.0021250001 0.48712501
0.112125 -0.020874999 0.48162499
0.115625 0.0038749999 0.48712501
0.115625 0.002875 0.48737499
0.125875 0.010875 0.45987499
0.12712499 0.010875 0.45987499
0.126875 0.010375 0.46062499
0.127875 0.010375 0.46062499
0.126875 0.010375 0.462125
0.126875 0.010375 0.462625
0.127875 0.010375 0.462125
0.128875 0.010375 0.462125
0.129875 0.010375 0.462125
0.127875 0.010375 0.462625
0.128875 0.010625 0.46062499
0.129875 0.010625 0.46062499
0.127875 0.010375 0.46412501
0.131125 0.010125 0.46487501
0.128875 0.010375 0.462625
0.129875 0.010375 0.462625
0.128875 0.010375 0.46412501
0.129875 0.010375 0.46412501
0.13087501 0.010375 0.462625
0.13212501 0.010125 0.46287501
0.13087501 0.010375 0.46412501
0.13087501 0.010625 0.46062499
0.13087501 0.010375 0.462125
0.132625 0.010125 0.46412501
0.13212501 0.010125 0.46487501
0.13212501 0.010125 0.46412501
0.13212501 0.010375 0.462125
0.132875 0.0098750005 0.46487501
0.13412499 0.010125 0.46412501
0.13412499 0.0098750005 0.46487501
0.132875 0.010125 0.46287501
0.132875 0.010125 0.46187499
0.106375 0.0038749999 0.47112501
0.13412499 0.0091249999 0.46187499
0.13412499 0.010125 0.462625
0.134875 0.010125 0.463875
0.106375 0.0048750001 0.47112501
0.134625 0.0098750005 0.462625
0.13212501 0.0063749999 0.481875
0.132875 0.0063749999 0.481875
0.131125 0.0061249998 0.483125
0.13212501 0.0061249998 0.483125
0.131125 0.0058749998 0.48387501
0.134875 0.006875 0.48087499
0.135875 0.007125 0.48087499
0.136125 0.006875 0.481875
0.13212501 0.0058749998 0.48512501
0.132875 0.0063749999 0.483125
0.13187499 0.0058749998 0.48387501
0.132875 0.0061249998 0.48387501
0.106375 0.0048750001 0.47187501
0.13212501 0.0056250002 0.48587501
0.13412499 0.0058749998 0.48387501
0.132875 0.0056250002 0.48487499
0.134875 0.0056250002 0.48387501
0.13412499 0.0056250002 0.48512501
0.13412499 0.0063749999 0.483125
0.134875 0.0063749999 0.483125
0.13412499 0.0066249999 0.481875
0.134875 0.0066249999 0.481875
0.136125 0.0058749998 0.483125
0.136875 0.0058749998 0.481875
0.136875 0.0048750001 0.483125
0.135875 0.0046250001 0.48387501
0.134625 0.0046250001 0.48487499
0.102875 0.0046250001 0.465875
0.138625 0.0058749998 0.480625
0.138125 0.0058749998 0.48162499
0.136875 0.003125 0.483125
0.136125 0.003125 0.48387501
0.134875 0.0038749999 0.48512501
0.135875 0.001125 0.48387501
0.134875 0.001125 0.48487499
0.106875 -0.013875 0.47687501
0.136125 0.0021250001 0.48387501
0.106875 -0.012875 0.47687501
0.106875 -0.011875 0.47687501
0.106875 -0.014875 0.47687501
0.136875 0.0021250001 0.483125
0.138125 0.0048750001 0.481875
0.136875 0.0038749999 0.483125
0.136125 0.0038749999 0.48387501
0.106875 -0.016124999 0.47687501
0.108875 -0.011125 0.48012501
0.109125 -0.010375 0.480625
0.132875 0.0086249998 0.47312501
0.108875 -0.0091249999 0.480625
0.13087501 0.0083750002 0.47387499
0.13212501 0.0083750002 0.47387499
0.107625 -0.010375 0.47787499
0.108125 -0.011875 0.478625
0.132875 0.0083750002 0.47387499
0.108125 -0.011125 0.478625
0.108125 -0.010125 0.47887501
0.108125 -0.0091249999 0.47887501
0.108625 -0.010375 0.48012501
0.108625 -0.0091249999 0.48012501
0.109875 -0.0081249997 0.481875
0.108875 -0.0081249997 0.48087499
0.109875 -0.0091249999 0.481875
0.108875 -0.012125 0.48012501
0.109625 -0.011875 0.481125
0.109375 -0.011375 0.48087499
0.129875 0.0081249997 0.474875
0.131125 0.0081249997 0.474875
0.13212501 0.0081249997 0.474875
0.132875 0.0083750002 0.474875
0.127875 0.0076250001 0.47587499
0.128875 0.0076250001 0.47587499
0.116875 0.003125 0.48787501
0.118125 0.002875 0.48837501
0.118125 0.0056250002 0.48512501
0.118875 0.0056250002 0.48512501
0.118125 0.0053750002 0.48587501
0.118875 0.0053750002 0.48587501
0.118125 0.0056250002 0.48362499
0.118875 0.0058749998 0.48387501
0.120125 0.0056250002 0.48512501
0.120875 0.0056250002 0.48387501
0.120125 0.0058749998 0.48387501
0.120125 0.0053750002 0.48587501
0.118875 0.0051250001 0.48712501
0.118875 0.0048750001 0.487625
0.120125 0.0051250001 0.48712501
0.120125 0.0048750001 0.487625
0.120875 0.0046250001 0.488875
0.129875 0.0078750001 0.476125
0.131125 0.0078750001 0.47587499
0.13212501 0.0081249997 0.476125
0.148875 -0.0058749998 0.46637499
0.132875 0.0081249997 0.476125
0.129875 0.0076250001 0.47687501
0.131125 0.0078750001 0.47687501
0.13212501 0.0078750001 0.47687501
0.132875 0.0078750001 0.476625
0.13412499 0.0076250001 0.47887501
0.13412499 0.007125 0.48012501
0.134875 0.007375 0.48012501
0.136125 0.007375 0.48012501
0.13412499 0.006875 0.480625
0.13887499 0.0081249997 0.476125
0.136875 0.0078750001 0.47687501
0.138125 0.0078750001 0.47687501
0.13412499 0.0078750001 0.47812501
0.134875 0.0078750001 0.47812501
0.136125 0.0076250001 0.47787499
0.136875 0.0076250001 0.47787499
0.134875 0.0076250001 0.47887501
0.136125 0.0076250001 0.47887501
0.136875 0.0076250001 0.47887501
0.138125 0.0078750001 0.47812501
0.13412499 0.0086249998 0.47312501
0.13412499 0.0083750002 0.47387499
0.134875 0.0083750002 0.47387499
0.136125 0.0083750002 0.47387499
0.13412499 0.0083750002 0.474875
0.134875 0.0083750002 0.474875
0.136125 0.0083750002 0.474875
0.136875 0.0081249997 0.474875
0.138125 0.0081249997 0.474875
0.13412499 0.0081249997 0.476125
0.134875 0.0081249997 0.476125
0.136125 0.0081249997 0.476125
0.136875 0.0081249997 0.476125
0.138125 0.0081249997 0.476125
0.13412499 0.0078750001 0.476625
0.134625 0.0078750001 0.476625
0.136125 0.0078750001 0.47687501
0.13412499 0.0088750003 0.47187501
0.134875 0.0088750003 0.47187501
0.136125 0.0088750003 0.471625
0.136875 0.0088750003 0.471625
0.138125 0.0088750003 0.47187501
0.134875 0.0086249998 0.47312501
0.136125 0.0086249998 0.47312501
0.136875 0.0086249998 0.47312501
0.138125 0.0086249998 0.47312501
0.136875 0.0083750002 0.47387499
0.138125 0.0083750002 0.47387499
0.13887499 0.0081249997 0.474875
0.13887499 0.0086249998 0.47312501
0.13887499 0.0083750002 0.47387499
0.129875 0.0088750003 0.46887499
0.13187499 0.0088750003 0.46987501
0.13212501 0.0096249999 0.467125
0.13087501 0.0093750004 0.467875
0.13212501 0.0093750004 0.467875
0.131125 0.0091249999 0.469125
0.13212501 0.0091249999 0.469125
0.132875 0.0093750004 0.469125
0.128875 0.0086249998 0.46987501
0.129875 0.0088750003 0.46987501
0.131125 0.0088750003 0.469625
0.132875 0.0091249999 0.46987501
0.127875 0.0083750002 0.47112501
0.128875 0.0086249998 0.47112501
0.129875 0.0086249998 0.47112501
0.13087501 0.0086249998 0.47112501
0.13212501 0.0088750003 0.47112501
0.132875 0.0088750003 0.47087499
0.132875 0.0088750003 0.47187501
0.132875 0.0096249999 0.467125
0.13412499 0.0096249999 0.467125
0.132875 0.0093750004 0.467875
0.13412499 0.0093750004 0.467875
0.134875 0.0093750004 0.467875
0.13412499 0.0093750004 0.469125
0.134875 0.0093750004 0.469125
0.136125 0.0093750004 0.469125
0.136875 0.0093750004 0.469125
0.13412499 0.0091249999 0.46987501
0.134875 0.0091249999 0.46987501
0.136125 0.0091249999 0.46987501
0.13412499 0.0088750003 0.47087499
0.134875 0.0088750003 0.47087499
0.134875 0.0096249999 0.467125
0.136125 0.0096249999 0.467125
0.136125 0.0096249999 0.467875
0.136875 0.0091249999 0.46987501
0.136125 0.0091249999 0.47112501
0.136875 0.0091249999 0.47112501
0.136875 0.0093750004 0.467875
0.138125 0.0091249999 0.467875
0.136875 0.0096249999 0.467125
0.134875 0.0098750005 0.46487501
0.132875 0.0098750005 0.46612501
0.13412499 0.0098750005 0.46612501
0.134875 0.0098750005 0.46612501
0.136125 0.0098750005 0.46612501
0.136125 0.0098750005 0.46487501
0.120875 0.0053750002 0.48587501
0.122125 0.0053750002 0.48587501
0.120875 0.0051250001 0.48712501
0.136125 0.0091249999 0.46412501
0.136875 0.0096249999 0.465875
0.136875 0.0088750003 0.464625
0.122125 0.0051250001 0.48712501
0.120875 0.0048750001 0.487625
0.106125 -0.018124999 0.47687501
0.136125 0.0053750002 0.46062499
0.138125 0.0038749999 0.460875
0.136875 0.004375 0.45912501
0.138125 0.0038749999 0.460125
0.136875 0.004375 0.460125
0.15612499 -0.007125 0.462125
0.14687499 -0.014875 0.467875
0.14687499 -0.013875 0.467875
0.14687499 -0.012875 0.467875
0.14687499 -0.011875 0.467875
0.14812499 -0.012875 0.46737501
0.14587501 -0.011875 0.46862501
0.14812499 -0.011875 0.46737501
0.148625 -0.013875 0.46687499
0.148625 -0.012875 0.46687499
0.148875 -0.011875 0.46687499
0.14812499 -0.014875 0.467125
0.14812499 -0.013875 0.46737501
0.150125 -0.013875 0.46612501
0.14812499 -0.016375 0.467125
0.148875 -0.016375 0.46662501
0.148875 -0.014875 0.46662501
0.149875 -0.017124999 0.465875
0.14812499 -0.018874999 0.467125
0.14812499 -0.018124999 0.467125
0.148875 -0.018124999 0.46662501
0.14812499 -0.017124999 0.467125
0.148875 -0.017124999 0.46662501
0.151875 -0.011125 0.46487501
0.151875 -0.010125 0.46487501
0.150125 -0.011875 0.46612501
0.150875 -0.011875 0.46537501
0.150875 -0.011375 0.46537501
0.15162501 -0.013875 0.464625
0.151875 -0.011875 0.46487501
0.150125 -0.012875 0.46612501
0.150875 -0.014875 0.46537501
0.150875 -0.013875 0.46537501
0.150875 -0.012875 0.46537501
0.151875 -0.012875 0.46487501
0.15287501 -0.013875 0.46412501
0.15287501 -0.012875 0.46412501
0.149875 -0.018874999 0.465875
0.118125 0.00012500001 0.488875
0.118875 0.00012500001 0.48962501
0.118125 -0.001125 0.48862499
0.120125 -0.001125 0.48987499
0.120125 -0.0023749999 0.48987499
0.118875 -0.001125 0.489375
0.122125 0.0048750001 0.487625
0.122125 0.0046250001 0.488875
0.122875 0.0051250001 0.48712501
0.124125 0.0051250001 0.48712501
0.122875 0.0048750001 0.487625
0.124125 0.0048750001 0.487625
0.122875 0.0046250001 0.488875
0.12512501 0.0048750001 0.487625
0.124125 0.0046250001 0.488875
0.124875 0.0046250001 0.488875
0.122875 0.004375 0.490125
0.124125 0.004375 0.490125
0.124875 0.004375 0.490125
0.125875 0.0046250001 0.488875
0.125875 0.0046250001 0.490125
0.122875 0.0058749998 0.48387501
0.124125 0.0058749998 0.48387501
0.122875 0.0056250002 0.48512501
0.124125 0.0056250002 0.48512501
0.138375 0.0048750001 0.46412501
0.138125 0.0048750001 0.46287501
0.138125 0.0046250001 0.462125
0.138625 0.0036249999 0.462125
0.13887499 0.0038749999 0.46287501
0.13887499 0.0036249999 0.46062499
0.13987499 0.003125 0.462125
0.13987499 0.003125 0.46287501
0.14012501 0.003125 0.46412501
0.14112499 0.002625 0.462625
0.138125 0.0038749999 0.45912501
0.13887499 0.0038749999 0.45912501
0.13987499 0.0036249999 0.45912501
0.13887499 0.0036249999 0.460125
0.13987499 0.0033750001 0.460125
0.13987499 0.003125 0.460875
0.14112499 0.002625 0.462125
0.141875 0.002875 0.458875
0.140875 0.003125 0.460125
0.14112499 0.003125 0.45912501
0.143125 0.002625 0.45912501
0.143875 0.0023749999 0.45912501
0.141875 0.002875 0.460125
0.143125 0.002625 0.460125
0.14112499 0.002875 0.460875
0.141875 0.002625 0.46062499
0.106875 -0.018124999 0.47687501
0.106875 -0.017124999 0.47687501
0.122125 0.0061249998 0.481875
0.127875 -0.001125 0.490125
0.129875 -0.001125 0.48962501
0.140875 0.0021250001 0.46487501
0.14112499 0.002625 0.46412501
0.141625 0.001875 0.46412501
0.141875 0.001125 0.46487501
0.141625 0.00087500003 0.465875
0.142875 0.001875 0.46187499
0.141875 0.001875 0.46287501
0.143875 0.0021250001 0.460125
0.143125 0.0023749999 0.46062499
0.141875 0.0023749999 0.462125
0.143125 0.001625 0.462625
0.142875 0.00012500001 0.46612501
0.143875 -0.001375 0.46687499
0.141875 0.00012500001 0.467125
0.143125 0.00062499999 0.46487501
0.143125 -0.000375 0.467125
0.143875 0.00012500001 0.46487501
0.145125 -0.00012500001 0.464625
0.143875 -0.000375 0.465875
0.144875 -0.001375 0.465875
0.14587501 -0.0021250001 0.46612501
0.144875 -0.0021250001 0.467125
0.144875 0.001875 0.45987499
0.14362501 0.001875 0.46062499
0.145125 0.001625 0.46062499
0.143875 0.001625 0.462125
0.145125 0.001125 0.462125
0.143875 0.001125 0.46287501
0.144875 0.00087500003 0.462625
0.14587501 0.000375 0.462625
0.143125 0.001125 0.46412501
0.14362501 0.00087500003 0.463875
0.145125 0.000375 0.46412501
0.14587501 0.001625 0.460125
0.14587501 0.001125 0.460875
0.145625 0.00087500003 0.46187499
0.148875 0.001125 0.45912501
0.14812499 0.001375 0.45912501
0.150125 0.00062499999 0.45912501
0.14587501 -0.00012500001 0.463875
0.14587501 -0.001125 0.46487501
0.147875 -0.001375 0.463875
0.14687499 -0.00062499999 0.46412501
0.14687499 -0.001375 0.464625
0.14687499 0.00012500001 0.46287501
0.14812499 -0.000375 0.462625
0.148875 -0.001125 0.46287501
0.148875 -0.0021250001 0.46412501
0.150125 -0.001375 0.462625
0.14687499 0.00087500003 0.460875
0.14687499 0.00062499999 0.462125
0.14812499 0.001125 0.460125
0.14687499 0.001375 0.460125
0.148875 0.00062499999 0.460125
0.14812499 0.00062499999 0.46062499
0.148875 0.00012500001 0.460875
0.14812499 0.00012500001 0.462125
0.150125 0.000375 0.460125
0.149875 -0.00012500001 0.46062499
0.148875 -0.00012500001 0.46187499
0.150125 -0.00062499999 0.462125
0.150875 -0.00012500001 0.45987499
0.150875 -0.00062499999 0.46062499
0.151875 -0.00012500001 0.458875
0.150875 0.000375 0.45912501
0.15287501 -0.000375 0.45912501
0.152125 -0.000375 0.460125
0.15287501 -0.001125 0.460125
0.15387499 -0.001125 0.45912501
0.145125 0.0021250001 0.45912501
0.122875 0.0061249998 0.481875
0.120125 0.0076250001 0.47887501
0.120875 0.006875 0.479875
0.122125 0.0066249999 0.48012501
0.122875 0.0063749999 0.48012501
0.122125 0.0061249998 0.48087499
0.122875 0.0061249998 0.48087499
0.122875 0.0058749998 0.483125
0.124125 0.0058749998 0.483125
0.12512501 0.0058749998 0.48387501
0.12512501 0.0061249998 0.48087499
0.124125 0.0061249998 0.481875
0.12512501 0.0061249998 0.481875
0.12512501 0.0058749998 0.483125
0.124125 0.0063749999 0.48012501
0.148875 -0.019874999 0.46637499
0.148875 -0.018874999 0.46662501
0.129875 0.00012500001 0.48987499
0.15287501 -0.010125 0.46412501
0.15287501 -0.011125 0.46412501
0.129875 0.001125 0.48987499
0.15387499 -0.010375 0.46362501
0.15387499 -0.0091249999 0.46362501
0.129875 -0.0033750001 0.488875
0.128875 -0.003125 0.48962501
0.15387499 -0.0081249997 0.463375
0.129875 -0.0021250001 0.489375
0.15387499 -0.007125 0.463375
0.154875 -0.0091249999 0.46287501
0.154875 -0.0081249997 0.46287501
0.13087501 -0.0023749999 0.488875
0.132875 -0.001125 0.486875
0.13187499 -0.001125 0.48787501
0.13087501 -0.001125 0.488875
0.154875 -0.006875 0.462625
0.13787501 0.0088750003 0.46612501
0.136875 0.0078750001 0.46412501
0.15387499 -0.011875 0.46362501
0.15387499 -0.011375 0.46362501
0.155875 -0.0091249999 0.46237499
0.155875 -0.0081249997 0.46237499
0.15387499 -0.013875 0.46362501
0.15387499 -0.012875 0.46362501
0.13787501 0.0081249997 0.46487501
0.135875 0.0091249999 0.46312499
0.137375 0.007125 0.46412501
0.131125 0.00012500001 0.488875
0.15287501 -0.011875 0.46412501
0.131125 -0.004125 0.48787501
0.13087501 -0.003125 0.48837501
0.132625 -0.0021250001 0.486875
0.131625 -0.003125 0.48787501
0.138125 0.0058749998 0.464625
0.13187499 -0.0021250001 0.48787501
0.13212501 -0.003125 0.48712501
0.133875 -0.004125 0.485625
0.133875 -0.003125 0.485625
0.133875 -0.0021250001 0.48587501
0.13212501 -0.004125 0.48712501
0.155875 -0.011375 0.46237499
0.156875 -0.0091249999 0.46187499
0.157875 -0.0091249999 0.460875
0.155875 -0.010375 0.46237499
0.156875 -0.010375 0.46187499
0.132875 -0.004125 0.486375
0.132875 -0.003125 0.48662499
0.102875 0.001125 0.47187501
0.13212501 0.0021250001 0.48787501
0.102875 0.00012500001 0.47312501
0.102875 0.0036249999 0.46762499
0.102875 0.004375 0.467125
0.102875 0.0036249999 0.469125
0.131125 0.001125 0.488875
0.132875 0.00012500001 0.48712501
0.13212501 0.00012500001 0.48787501
0.13212501 0.001125 0.48787501
0.132875 0.001125 0.48712501
0.133875 0.0021250001 0.48587501
0.132875 0.0021250001 0.48712501
0.133875 0.00012500001 0.48587501
0.133875 0.001125 0.48587501
0.133875 0.003125 0.48587501
0.134875 0.0021250001 0.48512501
0.134875 0.003125 0.48512501
0.135875 -0.001125 0.48387501
0.134625 -0.003125 0.48462501
0.134875 -0.0021250001 0.48487499
0.134875 -0.001125 0.48487499
0.107875 -0.012875 0.47812501
0.107625 -0.011875 0.47787499
0.107625 -0.011375 0.47787499
0.133875 -0.001125 0.48587501
0.134875 0.00012500001 0.48487499
0.136875 0.00012500001 0.48287499
0.136875 0.001125 0.48287499
0.135875 0.00012500001 0.48387501
0.125875 0.006875 0.47787499
0.124875 0.0066249999 0.47887501
0.107875 0.0081249997 0.46762499
0.107625 0.0081249997 0.469125
0.108125 0.0086249998 0.469125
0.106125 0.0038749999 0.47187501
0.106125 0.0038749999 0.47312501
0.106375 0.0048750001 0.47312501
0.102875 0.002875 0.469625
0.125875 0.0066249999 0.47887501
0.102875 0.0021250001 0.47112501
0.104125 0.002875 0.469625
0.104125 0.001875 0.47087499
0.104125 0.0038749999 0.46762499
0.104125 0.0033750001 0.469125
0.104125 0.004375 0.467125
0.104875 0.0038749999 0.46762499
0.104875 0.0033750001 0.469125
0.106125 0.0036249999 0.469125
0.104875 0.0021250001 0.47112501
0.106125 0.003125 0.47187501
0.104875 0.002875 0.469625
0.106375 0.0038749999 0.46987501
0.105875 0.003125 0.46987501
0.106125 0.002875 0.47112501
0.106625 0.007125 0.474875
0.107125 0.0078750001 0.47387499
0.106625 0.007125 0.47312501
0.106625 0.007125 0.47387499
0.107125 0.0078750001 0.47312501
0.108125 0.0083750002 0.47387499
0.107125 0.0078750001 0.47112501
0.107125 0.0078750001 0.47187501
0.108125 0.0086249998 0.47187501
0.108125 0.0083750002 0.47312501
0.106625 0.0058749998 0.47687501
0.106375 0.0058749998 0.47312501
0.106375 0.0058749998 0.47387499
0.124875 0.0063749999 0.48012501
0.106375 0.0058749998 0.474875
0.106625 0.0058749998 0.47587499
0.106375 0.0038749999 0.47387499
0.106375 0.0048750001 0.47387499
0.106375 0.002875 0.474875
0.126875 0.007375 0.47687501
0.126875 0.007125 0.47787499
0.12712499 0.006875 0.47887501
0.127875 0.006875 0.478625
0.125875 0.0063749999 0.48012501
0.126875 0.0063749999 0.48012501
0.127875 0.0066249999 0.48012501
0.127875 0.0063749999 0.48087499
0.128875 0.0063749999 0.48087499
0.129875 0.0063749999 0.481875
0.127875 0.0083750002 0.47187501
0.128875 0.0083750002 0.47187501
0.129875 0.0083750002 0.47187501
0.13087501 0.0086249998 0.47187501
0.13212501 0.0086249998 0.47187501
0.127875 0.0081249997 0.47312501
0.129125 0.0081249997 0.47312501
0.129875 0.0083750002 0.47312501
0.13087501 0.0083750002 0.47312501
0.13212501 0.0086249998 0.47312501
0.127875 0.0078750001 0.47387499
0.129125 0.0081249997 0.474125
0.129875 0.0081249997 0.474125
0.127875 0.0078750001 0.474875
0.129125 0.0078750001 0.474875
0.126875 0.0076250001 0.47587499
0.128875 0.007125 0.47887501
0.127875 0.007375 0.47687501
0.128875 0.0076250001 0.47687501
0.127875 0.007125 0.47812501
0.128875 0.007375 0.47787499
0.129875 0.007375 0.47787499
0.13087501 0.0076250001 0.47787499
0.13212501 0.0076250001 0.47787499
0.132875 0.0076250001 0.47787499
0.12962499 0.007125 0.47887501
0.131125 0.007125 0.47887501
0.13212501 0.007375 0.47887501
0.128875 0.0066249999 0.48012501
0.129875 0.006875 0.48012501
0.131125 0.006875 0.479875
0.129875 0.0066249999 0.48087499
0.13087501 0.0066249999 0.48087499
0.13887499 0.00012500001 0.480625
0.13787501 0.00012500001 0.481875
0.13987499 -0.003125 0.47887501
0.140625 -0.0051250001 0.47587499
0.140375 -0.004125 0.47687501
0.140375 -0.003125 0.47687501
0.14012501 -0.003125 0.47812501
0.140375 -0.0058749998 0.47687501
0.140375 -0.0051250001 0.47687501
0.13987499 -0.006875 0.47787499
0.13987499 -0.0058749998 0.47812501
0.13987499 -0.0048750001 0.47812501
0.14012501 -0.004125 0.47812501
0.140875 -0.0048750001 0.47387499
0.140875 -0.0048750001 0.474875
0.140875 -0.004125 0.474875
0.140625 -0.004125 0.47587499
0.140625 -0.003125 0.47587499
0.14112499 -0.0048750001 0.47312501
0.140875 -0.006875 0.474125
0.14112499 -0.0058749998 0.474125
0.140875 -0.0058749998 0.474875
0.14137501 -0.0051250001 0.47187501
0.141875 -0.004375 0.47087499
0.142875 -0.004125 0.46987501
0.142125 -0.0051250001 0.47112501
0.142875 -0.0058749998 0.47087499
0.141875 -0.0058749998 0.47137499
0.143125 -0.0051250001 0.47062501
0.14362501 -0.0051250001 0.469625
0.143875 -0.0058749998 0.46987501
0.108875 -0.020874999 0.47812501
0.108875 -0.019874999 0.47812501
0.109625 -0.019874999 0.47887501
0.108875 -0.021875 0.47787499
0.141625 -0.0058749998 0.47187501
0.14112499 -0.0058749998 0.47312501
0.141625 -0.007125 0.471625
0.109875 -0.023125 0.478625
0.109875 -0.021875 0.47887501
0.14137501 -0.007125 0.47312501
0.142875 -0.007125 0.47087499
0.109625 -0.020874999 0.47912499
0.110875 -0.021875 0.48012501
0.110375 -0.020874999 0.48012501
0.142875 -0.0091249999 0.47087499
0.102875 -0.025125001 0.476625
0.104125 -0.025125001 0.47687501
0.104875 -0.025125001 0.47687501
0.102875 -0.024125 0.476625
0.142875 -0.0081249997 0.47087499
0.120875 0.0056250002 0.48512501
0.143875 -0.0091249999 0.46987501
0.122125 0.0056250002 0.48512501
0.104125 -0.024125 0.476625
0.122125 0.0058749998 0.48387501
0.118125 0.0066249999 0.48087499
0.102875 -0.023125 0.476625
0.104875 -0.024125 0.47687501
0.104125 -0.023125 0.476625
0.104875 -0.023125 0.47687501
0.102875 -0.021875 0.476625
0.104125 -0.021875 0.476625
0.104875 -0.021875 0.47687501
0.104125 -0.020874999 0.476625
0.104875 -0.020874999 0.47687501
0.104125 -0.019874999 0.476625
0.104875 -0.019874999 0.47687501
0.104875 -0.018874999 0.476625
0.106125 -0.024125 0.47687501
0.106125 -0.023125 0.47687501
0.106125 -0.021875 0.47687501
0.106125 -0.020874999 0.47687501
0.106875 -0.020874999 0.47687501
0.106125 -0.019874999 0.47687501
0.106875 -0.019874999 0.47687501
0.106125 -0.018874999 0.47687501
0.109875 0.0058749998 0.45912501
0.109875 0.0058749998 0.460125
0.110875 0.0058749998 0.45912501
0.111875 0.0061249998 0.45912501
0.102875 -0.0058749998 0.47562501
0.102875 -0.0051250001 0.475375
0.102875 -0.004125 0.47512501
0.13212501 0.010125 0.460875
0.132625 0.0078750001 0.460125
0.132875 0.0088750003 0.460875
0.143875 -0.0081249997 0.46987501
0.143875 -0.006875 0.46987501
0.143875 -0.004125 0.469125
0.145625 -0.004125 0.46762499
0.145125 -0.004125 0.468375
0.134875 0.0091249999 0.46237499
0.117125 0.0053750002 0.48587501
0.102875 -0.0033750001 0.47462499
0.102875 -0.0021250001 0.47437501
0.102875 -0.001375 0.47387499
0.144875 -0.0048750001 0.46887499
0.104125 0.001125 0.47187501
0.104125 -0.001375 0.47387499
0.104875 -0.001375 0.47387499
0.104125 -0.00012500001 0.472875
0.14587501 -0.003125 0.467125
0.144875 -0.0033750001 0.46762499
0.147875 -0.0051250001 0.46687499
0.104125 -0.0021250001 0.47437501
0.104875 -0.0021250001 0.47437501
0.105875 -0.001125 0.474125
0.14587501 -0.0048750001 0.467875
0.102875 -0.007125 0.47587499
0.14687499 -0.0051250001 0.46737501
0.148875 -0.0048750001 0.46612501
0.150125 -0.0051250001 0.46562499
0.148625 -0.004125 0.465875
0.143875 -0.010125 0.46987501
0.104125 -0.007125 0.47587499
0.104125 -0.0058749998 0.47562501
0.104875 -0.0058749998 0.47562501
0.104125 -0.0051250001 0.475375
0.106125 -0.0023749999 0.47462499
0.106375 -0.003125 0.47587499
0.104125 -0.013875 0.47637501
0.104875 -0.013875 0.476625
0.104875 -0.017124999 0.476625
0.104125 -0.016375 0.476625
0.106375 -0.004125 0.47587499
0.104875 -0.016375 0.476625
0.104125 -0.014875 0.476625
0.106625 -0.004125 0.47687501
0.106875 -0.0058749998 0.47687501
0.106875 -0.0048750001 0.47687501
0.107625 -0.004125 0.47887501
0.107625 -0.003125 0.47887501
0.108125 -0.004125 0.479875
0.108125 -0.003125 0.479875
0.104125 -0.0033750001 0.47462499
0.104875 -0.0033750001 0.47462499
0.104125 -0.004125 0.47512501
0.104875 -0.004125 0.47512501
0.105875 -0.003125 0.474875
0.106125 -0.004125 0.475375
0.104875 -0.0051250001 0.475375
0.104875 -0.014875 0.476625
0.106125 -0.0051250001 0.47587499
0.106125 -0.014875 0.476625
0.106125 -0.017124999 0.47687501
0.106125 -0.016375 0.476625
0.106125 -0.0058749998 0.47587499
0.106375 0.002875 0.47587499
0.106625 0.002875 0.47687501
0.106625 0.0038749999 0.47687501
0.106625 0.0048750001 0.47687501
0.106125 0.0021250001 0.472875
0.106125 0.003125 0.47312501
0.106375 0.002875 0.47387499
0.106125 0.0021250001 0.474125
0.157875 -0.003125 0.45912501
0.159125 -0.004125 0.45912501
0.106375 0.0021250001 0.474875
0.145125 -0.011375 0.469125
0.145125 -0.010375 0.469125
0.14687499 -0.010125 0.467875
0.14587501 -0.011375 0.46862501
0.14687499 -0.011125 0.467875
0.14587501 -0.010375 0.46862501
0.14812499 -0.010375 0.46737501
0.14812499 -0.011375 0.46737501
0.14687499 -0.0091249999 0.467875
0.14687499 -0.0081249997 0.467875
0.145125 -0.0091249999 0.469125
0.145125 -0.006875 0.469125
0.145125 -0.0058749998 0.469125
0.14587501 -0.0091249999 0.46862501
0.14812499 -0.0091249999 0.46737501
0.145125 -0.0081249997 0.469125
0.14587501 -0.0081249997 0.46862501
0.133875 0.0056250002 0.45912501
0.134625 0.0058749998 0.460125
0.102875 -0.020874999 0.476625
0.102875 -0.019874999 0.476625
0.102875 -0.018874999 0.476625
0.150125 -0.0081249997 0.465875
0.149875 -0.006875 0.465875
0.150875 -0.007125 0.46537501
0.149875 -0.0058749998 0.465875
0.150875 -0.0058749998 0.46487501
0.148875 -0.011125 0.46687499
0.148625 -0.010375 0.46687499
0.150125 -0.011125 0.46612501
0.150125 -0.010125 0.46612501
0.150875 -0.010375 0.46537501
0.150875 -0.0091249999 0.46562499
0.14687499 -0.003125 0.46612501
0.112875 0.007125 0.458875
0.14687499 -0.004125 0.467125
0.14812499 -0.0033750001 0.465875
0.14812499 -0.004125 0.46637499
0.14687499 -0.0021250001 0.46562499
0.147875 -0.0023749999 0.464625
0.148875 -0.003125 0.46487501
0.15062501 -0.0033750001 0.463875
0.152125 -0.003125 0.46287501
0.150125 -0.003125 0.46437499
0.134875 0.0053750002 0.460125
0.134875 0.0048750001 0.458875
0.13412499 0.0081249997 0.460875
0.13662501 0.0058749998 0.462125
0.150875 -0.0023749999 0.46287501
0.150125 -0.0023749999 0.463875
0.15162501 -0.004125 0.463875
0.150125 -0.004125 0.46487501
0.150875 -0.004125 0.46437499
0.111875 -0.023125 0.48087499
0.113125 -0.024125 0.48162499
0.111875 -0.025125001 0.48012501
0.111125 -0.024125 0.479875
0.110875 -0.023125 0.48012501
0.112875 -0.025374999 0.48087499
0.112125 -0.024125 0.480625
0.150875 -0.0051250001 0.46487501
0.113875 -0.025374999 0.481875
0.152125 -0.0021250001 0.462125
0.15062501 -0.001125 0.46187499
0.115625 -0.018124999 0.48512501
0.115125 -0.017124999 0.48462501
0.151875 -0.001375 0.460875
0.15287501 -0.003125 0.462125
0.15287501 -0.001875 0.46112499
0.153625 -0.0023749999 0.46062499
0.15387499 -0.001375 0.460125
0.153625 -0.0033750001 0.46187499
0.15287501 -0.004375 0.46287501
0.152125 -0.0048750001 0.46412501
0.110875 -0.025125001 0.47912499
0.118875 0.0066249999 0.48087499
0.115625 -0.017124999 0.48537499
0.113875 -0.016124999 0.48387501
0.115125 -0.016124999 0.48487499
0.113625 -0.014875 0.48412499
0.115125 -0.014875 0.48487499
0.114875 -0.014125 0.48487499
0.116875 -0.016124999 0.48587501
0.115625 -0.016375 0.48537499
0.120125 0.0063749999 0.48087499
0.118875 0.0063749999 0.481875
0.120125 0.0061249998 0.481875
0.120875 0.0061249998 0.481875
0.120125 0.0056250002 0.48287499
0.120875 0.0061249998 0.483125
0.122125 0.0061249998 0.483125
0.118875 0.007125 0.48012501
0.120125 0.007125 0.48012501
0.120875 0.0063749999 0.48087499
0.116625 0.00012500001 0.488125
0.115875 0.001125 0.487625
0.117125 0.00087500003 0.48837501
0.115625 -0.014875 0.485625
0.135875 0.006875 0.462125
0.134875 0.0081249997 0.46187499
0.136125 0.0058749998 0.461375
0.133875 0.006875 0.460125
0.134625 0.006875 0.460875
0.135125 0.0058749998 0.46062499
0.136125 0.0081249997 0.462625
0.114875 -0.012875 0.48512501
0.116125 0.0021250001 0.487625
0.14587501 -0.007125 0.468375
0.14812499 -0.0081249997 0.467125
0.113875 -0.018874999 0.48387501
0.117125 0.0038749999 0.487625
0.118125 0.0046250001 0.487625
0.118125 0.0038749999 0.48837501
0.118875 0.0036249999 0.488875
0.14687499 -0.006875 0.467875
0.140875 0.0021250001 0.47687501
0.148625 -0.0091249999 0.46687499
0.148875 -0.0081249997 0.46662501
0.140375 0.00087500003 0.47787499
0.140625 0.0021250001 0.47787499
0.118875 0.003125 0.488875
0.120125 0.002875 0.48962501
0.118875 0.0021250001 0.48962501
0.118875 0.001125 0.48987499
0.120875 0.0021250001 0.49037501
0.120125 0.001875 0.48987499
0.140875 0.00012500001 0.474875
0.140875 0.001125 0.474875
0.140875 0.0021250001 0.474875
0.140875 0.001125 0.476125
0.140875 0.0021250001 0.476125
0.145625 0.001875 0.45912501
0.14687499 0.001625 0.45912501
0.14812499 -0.006875 0.467125
0.140875 0.003125 0.476125
0.140875 0.003125 0.47687501
0.129125 0.0061249998 0.481875
0.127875 0.0058749998 0.483125
0.129125 0.0058749998 0.48287499
0.128875 0.0056250002 0.48387501
0.140375 0.0048750001 0.47112501
0.140375 0.0058749998 0.47112501
0.140625 0.0048750001 0.47187501
0.140625 0.0058749998 0.47187501
0.140625 0.0048750001 0.47312501
0.140375 0.0038749999 0.46987501
0.14012501 0.0048750001 0.46987501
0.140625 0.002875 0.47112501
0.140375 0.0038749999 0.47112501
0.140875 0.003125 0.47187501
0.140625 0.0038749999 0.47187501
0.140875 0.0038749999 0.47312501
0.13987499 0.0038749999 0.467875
0.13987499 0.0038749999 0.46887499
0.13987499 0.0048750001 0.469125
0.140375 0.002875 0.46987501
0.140875 0.003125 0.47312501
0.140875 0.003125 0.474125
0.140875 0.0038749999 0.474125
0.140375 0.0021250001 0.469125
0.14012501 0.003125 0.469125
0.140625 0.0021250001 0.46987501
0.13987499 0.003125 0.467125
0.13987499 0.003125 0.46762499
0.118875 0.010625 0.45912501
0.13987499 0.0021250001 0.467125
0.140375 0.0021250001 0.467875
0.140375 0.0021250001 0.465875
0.117875 0.010125 0.458875
0.118875 0.010125 0.45862499
0.120125 0.010125 0.45862499
0.120875 0.010125 0.45837501
0.122125 0.010125 0.45837501
0.117125 0.0021250001 0.48837501
0.117875 0.00087500003 0.488875
0.118125 0.0021250001 0.488875
0.120875 0.010875 0.45912501
0.122125 0.010875 0.45912501
0.124125 0.0091249999 0.45837501
0.122875 0.010125 0.458875
0.124125 0.010125 0.45862499
0.124125 0.010875 0.45912501
0.12512501 0.010875 0.458875
0.129875 0.0058749998 0.483125
0.129875 0.0058749998 0.48387501
0.132875 0.007375 0.47887501
0.13212501 0.007125 0.48012501
0.132875 0.007125 0.48012501
0.13212501 0.0066249999 0.48087499
0.132875 0.006875 0.48087499
0.13087501 0.0063749999 0.481875
0.120875 0.00012500001 0.49062499
0.122125 -0.0021250001 0.49062499
0.122875 -0.0021250001 0.49087501
0.122125 -0.001125 0.49062499
0.122875 -0.001125 0.49087501
0.121875 0.00087500003 0.49087501
0.122125 0.0021250001 0.49087501
0.122125 0.00012500001 0.49087501
0.122875 0.00012500001 0.49087501
0.124125 0.00012500001 0.49087501
0.122875 0.00087500003 0.49087501
0.124125 0.001125 0.49112499
0.124125 0.003125 0.49087501
0.104125 -0.018874999 0.476625
0.102875 -0.018124999 0.476625
0.104125 -0.018124999 0.476625
0.104875 -0.018124999 0.476625
0.102875 -0.017124999 0.47637501
0.104125 -0.017124999 0.476625
0.102875 -0.016375 0.47637501
0.102875 -0.014875 0.47637501
0.122875 0.0021250001 0.49087501
0.124125 0.0021250001 0.49112499
0.12512501 0.003125 0.49087501
0.12512501 0.0021250001 0.49112499
0.12512501 0.00012500001 0.49087501
0.12512501 0.00087500003 0.49087501
0.119875 0.00012500001 0.490125
0.120125 0.00087500003 0.49037501
0.120125 0.0046250001 0.488875
0.120125 0.0038749999 0.489375
0.120875 0.0036249999 0.48987499
0.122125 0.004125 0.490125
0.120875 0.003125 0.490125
0.122125 0.002875 0.49062499
0.120875 0.001125 0.49087501
0.122875 0.0038749999 0.49062499
0.122875 0.003125 0.49087501
0.124125 0.0038749999 0.49087501
0.115125 0.0038749999 0.48662499
0.125875 0.001125 0.49087501
0.120875 -0.0021250001 0.49037501
0.120875 -0.001125 0.49037501
0.120625 -0.0033750001 0.48987499
0.115875 0.0046250001 0.486875
0.116875 0.0048750001 0.48712501
0.119875 -0.0051250001 0.48912501
0.120125 -0.004125 0.489375
0.109875 -0.004125 0.481875
0.108875 -0.004125 0.48087499
0.109875 -0.0021250001 0.48287499
0.109875 -0.001125 0.483125
0.110875 -0.003125 0.483125
0.110875 -0.001375 0.48387501
0.111125 -0.0021250001 0.48362499
0.120875 -0.004125 0.48987499
0.109875 -0.0048750001 0.481875
0.110875 -0.0048750001 0.483125
0.120875 -0.0058749998 0.489375
0.108875 -0.0048750001 0.48087499
0.120875 -0.0051250001 0.48962501
0.122125 -0.003125 0.49037501
0.124125 -0.0021250001 0.49087501
0.124125 -0.001125 0.49087501
0.12512501 -0.001125 0.49087501
0.110375 -0.011875 0.481875
0.125875 -0.001125 0.49062499
0.125875 0.00012500001 0.49062499
0.126875 0.00012500001 0.49062499
0.111875 -0.004125 0.48387501
0.111625 -0.003125 0.48412499
0.112625 -0.0021250001 0.48512501
0.112125 -0.001125 0.48462501
0.111625 -0.0021250001 0.484375
0.110875 0.00012500001 0.48412499
0.110875 0.00087500003 0.48412499
0.111875 0.00012500001 0.48487499
0.111875 0.001125 0.48512501
0.113625 0.002875 0.48612499
0.113125 0.001875 0.48587501
0.115125 0.002875 0.486875
0.113625 0.0021250001 0.48662499
0.113125 0.001125 0.48587501
0.113125 0.00012500001 0.485625
0.113625 0.00087500003 0.48662499
0.114875 0.001125 0.48712501
0.110875 -0.004125 0.483125
0.111625 -0.013875 0.483125
0.106875 -0.018874999 0.47687501
0.106125 -0.025125001 0.47687501
0.111875 -0.0048750001 0.48387501
0.106875 -0.024125 0.47687501
0.110875 -0.006875 0.483125
0.106875 -0.023125 0.47687501
0.106875 -0.021875 0.47687501
0.111875 -0.0058749998 0.48387501
0.107875 -0.020874999 0.47687501
0.107875 -0.019874999 0.47687501
0.107875 -0.018874999 0.47687501
0.106875 -0.025125001 0.47687501
0.107875 -0.021875 0.47687501
0.138125 0.007125 0.464625
0.106875 0.006875 0.476625
0.106875 0.007125 0.476125
0.107375 0.007125 0.47787499
0.107875 0.007125 0.47887501
0.106875 0.0038749999 0.47887501
0.106875 0.003125 0.47812501
0.106875 0.003125 0.478625
0.107375 0.002875 0.48012501
0.106875 0.00012500001 0.47812501
0.106875 0.001125 0.47812501
0.111125 -0.0091249999 0.48287499
0.110875 -0.0081249997 0.483125
0.111875 -0.0081249997 0.48387501
0.111875 -0.006875 0.48387501
0.111625 -0.011375 0.48362499
0.112125 -0.010375 0.48362499
0.111875 -0.0091249999 0.48387501
0.113875 -0.001125 0.48587501
0.115625 -0.0021250001 0.48712501
0.115125 -0.0021250001 0.48662499
0.113125 -0.004125 0.48487499
0.112875 -0.003125 0.48512501
0.114625 -0.004125 0.48612499
0.113875 -0.0021250001 0.48587501
0.115625 -0.0033750001 0.48712501
0.113625 -0.004125 0.485625
0.106875 0.0021250001 0.47812501
0.107375 0.00087500003 0.47887501
0.107125 0.0021250001 0.47887501
0.107625 0.0021250001 0.48012501
0.108125 0.0056250002 0.480625
0.109875 0.007375 0.48012501
0.109875 0.006875 0.48087499
0.111125 0.006875 0.48087499
0.107375 0.0058749998 0.47887501
0.107625 0.0058749998 0.48012501
0.138125 0.0091249999 0.469125
0.138125 0.0091249999 0.46987501
0.138125 0.0091249999 0.47112501
0.13887499 0.0086249998 0.47187501
0.138625 0.0088750003 0.46987501
0.13887499 0.0086249998 0.47112501
0.13987499 0.0081249997 0.47187501
0.138125 0.0091249999 0.467125
0.138625 0.0088750003 0.469125
0.139375 0.0081249997 0.469125
0.152125 -0.0058749998 0.46437499
0.15262499 -0.0058749998 0.463875
0.113875 -0.003125 0.48587501
0.115125 -0.003125 0.486375
0.15287501 -0.0051250001 0.463375
0.150125 -0.0091249999 0.46612501
0.13987499 0.0056250002 0.469125
0.139375 0.007125 0.469125
0.14012501 0.0058749998 0.46987501
0.13987499 0.007125 0.469625
0.140375 0.007125 0.47112501
0.140625 0.007125 0.47187501
0.13787501 0.0056250002 0.46412501
0.150875 -0.0081249997 0.46537501
0.138625 0.0046250001 0.46487501
0.138625 0.007125 0.465875
0.138375 0.0081249997 0.465875
0.13887499 0.007125 0.46687499
0.13887499 0.0081249997 0.467125
0.13887499 0.0081249997 0.467875
0.111625 -0.012875 0.48337501
0.111625 -0.011875 0.48337501
0.113125 -0.001125 0.48537499
0.139375 0.0038749999 0.467125
0.139375 0.0038749999 0.465875
0.109875 -0.011125 0.481875
0.109875 -0.010125 0.481875
0.111125 -0.011375 0.48287499
0.111125 -0.010125 0.48287499
0.139125 0.004125 0.46412501
0.13987499 0.002875 0.465875
0.117125 0.0056250002 0.48512501
0.139375 0.0038749999 0.46487501
0.13987499 0.003125 0.46487501
0.13887499 0.0048750001 0.46612501
0.139375 0.0048750001 0.467125
0.139375 0.0048750001 0.467875
0.13887499 0.0056250002 0.46612501
0.139125 0.0058749998 0.467125
0.108875 -0.003125 0.48087499
0.110875 -0.015125 0.481875
0.139375 0.0058749998 0.467875
0.139375 0.007125 0.467875
0.13987499 0.0081249997 0.46987501
0.140875 0.001125 0.467875
0.140875 0.001125 0.46987501
0.140875 0.001125 0.469125
0.140875 0.00012500001 0.469125
0.14112499 0.00012500001 0.467875
0.13987499 0.0078750001 0.47112501
0.107875 -0.015125 0.47812501
0.107875 -0.013875 0.47812501
0.108625 -0.014875 0.47912499
0.108625 -0.013875 0.47887501
0.108375 -0.012875 0.47887501
0.14112499 0.001375 0.465875
0.109625 -0.016375 0.48012501
0.109375 -0.014875 0.48012501
0.109125 -0.013875 0.479875
0.108125 -0.017124999 0.47787499
0.108125 -0.016124999 0.47787499
0.108875 -0.017124999 0.47887501
0.108875 -0.016124999 0.47887501
0.140875 0.00087500003 0.46687499
0.140625 0.0021250001 0.47112501
0.14112499 -0.001125 0.47187501
0.140875 0.00012500001 0.47187501
0.140875 0.001125 0.47187501
0.14112499 -0.001125 0.47312501
0.140875 0.00012500001 0.47312501
0.14112499 -0.001125 0.474125
0.140875 0.00012500001 0.474125
0.140875 -0.00012500001 0.47112501
0.109875 -0.017124999 0.48012501
0.110625 -0.017124999 0.48087499
0.108125 -0.018124999 0.477375
0.138125 0.007375 0.47887501
0.108125 0.0066249999 0.48012501
0.108875 -0.012875 0.479875
0.113625 0.00012500001 0.48612499
0.115125 -0.001125 0.486875
0.114875 -0.00012500001 0.48712501
0.116875 -0.001125 0.48787501
0.115625 -0.001125 0.487625
0.115625 0.00012500001 0.487625
0.113125 -0.0048750001 0.48487499
0.114875 -0.006875 0.48587501
0.114875 -0.0058749998 0.48587501
0.115875 -0.004125 0.486875
0.113625 -0.0081249997 0.48512501
0.113625 -0.007125 0.48537499
0.113625 -0.0058749998 0.48537499
0.113625 -0.0051250001 0.485625
0.114875 -0.0048750001 0.48587501
0.117125 -0.0021250001 0.48787501
0.112625 -0.011375 0.48412499
0.114125 -0.011875 0.48462501
0.113875 -0.011125 0.48487499
0.113875 -0.010375 0.48487499
0.115875 -0.013875 0.48587501
0.115125 -0.011875 0.48537499
0.115125 -0.011375 0.485625
0.113125 -0.007125 0.48462501
0.113125 -0.010375 0.484375
0.113125 -0.0091249999 0.484375
0.113625 -0.0091249999 0.48512501
0.113125 -0.0081249997 0.484375
0.113125 -0.0058749998 0.48487499
0.115125 -0.0081249997 0.48587501
0.116875 -0.0091249999 0.48712501
0.116875 -0.0081249997 0.48712501
0.116625 -0.007125 0.48712501
0.116125 -0.0058749998 0.486875
0.115875 -0.0048750001 0.486875
0.115125 -0.0091249999 0.48587501
0.110375 -0.016375 0.48087499
0.115625 -0.0091249999 0.486375
0.115625 -0.0081249997 0.48662499
0.109875 -0.014875 0.480625
0.109875 -0.013875 0.48087499
0.109875 -0.012875 0.48087499
0.110875 -0.013875 0.481875
0.115625 -0.007125 0.48662499
0.110625 -0.012875 0.481875
0.117125 -0.0058749998 0.48737499
0.117125 -0.003125 0.487625
0.118125 -0.0021250001 0.48837501
0.118625 -0.0023749999 0.488875
0.117875 -0.004125 0.48787501
0.118875 -0.0033750001 0.488875
0.118875 -0.0051250001 0.48837501
0.118875 -0.004125 0.488875
0.118125 -0.003125 0.48837501
0.120125 -0.003125 0.48962501
0.118125 -0.0081249997 0.487625
0.118125 -0.0058749998 0.48787501
0.117875 -0.0048750001 0.48787501
0.118125 -0.006875 0.487625
0.118875 -0.007125 0.48837501
0.118875 -0.0058749998 0.48837501
0.117125 -0.0051250001 0.48737499
0.117125 -0.004125 0.487625
0.116625 -0.014875 0.48612499
0.115875 -0.012875 0.48587501
0.115625 -0.012125 0.48587501
0.108875 0.0058749998 0.481875
0.117125 -0.013875 0.486375
0.117125 -0.012875 0.48662499
0.117875 -0.012875 0.48712501
0.117125 -0.011875 0.48662499
0.115625 -0.011125 0.48587501
0.115125 -0.010375 0.485625
0.117625 -0.011875 0.48712501
0.117125 -0.010125 0.486875
0.117125 -0.011125 0.486875
0.118125 -0.011375 0.48737499
0.115625 -0.010375 0.486375
0.118125 -0.010375 0.48737499
0.118875 -0.010125 0.48787501
0.118875 -0.011125 0.48787501
0.118875 -0.011875 0.487625
0.120125 -0.011375 0.48837501
0.120125 -0.010375 0.48837501
0.119875 -0.0061249998 0.488875
0.118125 -0.0091249999 0.487625
0.118625 -0.0091249999 0.48787501
0.118875 -0.0081249997 0.48837501
0.120125 -0.0091249999 0.48837501
0.120125 -0.0081249997 0.48837501
0.120125 -0.006875 0.488875
0.120875 -0.006875 0.48912501
0.120875 -0.0083750002 0.488875
0.108625 -0.018124999 0.47787499
0.136875 0.007375 0.48012501
0.122125 -0.0091249999 0.488875
0.120875 -0.0091249999 0.488875
0.122125 -0.0081249997 0.48912501
0.138125 0.007125 0.48012501
0.120125 -0.011875 0.488125
0.120875 -0.011875 0.48837501
0.120875 -0.011375 0.48837501
0.122125 -0.011375 0.48837501
0.120875 -0.010375 0.48837501
0.122125 -0.010125 0.488875
0.122875 -0.011125 0.488875
0.122875 -0.010125 0.488875
0.109375 -0.018874999 0.47887501
0.118875 -0.013875 0.48737499
0.118875 -0.012875 0.487625
0.124125 -0.010125 0.488875
0.122875 -0.0091249999 0.488875
0.118875 -0.016375 0.48712501
0.118875 -0.014875 0.48737499
0.120125 -0.013875 0.48787501
0.120625 -0.014125 0.48787501
0.119875 -0.013125 0.48787501
0.122125 -0.017124999 0.48737499
0.122875 -0.0081249997 0.48912501
0.122125 -0.007125 0.489375
0.122125 -0.016375 0.487625
0.120875 -0.014875 0.48787501
0.104125 -0.010375 0.47637501
0.122125 -0.014875 0.487625
0.122125 -0.013875 0.488125
0.120875 -0.012875 0.488125
0.122125 -0.012875 0.48837501
0.124125 -0.012875 0.48837501
0.124875 -0.012875 0.48837501
0.122875 -0.011875 0.48837501
0.124125 -0.011875 0.48837501
0.124125 -0.011125 0.488875
0.122875 -0.012875 0.48837501
0.122125 -0.011875 0.48837501
0.122875 -0.014875 0.48787501
0.124125 -0.014875 0.48787501
0.122875 -0.016375 0.487625
0.122875 -0.013875 0.488125
0.124125 -0.013875 0.488125
0.12512501 -0.013875 0.488125
0.124875 -0.011875 0.48837501
0.125875 -0.011875 0.48837501
0.124875 -0.011375 0.48837501
0.125875 -0.011375 0.48837501
0.114875 -0.021125 0.48387501
0.115125 -0.023125 0.48362499
0.113625 -0.019874999 0.48362499
0.102875 -0.0091249999 0.476125
0.115125 -0.021875 0.48387501
0.115625 -0.021875 0.484375
0.115625 -0.020874999 0.484375
0.102875 -0.0081249997 0.476125
0.117125 -0.019874999 0.48537499
0.117125 -0.021875 0.48487499
0.116875 -0.021125 0.48487499
0.102875 -0.012875 0.47637501
0.115625 -0.023125 0.48387501
0.102875 -0.011875 0.47637501
0.117125 -0.023125 0.484375
0.102875 -0.011375 0.47637501
0.104125 -0.011375 0.47637501
0.111625 -0.021875 0.481125
0.102875 -0.010375 0.47637501
0.104875 -0.010375 0.47637501
0.104125 -0.0091249999 0.476125
0.112625 -0.021875 0.48212501
0.113125 -0.020874999 0.48262501
0.104875 -0.0091249999 0.476125
0.104125 -0.0081249997 0.476125
0.104875 -0.0081249997 0.476125
0.104875 -0.006875 0.47587499
0.106125 -0.0091249999 0.476125
0.106125 -0.0081249997 0.476125
0.104875 -0.012875 0.47637501
0.104875 -0.011875 0.47637501
0.104875 -0.011375 0.47637501
0.102875 -0.013875 0.47637501
0.114625 -0.024125 0.483125
0.113625 -0.024125 0.48262501
0.113125 -0.023125 0.481875
0.104125 -0.012875 0.47637501
0.104125 -0.011875 0.47637501
0.113875 -0.023125 0.48287499
0.113875 -0.022125 0.483125
0.113625 -0.020874999 0.483125
0.106125 -0.011875 0.47637501
0.106125 -0.010375 0.47637501
0.106875 -0.011375 0.47687501
0.106875 -0.010125 0.47687501
0.115875 -0.019125 0.48512501
0.115875 -0.019874999 0.48487499
0.106125 -0.011375 0.47637501
0.106875 -0.0081249997 0.47687501
0.106875 -0.006875 0.47687501
0.107875 -0.0051250001 0.47912499
0.108375 -0.0058749998 0.48012501
0.117125 -0.018874999 0.485625
0.117125 -0.018124999 0.485625
0.117125 -0.017124999 0.48587501
0.108375 -0.0051250001 0.48012501
0.107375 -0.0091249999 0.47787499
0.107375 -0.0081249997 0.47787499
0.107375 -0.007125 0.47787499
0.107125 -0.0058749998 0.47812501
0.106875 -0.0048750001 0.47787499
0.107875 -0.0081249997 0.47887501
0.107875 -0.006875 0.47887501
0.107875 -0.0058749998 0.47887501
0.108625 -0.0081249997 0.48012501
0.108375 -0.007125 0.48012501
0.108875 -0.006875 0.48087499
0.108875 -0.0058749998 0.48087499
0.106125 -0.006875 0.47587499
0.106875 -0.0091249999 0.47687501
0.117875 -0.014125 0.48712501
0.118125 -0.017124999 0.486375
0.118125 -0.016375 0.48662499
0.118125 -0.014875 0.486875
0.118875 -0.020125 0.48587501
0.118125 -0.018874999 0.48587501
0.106125 -0.013875 0.476625
0.118875 -0.018874999 0.486375
0.118125 -0.018124999 0.486375
0.115125 -0.025125001 0.48287499
0.115625 -0.025125001 0.48362499
0.110125 -0.019874999 0.479875
0.116875 -0.025125001 0.48387501
0.115875 -0.024125 0.48387501
0.117125 -0.024125 0.484375
0.106875 0.0058749998 0.47812501
0.106875 0.0038749999 0.47812501
0.106875 0.0048750001 0.47812501
0.106875 0.0048750001 0.47887501
0.118125 -0.025125001 0.484375
0.108125 0.007375 0.47787499
0.108875 0.007375 0.47887501
0.108625 0.007125 0.48012501
0.117875 -0.023375001 0.48512501
0.118875 -0.023125 0.48537499
0.118125 -0.021875 0.48537499
0.118875 -0.021875 0.485625
0.118125 -0.020874999 0.485625
0.118875 -0.020874999 0.48587501
0.119875 -0.020874999 0.48587501
0.118125 -0.019874999 0.485625
0.120125 -0.021875 0.48587501
0.120875 -0.021875 0.48612499
0.118875 -0.025125001 0.48487499
0.106125 -0.012875 0.47637501
0.108875 0.0066249999 0.48087499
0.118125 -0.024125 0.48487499
0.118875 -0.024125 0.48512501
0.122125 -0.025125001 0.485625
0.120875 -0.024125 0.485625
0.120125 -0.023125 0.48587501
0.120875 -0.023125 0.48587501
0.120125 -0.019874999 0.486375
0.120125 -0.018874999 0.48662499
